,mapping_framework,mapping_framework_version,capability_group,capability_id,capability_description,mapping_type,attack_object_id,attack_object_name,attack_version,technology_domain,score_category,score_value,related_score,references,comments,organization,creation_date,last_update
0,nist_800_53,rev5,,,,non_mappable,T1496.002,Bandwidth Hijacking,16.1,enterprise,,,,[],no mitiigations in att&ck,,01/13/2022,04/16/2025
1,nist_800_53,rev5,,,,non_mappable,T1496.004,Cloud Service Hijacking,16.1,enterprise,,,,[],no mitiigations in att&ck,,01/13/2022,04/16/2025
2,nist_800_53,rev5,,,,non_mappable,T1546.017,Udev Rules,16.1,enterprise,,,,[],No mitigations,,01/13/2022,04/16/2025
3,nist_800_53,rev5,,,,non_mappable,T1650,Acquire Access,16.1,enterprise,,,,[],,,01/13/2022,04/16/2025
4,nist_800_53,rev5,,,,non_mappable,T1566.004,Spearphishing Voice,16.1,enterprise,,,,[],,,01/13/2022,04/16/2025
5,nist_800_53,rev5,,,,non_mappable,T1583.001,Domains,16.1,enterprise,,,,[],,,01/13/2022,04/16/2025
6,nist_800_53,rev5,,,,non_mappable,T1583.002,DNS Server,16.1,enterprise,,,,[],,,01/13/2022,04/16/2025
7,nist_800_53,rev5,,,,non_mappable,T1583.003,Virtual Private Server,16.1,enterprise,,,,[],,,01/13/2022,04/16/2025
8,nist_800_53,rev5,,,,non_mappable,T1583.004,Server,16.1,enterprise,,,,[],,,01/13/2022,04/16/2025
9,nist_800_53,rev5,,,,non_mappable,T1583.005,Botnet,16.1,enterprise,,,,[],,,01/13/2022,04/16/2025
10,nist_800_53,rev5,,,,non_mappable,T1583.006,Web Services,16.1,enterprise,,,,[],,,01/13/2022,04/16/2025
11,nist_800_53,rev5,,,,non_mappable,T1583.007,Serverless,16.1,enterprise,,,,[],,,01/13/2022,04/16/2025
12,nist_800_53,rev5,,,,non_mappable,T1583.008,Malvertising,16.1,enterprise,,,,[],,,01/13/2022,04/16/2025
13,nist_800_53,rev5,,,,non_mappable,T1584,Compromise Infrastructure,16.1,enterprise,,,,[],,,01/13/2022,04/16/2025
14,nist_800_53,rev5,,,,non_mappable,T1584.001,Domains,16.1,enterprise,,,,[],,,01/13/2022,04/16/2025
15,nist_800_53,rev5,,,,non_mappable,T1584.002,DNS Server,16.1,enterprise,,,,[],,,01/13/2022,04/16/2025
16,nist_800_53,rev5,,,,non_mappable,T1584.003,Virtual Private Server,16.1,enterprise,,,,[],,,01/13/2022,04/16/2025
17,nist_800_53,rev5,,,,non_mappable,T1584.004,Server,16.1,enterprise,,,,[],,,01/13/2022,04/16/2025
18,nist_800_53,rev5,,,,non_mappable,T1584.005,Botnet,16.1,enterprise,,,,[],,,01/13/2022,04/16/2025
19,nist_800_53,rev5,,,,non_mappable,T1584.006,Web Services,16.1,enterprise,,,,[],,,01/13/2022,04/16/2025
20,nist_800_53,rev5,,,,non_mappable,T1584.007,Serverless,16.1,enterprise,,,,[],,,01/13/2022,04/16/2025
21,nist_800_53,rev5,,,,non_mappable,T1584.008,Network Devices,16.1,enterprise,,,,[],,,01/13/2022,04/16/2025
22,nist_800_53,rev5,,,,non_mappable,T1585,Establish Accounts,16.1,enterprise,,,,[],,,01/13/2022,04/16/2025
23,nist_800_53,rev5,,,,non_mappable,T1585.001,Social Media Accounts,16.1,enterprise,,,,[],,,01/13/2022,04/16/2025
24,nist_800_53,rev5,,,,non_mappable,T1585.002,Email Accounts,16.1,enterprise,,,,[],,,01/13/2022,04/16/2025
25,nist_800_53,rev5,,,,non_mappable,T1585.003,Cloud Accounts,16.1,enterprise,,,,[],,,01/13/2022,04/16/2025
26,nist_800_53,rev5,,,,non_mappable,T1586,Compromise Accounts,16.1,enterprise,,,,[],,,01/13/2022,04/16/2025
27,nist_800_53,rev5,,,,non_mappable,T1586.001,Social Media Accounts,16.1,enterprise,,,,[],,,01/13/2022,04/16/2025
28,nist_800_53,rev5,,,,non_mappable,T1588,Obtain Capabilities,16.1,enterprise,,,,[],,,01/13/2022,04/16/2025
29,nist_800_53,rev5,,,,non_mappable,T1588.001,Malware,16.1,enterprise,,,,[],,,01/13/2022,04/16/2025
30,nist_800_53,rev5,,,,non_mappable,T1589,Gather Victim Identity Information,16.1,enterprise,,,,[],,,01/13/2022,04/16/2025
31,nist_800_53,rev5,,,,non_mappable,T1589.001,Credentials,16.1,enterprise,,,,[],,,01/13/2022,04/16/2025
32,nist_800_53,rev5,,,,non_mappable,T1589.002,Email Addresses,16.1,enterprise,,,,[],,,01/13/2022,04/16/2025
33,nist_800_53,rev5,,,,non_mappable,T1589.003,Employee Names,16.1,enterprise,,,,[],,,01/13/2022,04/16/2025
34,nist_800_53,rev5,,,,non_mappable,T1590,Gather Victim Network Information,16.1,enterprise,,,,[],,,01/13/2022,04/16/2025
35,nist_800_53,rev5,,,,non_mappable,T1590.001,Domain Properties,16.1,enterprise,,,,[],,,01/13/2022,04/16/2025
36,nist_800_53,rev5,,,,non_mappable,T1590.003,Network Trust Dependencies,16.1,enterprise,,,,[],,,01/13/2022,04/16/2025
37,nist_800_53,rev5,,,,non_mappable,T1590.004,Network Topology,16.1,enterprise,,,,[],,,01/13/2022,04/16/2025
38,nist_800_53,rev5,,,,non_mappable,T1590.005,IP Addresses,16.1,enterprise,,,,[],,,01/13/2022,04/16/2025
39,nist_800_53,rev5,,,,non_mappable,T1590.006,Network Security Appliances,16.1,enterprise,,,,[],,,01/13/2022,04/16/2025
40,nist_800_53,rev5,,,,non_mappable,T1591,Gather Victim Org Information,16.1,enterprise,,,,[],,,01/13/2022,04/16/2025
41,nist_800_53,rev5,,,,non_mappable,T1591.001,Determine Physical Locations,16.1,enterprise,,,,[],,,01/13/2022,04/16/2025
42,nist_800_53,rev5,,,,non_mappable,T1591.002,Business Relationships,16.1,enterprise,,,,[],,,01/13/2022,04/16/2025
43,nist_800_53,rev5,,,,non_mappable,T1591.003,Identify Business Tempo,16.1,enterprise,,,,[],,,01/13/2022,04/16/2025
44,nist_800_53,rev5,,,,non_mappable,T1591.004,Identify Roles,16.1,enterprise,,,,[],,,01/13/2022,04/16/2025
45,nist_800_53,rev5,,,,non_mappable,T1592,Gather Victim Host Information,16.1,enterprise,,,,[],,,01/13/2022,04/16/2025
46,nist_800_53,rev5,,,,non_mappable,T1592.002,Software,16.1,enterprise,,,,[],,,01/13/2022,04/16/2025
47,nist_800_53,rev5,,,,non_mappable,T1592.003,Firmware,16.1,enterprise,,,,[],,,01/13/2022,04/16/2025
48,nist_800_53,rev5,,,,non_mappable,T1592.004,Client Configurations,16.1,enterprise,,,,[],,,01/13/2022,04/16/2025
49,nist_800_53,rev5,,,,non_mappable,T1593.001,Social Media,16.1,enterprise,,,,[],,,01/13/2022,04/16/2025
50,nist_800_53,rev5,,,,non_mappable,T1593.002,Search Engines,16.1,enterprise,,,,[],,,01/13/2022,04/16/2025
51,nist_800_53,rev5,,,,non_mappable,T1594,Search Victim-Owned Websites,16.1,enterprise,,,,[],,,01/13/2022,04/16/2025
52,nist_800_53,rev5,,,,non_mappable,T1595,Active Scanning,16.1,enterprise,,,,[],,,01/13/2022,04/16/2025
53,nist_800_53,rev5,,,,non_mappable,T1595.001,Scanning IP Blocks,16.1,enterprise,,,,[],,,01/13/2022,04/16/2025
54,nist_800_53,rev5,,,,non_mappable,T1595.002,Vulnerability Scanning,16.1,enterprise,,,,[],,,01/13/2022,04/16/2025
55,nist_800_53,rev5,,,,non_mappable,T1596,Search Open Technical Databases,16.1,enterprise,,,,[],,,01/13/2022,04/16/2025
56,nist_800_53,rev5,,,,non_mappable,T1596.001,DNS/Passive DNS,16.1,enterprise,,,,[],,,01/13/2022,04/16/2025
57,nist_800_53,rev5,,,,non_mappable,T1596.003,Digital Certificates,16.1,enterprise,,,,[],,,01/13/2022,04/16/2025
58,nist_800_53,rev5,,,,non_mappable,T1596.004,CDNs,16.1,enterprise,,,,[],,,01/13/2022,04/16/2025
59,nist_800_53,rev5,,,,non_mappable,T1597,Search Closed Sources,16.1,enterprise,,,,[],,,01/13/2022,04/16/2025
60,nist_800_53,rev5,,,,non_mappable,T1597.001,Threat Intel Vendors,16.1,enterprise,,,,[],,,01/13/2022,04/16/2025
61,nist_800_53,rev5,,,,non_mappable,T1597.002,Purchase Technical Data,16.1,enterprise,,,,[],,,01/13/2022,04/16/2025
62,nist_800_53,rev5,,,,non_mappable,T1598.004,Spearphishing Voice,16.1,enterprise,,,,[],,,01/13/2022,04/16/2025
63,nist_800_53,rev5,,,,non_mappable,T1608,Stage Capabilities,16.1,enterprise,,,,[],,,01/13/2022,04/16/2025
64,nist_800_53,rev5,,,,non_mappable,T1608.002,Upload Tool,16.1,enterprise,,,,[],,,01/13/2022,04/16/2025
65,nist_800_53,rev5,,,,non_mappable,T1608.003,Install Digital Certificate,16.1,enterprise,,,,[],,,01/13/2022,04/16/2025
66,nist_800_53,rev5,,,,non_mappable,T1608.004,Drive-by Target,16.1,enterprise,,,,[],,,01/13/2022,04/16/2025
67,nist_800_53,rev5,,,,non_mappable,T1608.005,Link Target,16.1,enterprise,,,,[],,,01/13/2022,04/16/2025
68,nist_800_53,rev5,,,,non_mappable,T1608.006,SEO Poisoning,16.1,enterprise,,,,[],,,01/13/2022,04/16/2025
69,nist_800_53,rev5,,,,non_mappable,T1652,Device Driver Discovery,16.1,enterprise,,,,[],,,01/13/2022,04/16/2025
70,nist_800_53,rev5,,,,non_mappable,T1656,Impersonation,16.1,enterprise,,,,[],,,01/13/2022,04/16/2025
71,nist_800_53,rev5,,,,non_mappable,T1583,Acquire Infrastructure,16.1,enterprise,,,,[],,,01/13/2022,04/16/2025
72,nist_800_53,rev5,,,,non_mappable,T1564.011,Ignore Process Interrupts,16.1,enterprise,,,,[],,,01/13/2022,04/16/2025
73,nist_800_53,rev5,,,,non_mappable,T1588.007,Artificial Intelligence,16.1,enterprise,,,,[],,,01/13/2022,04/16/2025
74,nist_800_53,rev5,,,,non_mappable,T1592.001,Hardware,16.1,enterprise,,,,[],,,01/13/2022,04/16/2025
75,nist_800_53,rev5,,,,non_mappable,T1596.005,Scan Databases,16.1,enterprise,,,,[],,,01/13/2022,04/16/2025
76,nist_800_53,rev5,,,,non_mappable,T1608.001,Upload Malware,16.1,enterprise,,,,[],,,01/13/2022,04/16/2025
77,nist_800_53,rev5,,,,non_mappable,T1016.002,Wi-Fi Discovery,16.1,enterprise,,,,[],,,01/13/2022,04/16/2025
78,nist_800_53,rev5,,,,non_mappable,T1665,Hide Infrastructure,16.1,enterprise,,,,[],No mitigations in ATT&CK,,01/13/2022,04/16/2025
79,nist_800_53,rev5,,,,non_mappable,T1036.009,Break Process Trees,16.1,enterprise,,,,[],,,01/13/2022,04/16/2025
80,nist_800_53,rev5,,,,non_mappable,T1480.002,Mutual Exclusion,16.1,enterprise,,,,[],,,01/13/2022,04/16/2025
81,nist_800_53,rev5,,,,non_mappable,T1496,Resource Hijacking,16.1,enterprise,,,,[],no mitiigations in att&ck,,01/13/2022,04/16/2025
82,nist_800_53,rev5,,,,non_mappable,T1496.001,Compute Hijacking,16.1,enterprise,,,,[],no mitiigations in att&ck,,01/13/2022,04/16/2025
83,nist_800_53,rev5,,,,non_mappable,T1586.002,Email Accounts,16.1,enterprise,,,,[],,,01/13/2022,04/16/2025
84,nist_800_53,rev5,,,,non_mappable,T1586.003,Cloud Accounts,16.1,enterprise,,,,[],,,01/13/2022,04/16/2025
85,nist_800_53,rev5,,,,non_mappable,T1587,Develop Capabilities,16.1,enterprise,,,,[],,,01/13/2022,04/16/2025
86,nist_800_53,rev5,,,,non_mappable,T1587.001,Malware,16.1,enterprise,,,,[],,,01/13/2022,04/16/2025
87,nist_800_53,rev5,,,,non_mappable,T1587.002,Code Signing Certificates,16.1,enterprise,,,,[],,,01/13/2022,04/16/2025
88,nist_800_53,rev5,,,,non_mappable,T1587.003,Digital Certificates,16.1,enterprise,,,,[],,,01/13/2022,04/16/2025
89,nist_800_53,rev5,,,,non_mappable,T1587.004,Exploits,16.1,enterprise,,,,[],,,01/13/2022,04/16/2025
90,nist_800_53,rev5,,,,non_mappable,T1588.002,Tool,16.1,enterprise,,,,[],,,01/13/2022,04/16/2025
91,nist_800_53,rev5,,,,non_mappable,T1588.003,Code Signing Certificates,16.1,enterprise,,,,[],,,01/13/2022,04/16/2025
92,nist_800_53,rev5,,,,non_mappable,T1588.004,Digital Certificates,16.1,enterprise,,,,[],,,01/13/2022,04/16/2025
93,nist_800_53,rev5,,,,non_mappable,T1588.005,Exploits,16.1,enterprise,,,,[],,,01/13/2022,04/16/2025
94,nist_800_53,rev5,,,,non_mappable,T1588.006,Vulnerabilities,16.1,enterprise,,,,[],,,01/13/2022,04/16/2025
95,nist_800_53,rev5,,,,non_mappable,T1596.002,WHOIS,16.1,enterprise,,,,[],,,01/13/2022,04/16/2025
96,nist_800_53,rev5,Configuration Management,CM-03,Configuration Change Control,mitigates,T1666,Modify Cloud Resource Hierarchy,16.1,enterprise,,,,[],"Monitoring and reviewing changes to the configuration of the IaaS environment (in this case, the cloud resource hierarchy) allows for the detection and reversal of unauthorized changes to prevent exploitation.",,01/13/2022,04/16/2025
97,nist_800_53,rev5,Access Control,AC-02,Account Management,mitigates,T1556.009,Conditional Access Policies,16.1,enterprise,,,,[],"Control AC-2 (Account Management) contains provisions for the monitoring of accounts for unusual activity and atypical usage as part of a dynamic account management approach. By monitoring these accounts, the system may be able to detect unauthorized changes to the accounts and take the necessary steps, either automatically or by alerting personnel, to remedy and mitigate the issue.",,01/13/2022,04/16/2025
98,nist_800_53,rev5,System and Communications Protection,SC-05,Denial-of-service Protection,mitigates,T1496.003,SMS Pumping,16.1,enterprise,,,,[],,,01/13/2022,04/16/2025
99,nist_800_53,rev5,Access Control,AC-06,Least Privilege,mitigates,T1110,Brute Force,16.1,enterprise,,,,[],,,01/13/2022,04/16/2025
100,nist_800_53,rev5,Access Control,AC-02,Account Management,mitigates,T1613,Container and Resource Discovery,16.1,enterprise,,,,[],,,01/13/2022,04/16/2025
101,nist_800_53,rev5,Access Control,AC-02,Account Management,mitigates,T1619,Cloud Storage Object Discovery,16.1,enterprise,,,,[],,,01/13/2022,04/16/2025
102,nist_800_53,rev5,Access Control,AC-04,Information Flow Enforcement,mitigates,T1001,Data Obfuscation,16.1,enterprise,,,,[],,,01/13/2022,04/16/2025
103,nist_800_53,rev5,Access Control,AC-02,Account Management,mitigates,T1070.009,Clear Persistence,16.1,enterprise,,,,[],,,01/13/2022,04/16/2025
104,nist_800_53,rev5,Security Assessment and Authorization,CA-07,Continuous Monitoring,mitigates,T1001,Data Obfuscation,16.1,enterprise,,,,[],,,01/13/2022,04/16/2025
105,nist_800_53,rev5,Security Assessment and Authorization,CA-07,Continuous Monitoring,mitigates,T1001.001,Junk Data,16.1,enterprise,,,,[],,,01/13/2022,04/16/2025
106,nist_800_53,rev5,Security Assessment and Authorization,CA-07,Continuous Monitoring,mitigates,T1001.003,Protocol or Service Impersonation,16.1,enterprise,,,,[],,,01/13/2022,04/16/2025
107,nist_800_53,rev5,Security Assessment and Authorization,CA-07,Continuous Monitoring,mitigates,T1003,OS Credential Dumping,16.1,enterprise,,,,[],,,01/13/2022,04/16/2025
108,nist_800_53,rev5,Security Assessment and Authorization,CA-07,Continuous Monitoring,mitigates,T1003.001,LSASS Memory,16.1,enterprise,,,,[],,,01/13/2022,04/16/2025
109,nist_800_53,rev5,Security Assessment and Authorization,CA-07,Continuous Monitoring,mitigates,T1003.005,Cached Domain Credentials,16.1,enterprise,,,,[],,,01/13/2022,04/16/2025
110,nist_800_53,rev5,Security Assessment and Authorization,CA-07,Continuous Monitoring,mitigates,T1003.007,Proc Filesystem,16.1,enterprise,,,,[],,,01/13/2022,04/16/2025
111,nist_800_53,rev5,Security Assessment and Authorization,CA-07,Continuous Monitoring,mitigates,T1036,Masquerading,16.1,enterprise,,,,[],,,01/13/2022,04/16/2025
112,nist_800_53,rev5,Security Assessment and Authorization,CA-07,Continuous Monitoring,mitigates,T1037,Boot or Logon Initialization Scripts,16.1,enterprise,,,,[],,,01/13/2022,04/16/2025
113,nist_800_53,rev5,Security Assessment and Authorization,CA-07,Continuous Monitoring,mitigates,T1056.002,GUI Input Capture,16.1,enterprise,,,,[],,,01/13/2022,04/16/2025
114,nist_800_53,rev5,Security Assessment and Authorization,CA-07,Continuous Monitoring,mitigates,T1059,Command and Scripting Interpreter,16.1,enterprise,,,,[],,,01/13/2022,04/16/2025
115,nist_800_53,rev5,Security Assessment and Authorization,CA-07,Continuous Monitoring,mitigates,T1059.010,AutoHotKey & AutoIT,16.1,enterprise,,,,[],,,01/13/2022,04/16/2025
116,nist_800_53,rev5,Security Assessment and Authorization,CA-07,Continuous Monitoring,mitigates,T1070.001,Clear Windows Event Logs,16.1,enterprise,,,,[],,,01/13/2022,04/16/2025
117,nist_800_53,rev5,Security Assessment and Authorization,CA-07,Continuous Monitoring,mitigates,T1070.003,Clear Command History,16.1,enterprise,,,,[],,,01/13/2022,04/16/2025
118,nist_800_53,rev5,Security Assessment and Authorization,CA-07,Continuous Monitoring,mitigates,T1071,Application Layer Protocol,16.1,enterprise,,,,[],,,01/13/2022,04/16/2025
119,nist_800_53,rev5,Security Assessment and Authorization,CA-07,Continuous Monitoring,mitigates,T1071.002,File Transfer Protocols,16.1,enterprise,,,,[],,,01/13/2022,04/16/2025
120,nist_800_53,rev5,Security Assessment and Authorization,CA-07,Continuous Monitoring,mitigates,T1071.003,Mail Protocols,16.1,enterprise,,,,[],,,01/13/2022,04/16/2025
121,nist_800_53,rev5,Security Assessment and Authorization,CA-07,Continuous Monitoring,mitigates,T1072,Software Deployment Tools,16.1,enterprise,,,,[],,,01/13/2022,04/16/2025
122,nist_800_53,rev5,Security Assessment and Authorization,CA-07,Continuous Monitoring,mitigates,T1078,Valid Accounts,16.1,enterprise,,,,[],,,01/13/2022,04/16/2025
123,nist_800_53,rev5,Security Assessment and Authorization,CA-07,Continuous Monitoring,mitigates,T1078.001,Default Accounts,16.1,enterprise,,,,[],,,01/13/2022,04/16/2025
124,nist_800_53,rev5,Security Assessment and Authorization,CA-07,Continuous Monitoring,mitigates,T1078.003,Local Accounts,16.1,enterprise,,,,[],,,01/13/2022,04/16/2025
125,nist_800_53,rev5,Security Assessment and Authorization,CA-07,Continuous Monitoring,mitigates,T1078.004,Cloud Accounts,16.1,enterprise,,,,[],,,01/13/2022,04/16/2025
126,nist_800_53,rev5,Security Assessment and Authorization,CA-07,Continuous Monitoring,mitigates,T1090.003,Multi-hop Proxy,16.1,enterprise,,,,[],,,01/13/2022,04/16/2025
127,nist_800_53,rev5,Security Assessment and Authorization,CA-07,Continuous Monitoring,mitigates,T1102,Web Service,16.1,enterprise,,,,[],,,01/13/2022,04/16/2025
128,nist_800_53,rev5,Security Assessment and Authorization,CA-07,Continuous Monitoring,mitigates,T1105,Ingress Tool Transfer,16.1,enterprise,,,,[],,,01/13/2022,04/16/2025
129,nist_800_53,rev5,Security Assessment and Authorization,CA-07,Continuous Monitoring,mitigates,T1110,Brute Force,16.1,enterprise,,,,[],,,01/13/2022,04/16/2025
130,nist_800_53,rev5,Security Assessment and Authorization,CA-07,Continuous Monitoring,mitigates,T1176,Browser Extensions,16.1,enterprise,,,,[],,,01/13/2022,04/16/2025
131,nist_800_53,rev5,Security Assessment and Authorization,CA-07,Continuous Monitoring,mitigates,T1190,Exploit Public-Facing Application,16.1,enterprise,,,,[],,,01/13/2022,04/16/2025
132,nist_800_53,rev5,Security Assessment and Authorization,CA-07,Continuous Monitoring,mitigates,T1195,Supply Chain Compromise,16.1,enterprise,,,,[],,,01/13/2022,04/16/2025
133,nist_800_53,rev5,Security Assessment and Authorization,CA-07,Continuous Monitoring,mitigates,T1195.001,Compromise Software Dependencies and Development Tools,16.1,enterprise,,,,[],,,01/13/2022,04/16/2025
134,nist_800_53,rev5,Security Assessment and Authorization,CA-07,Continuous Monitoring,mitigates,T1203,Exploitation for Client Execution,16.1,enterprise,,,,[],,,01/13/2022,04/16/2025
135,nist_800_53,rev5,Security Assessment and Authorization,CA-07,Continuous Monitoring,mitigates,T1204,User Execution,16.1,enterprise,,,,[],,,01/13/2022,04/16/2025
136,nist_800_53,rev5,Security Assessment and Authorization,CA-07,Continuous Monitoring,mitigates,T1204.002,Malicious File,16.1,enterprise,,,,[],,,01/13/2022,04/16/2025
137,nist_800_53,rev5,Security Assessment and Authorization,CA-07,Continuous Monitoring,mitigates,T1213,Data from Information Repositories,16.1,enterprise,,,,[],,,01/13/2022,04/16/2025
138,nist_800_53,rev5,Security Assessment and Authorization,CA-07,Continuous Monitoring,mitigates,T1213.001,Confluence,16.1,enterprise,,,,[],,,01/13/2022,04/16/2025
139,nist_800_53,rev5,Security Assessment and Authorization,CA-07,Continuous Monitoring,mitigates,T1213.002,Sharepoint,16.1,enterprise,,,,[],,,01/13/2022,04/16/2025
140,nist_800_53,rev5,Security Assessment and Authorization,CA-07,Continuous Monitoring,mitigates,T1213.003,Code Repositories,16.1,enterprise,,,,[],,,01/13/2022,04/16/2025
141,nist_800_53,rev5,Security Assessment and Authorization,CA-07,Continuous Monitoring,mitigates,T1213.004,Customer Relationship Management Software,16.1,enterprise,,,,[],,,01/13/2022,04/16/2025
142,nist_800_53,rev5,Security Assessment and Authorization,CA-07,Continuous Monitoring,mitigates,T1213.005,Messaging Applications,16.1,enterprise,,,,[],,,01/13/2022,04/16/2025
143,nist_800_53,rev5,Security Assessment and Authorization,CA-07,Continuous Monitoring,mitigates,T1218,System Binary Proxy Execution,16.1,enterprise,,,,[],,,01/13/2022,04/16/2025
144,nist_800_53,rev5,Security Assessment and Authorization,CA-07,Continuous Monitoring,mitigates,T1218.011,Rundll32,16.1,enterprise,,,,[],,,01/13/2022,04/16/2025
145,nist_800_53,rev5,Security Assessment and Authorization,CA-07,Continuous Monitoring,mitigates,T1218.015,Electron Applications,16.1,enterprise,,,,[],,,01/13/2022,04/16/2025
146,nist_800_53,rev5,Security Assessment and Authorization,CA-07,Continuous Monitoring,mitigates,T1219,Remote Access Software,16.1,enterprise,,,,[],,,01/13/2022,04/16/2025
147,nist_800_53,rev5,Security Assessment and Authorization,CA-07,Continuous Monitoring,mitigates,T1489,Service Stop,16.1,enterprise,,,,[],,,01/13/2022,04/16/2025
148,nist_800_53,rev5,Security Assessment and Authorization,CA-07,Continuous Monitoring,mitigates,T1528,Steal Application Access Token,16.1,enterprise,,,,[],,,01/13/2022,04/16/2025
149,nist_800_53,rev5,Security Assessment and Authorization,CA-07,Continuous Monitoring,mitigates,T1530,Data from Cloud Storage,16.1,enterprise,,,,[],,,01/13/2022,04/16/2025
150,nist_800_53,rev5,Security Assessment and Authorization,CA-07,Continuous Monitoring,mitigates,T1537,Transfer Data to Cloud Account,16.1,enterprise,,,,[],,,01/13/2022,04/16/2025
151,nist_800_53,rev5,Security Assessment and Authorization,CA-07,Continuous Monitoring,mitigates,T1539,Steal Web Session Cookie,16.1,enterprise,,,,[],,,01/13/2022,04/16/2025
152,nist_800_53,rev5,Security Assessment and Authorization,CA-07,Continuous Monitoring,mitigates,T1543,Create or Modify System Process,16.1,enterprise,,,,[],,,01/13/2022,04/16/2025
153,nist_800_53,rev5,Security Assessment and Authorization,CA-07,Continuous Monitoring,mitigates,T1543.002,Systemd Service,16.1,enterprise,,,,[],,,01/13/2022,04/16/2025
154,nist_800_53,rev5,Security Assessment and Authorization,CA-07,Continuous Monitoring,mitigates,T1546.003,Windows Management Instrumentation Event Subscription,16.1,enterprise,,,,[],,,01/13/2022,04/16/2025
155,nist_800_53,rev5,Security Assessment and Authorization,CA-07,Continuous Monitoring,mitigates,T1546.016,Installer Packages,16.1,enterprise,,,,[],,,01/13/2022,04/16/2025
156,nist_800_53,rev5,Security Assessment and Authorization,CA-07,Continuous Monitoring,mitigates,T1547.003,Time Providers,16.1,enterprise,,,,[],,,01/13/2022,04/16/2025
157,nist_800_53,rev5,Security Assessment and Authorization,CA-07,Continuous Monitoring,mitigates,T1548,Abuse Elevation Control Mechanism,16.1,enterprise,,,,[],,,01/13/2022,04/16/2025
158,nist_800_53,rev5,Security Assessment and Authorization,CA-07,Continuous Monitoring,mitigates,T1548.006,TCC Manipulation,16.1,enterprise,,,,[],,,01/13/2022,04/16/2025
159,nist_800_53,rev5,Security Assessment and Authorization,CA-07,Continuous Monitoring,mitigates,T1552,Unsecured Credentials,16.1,enterprise,,,,[],,,01/13/2022,04/16/2025
160,nist_800_53,rev5,Security Assessment and Authorization,CA-07,Continuous Monitoring,mitigates,T1552.001,Credentials In Files,16.1,enterprise,,,,[],,,01/13/2022,04/16/2025
161,nist_800_53,rev5,Security Assessment and Authorization,CA-07,Continuous Monitoring,mitigates,T1552.004,Private Keys,16.1,enterprise,,,,[],,,01/13/2022,04/16/2025
162,nist_800_53,rev5,Security Assessment and Authorization,CA-07,Continuous Monitoring,mitigates,T1555,Credentials from Password Stores,16.1,enterprise,,,,[],,,01/13/2022,04/16/2025
163,nist_800_53,rev5,Security Assessment and Authorization,CA-07,Continuous Monitoring,mitigates,T1555.002,Securityd Memory,16.1,enterprise,,,,[],,,01/13/2022,04/16/2025
164,nist_800_53,rev5,Security Assessment and Authorization,CA-07,Continuous Monitoring,mitigates,T1556,Modify Authentication Process,16.1,enterprise,,,,[],,,01/13/2022,04/16/2025
165,nist_800_53,rev5,Security Assessment and Authorization,CA-07,Continuous Monitoring,mitigates,T1556.001,Domain Controller Authentication,16.1,enterprise,,,,[],,,01/13/2022,04/16/2025
166,nist_800_53,rev5,Security Assessment and Authorization,CA-07,Continuous Monitoring,mitigates,T1557,Adversary-in-the-Middle,16.1,enterprise,,,,[],,,01/13/2022,04/16/2025
167,nist_800_53,rev5,Security Assessment and Authorization,CA-07,Continuous Monitoring,mitigates,T1557.004,Evil Twin,16.1,enterprise,,,,[],,,01/13/2022,04/16/2025
168,nist_800_53,rev5,Security Assessment and Authorization,CA-07,Continuous Monitoring,mitigates,T1558,Steal or Forge Kerberos Tickets,16.1,enterprise,,,,[],,,01/13/2022,04/16/2025
169,nist_800_53,rev5,Security Assessment and Authorization,CA-07,Continuous Monitoring,mitigates,T1558.005,Ccache Files,16.1,enterprise,,,,[],,,01/13/2022,04/16/2025
170,nist_800_53,rev5,Security Assessment and Authorization,CA-07,Continuous Monitoring,mitigates,T1562,Impair Defenses,16.1,enterprise,,,,[],,,01/13/2022,04/16/2025
171,nist_800_53,rev5,Security Assessment and Authorization,CA-07,Continuous Monitoring,mitigates,T1562.004,Disable or Modify System Firewall,16.1,enterprise,,,,[],,,01/13/2022,04/16/2025
172,nist_800_53,rev5,Security Assessment and Authorization,CA-07,Continuous Monitoring,mitigates,T1562.006,Indicator Blocking,16.1,enterprise,,,,[],,,01/13/2022,04/16/2025
173,nist_800_53,rev5,Security Assessment and Authorization,CA-07,Continuous Monitoring,mitigates,T1564.004,NTFS File Attributes,16.1,enterprise,,,,[],,,01/13/2022,04/16/2025
174,nist_800_53,rev5,Security Assessment and Authorization,CA-07,Continuous Monitoring,mitigates,T1565,Data Manipulation,16.1,enterprise,,,,[],,,01/13/2022,04/16/2025
175,nist_800_53,rev5,Security Assessment and Authorization,CA-07,Continuous Monitoring,mitigates,T1566,Phishing,16.1,enterprise,,,,[],,,01/13/2022,04/16/2025
176,nist_800_53,rev5,Security Assessment and Authorization,CA-07,Continuous Monitoring,mitigates,T1566.001,Spearphishing Attachment,16.1,enterprise,,,,[],,,01/13/2022,04/16/2025
177,nist_800_53,rev5,Security Assessment and Authorization,CA-07,Continuous Monitoring,mitigates,T1566.002,Spearphishing Link,16.1,enterprise,,,,[],,,01/13/2022,04/16/2025
178,nist_800_53,rev5,Security Assessment and Authorization,CA-07,Continuous Monitoring,mitigates,T1566.003,Spearphishing via Service,16.1,enterprise,,,,[],,,01/13/2022,04/16/2025
179,nist_800_53,rev5,Security Assessment and Authorization,CA-07,Continuous Monitoring,mitigates,T1572,Protocol Tunneling,16.1,enterprise,,,,[],,,01/13/2022,04/16/2025
180,nist_800_53,rev5,Security Assessment and Authorization,CA-07,Continuous Monitoring,mitigates,T1573,Encrypted Channel,16.1,enterprise,,,,[],,,01/13/2022,04/16/2025
181,nist_800_53,rev5,Security Assessment and Authorization,CA-07,Continuous Monitoring,mitigates,T1574.014,AppDomainManager,16.1,enterprise,,,,[],,,01/13/2022,04/16/2025
182,nist_800_53,rev5,Security Assessment and Authorization,CA-07,Continuous Monitoring,mitigates,T1598.003,Spearphishing Link,16.1,enterprise,,,,[],,,01/13/2022,04/16/2025
183,nist_800_53,rev5,Configuration Management,CM-06,Configuration Settings,mitigates,T1001,Data Obfuscation,16.1,enterprise,,,,[],,,01/13/2022,04/16/2025
184,nist_800_53,rev5,Configuration Management,CM-06,Configuration Settings,mitigates,T1001.001,Junk Data,16.1,enterprise,,,,[],,,01/13/2022,04/16/2025
185,nist_800_53,rev5,Configuration Management,CM-06,Configuration Settings,mitigates,T1001.003,Protocol or Service Impersonation,16.1,enterprise,,,,[],,,01/13/2022,04/16/2025
186,nist_800_53,rev5,Configuration Management,CM-06,Configuration Settings,mitigates,T1003,OS Credential Dumping,16.1,enterprise,,,,[],,,01/13/2022,04/16/2025
187,nist_800_53,rev5,Configuration Management,CM-06,Configuration Settings,mitigates,T1003.001,LSASS Memory,16.1,enterprise,,,,[],,,01/13/2022,04/16/2025
188,nist_800_53,rev5,Configuration Management,CM-06,Configuration Settings,mitigates,T1003.005,Cached Domain Credentials,16.1,enterprise,,,,[],,,01/13/2022,04/16/2025
189,nist_800_53,rev5,Configuration Management,CM-06,Configuration Settings,mitigates,T1003.007,Proc Filesystem,16.1,enterprise,,,,[],,,01/13/2022,04/16/2025
190,nist_800_53,rev5,Configuration Management,CM-06,Configuration Settings,mitigates,T1020.001,Traffic Duplication,16.1,enterprise,,,,[],,,01/13/2022,04/16/2025
191,nist_800_53,rev5,Configuration Management,CM-06,Configuration Settings,mitigates,T1021,Remote Services,16.1,enterprise,,,,[],,,01/13/2022,04/16/2025
192,nist_800_53,rev5,Configuration Management,CM-06,Configuration Settings,mitigates,T1027,Obfuscated Files or Information,16.1,enterprise,,,,[],,,01/13/2022,04/16/2025
193,nist_800_53,rev5,Configuration Management,CM-06,Configuration Settings,mitigates,T1036,Masquerading,16.1,enterprise,,,,[],,,01/13/2022,04/16/2025
194,nist_800_53,rev5,Configuration Management,CM-06,Configuration Settings,mitigates,T1036.010,Masquerade Account Name,16.1,enterprise,,,,[],,,01/13/2022,04/16/2025
195,nist_800_53,rev5,Configuration Management,CM-06,Configuration Settings,mitigates,T1037,Boot or Logon Initialization Scripts,16.1,enterprise,,,,[],,,01/13/2022,04/16/2025
196,nist_800_53,rev5,Configuration Management,CM-06,Configuration Settings,mitigates,T1047,Windows Management Instrumentation,16.1,enterprise,,,,[],,,01/13/2022,04/16/2025
197,nist_800_53,rev5,Configuration Management,CM-06,Configuration Settings,mitigates,T1053,Scheduled Task/Job,16.1,enterprise,,,,[],,,01/13/2022,04/16/2025
198,nist_800_53,rev5,Configuration Management,CM-06,Configuration Settings,mitigates,T1053.002,At,16.1,enterprise,,,,[],,,01/13/2022,04/16/2025
199,nist_800_53,rev5,Configuration Management,CM-06,Configuration Settings,mitigates,T1053.005,Scheduled Task,16.1,enterprise,,,,[],,,01/13/2022,04/16/2025
200,nist_800_53,rev5,Configuration Management,CM-06,Configuration Settings,mitigates,T1059,Command and Scripting Interpreter,16.1,enterprise,,,,[],,,01/13/2022,04/16/2025
201,nist_800_53,rev5,Configuration Management,CM-06,Configuration Settings,mitigates,T1059.006,Python,16.1,enterprise,,,,[],,,01/13/2022,04/16/2025
202,nist_800_53,rev5,Configuration Management,CM-06,Configuration Settings,mitigates,T1059.010,AutoHotKey & AutoIT,16.1,enterprise,,,,[],,,01/13/2022,04/16/2025
203,nist_800_53,rev5,Configuration Management,CM-06,Configuration Settings,mitigates,T1059.011,Lua,16.1,enterprise,,,,[],,,01/13/2022,04/16/2025
204,nist_800_53,rev5,Configuration Management,CM-06,Configuration Settings,mitigates,T1070.001,Clear Windows Event Logs,16.1,enterprise,,,,[],,,01/13/2022,04/16/2025
205,nist_800_53,rev5,Configuration Management,CM-06,Configuration Settings,mitigates,T1070.003,Clear Command History,16.1,enterprise,,,,[],,,01/13/2022,04/16/2025
206,nist_800_53,rev5,Configuration Management,CM-06,Configuration Settings,mitigates,T1071,Application Layer Protocol,16.1,enterprise,,,,[],,,01/13/2022,04/16/2025
207,nist_800_53,rev5,Configuration Management,CM-06,Configuration Settings,mitigates,T1071.002,File Transfer Protocols,16.1,enterprise,,,,[],,,01/13/2022,04/16/2025
208,nist_800_53,rev5,Configuration Management,CM-06,Configuration Settings,mitigates,T1071.003,Mail Protocols,16.1,enterprise,,,,[],,,01/13/2022,04/16/2025
209,nist_800_53,rev5,Configuration Management,CM-06,Configuration Settings,mitigates,T1072,Software Deployment Tools,16.1,enterprise,,,,[],,,01/13/2022,04/16/2025
210,nist_800_53,rev5,Configuration Management,CM-06,Configuration Settings,mitigates,T1078,Valid Accounts,16.1,enterprise,,,,[],,,01/13/2022,04/16/2025
211,nist_800_53,rev5,Configuration Management,CM-06,Configuration Settings,mitigates,T1078.003,Local Accounts,16.1,enterprise,,,,[],,,01/13/2022,04/16/2025
212,nist_800_53,rev5,Configuration Management,CM-06,Configuration Settings,mitigates,T1078.004,Cloud Accounts,16.1,enterprise,,,,[],,,01/13/2022,04/16/2025
213,nist_800_53,rev5,Configuration Management,CM-06,Configuration Settings,mitigates,T1087,Account Discovery,16.1,enterprise,,,,[],,,01/13/2022,04/16/2025
214,nist_800_53,rev5,Configuration Management,CM-06,Configuration Settings,mitigates,T1087.001,Local Account,16.1,enterprise,,,,[],,,01/13/2022,04/16/2025
215,nist_800_53,rev5,Configuration Management,CM-06,Configuration Settings,mitigates,T1087.002,Domain Account,16.1,enterprise,,,,[],,,01/13/2022,04/16/2025
216,nist_800_53,rev5,Configuration Management,CM-06,Configuration Settings,mitigates,T1090.003,Multi-hop Proxy,16.1,enterprise,,,,[],,,01/13/2022,04/16/2025
217,nist_800_53,rev5,Configuration Management,CM-06,Configuration Settings,mitigates,T1092,Communication Through Removable Media,16.1,enterprise,,,,[],,,01/13/2022,04/16/2025
218,nist_800_53,rev5,Configuration Management,CM-06,Configuration Settings,mitigates,T1098,Account Manipulation,16.1,enterprise,,,,[],,,01/13/2022,04/16/2025
219,nist_800_53,rev5,Configuration Management,CM-06,Configuration Settings,mitigates,T1098.001,Additional Cloud Credentials,16.1,enterprise,,,,[],,,01/13/2022,04/16/2025
220,nist_800_53,rev5,Configuration Management,CM-06,Configuration Settings,mitigates,T1098.002,Additional Email Delegate Permissions,16.1,enterprise,,,,[],,,01/13/2022,04/16/2025
221,nist_800_53,rev5,Configuration Management,CM-06,Configuration Settings,mitigates,T1098.003,Additional Cloud Roles,16.1,enterprise,,,,[],,,01/13/2022,04/16/2025
222,nist_800_53,rev5,Configuration Management,CM-06,Configuration Settings,mitigates,T1098.005,Device Registration,16.1,enterprise,,,,[],,,01/13/2022,04/16/2025
223,nist_800_53,rev5,Configuration Management,CM-06,Configuration Settings,mitigates,T1098.007,Additional Local or Domain Groups,16.1,enterprise,,,,[],,,01/13/2022,04/16/2025
224,nist_800_53,rev5,Configuration Management,CM-06,Configuration Settings,mitigates,T1102,Web Service,16.1,enterprise,,,,[],,,01/13/2022,04/16/2025
225,nist_800_53,rev5,Configuration Management,CM-06,Configuration Settings,mitigates,T1105,Ingress Tool Transfer,16.1,enterprise,,,,[],,,01/13/2022,04/16/2025
226,nist_800_53,rev5,Configuration Management,CM-06,Configuration Settings,mitigates,T1110,Brute Force,16.1,enterprise,,,,[],,,01/13/2022,04/16/2025
227,nist_800_53,rev5,Configuration Management,CM-06,Configuration Settings,mitigates,T1114,Email Collection,16.1,enterprise,,,,[],,,01/13/2022,04/16/2025
228,nist_800_53,rev5,Configuration Management,CM-06,Configuration Settings,mitigates,T1114.002,Remote Email Collection,16.1,enterprise,,,,[],,,01/13/2022,04/16/2025
229,nist_800_53,rev5,Configuration Management,CM-06,Configuration Settings,mitigates,T1114.003,Email Forwarding Rule,16.1,enterprise,,,,[],,,01/13/2022,04/16/2025
230,nist_800_53,rev5,Configuration Management,CM-06,Configuration Settings,mitigates,T1119,Automated Collection,16.1,enterprise,,,,[],,,01/13/2022,04/16/2025
231,nist_800_53,rev5,Configuration Management,CM-06,Configuration Settings,mitigates,T1127.002,ClickOnce,16.1,enterprise,,,,[],,,01/13/2022,04/16/2025
232,nist_800_53,rev5,Configuration Management,CM-06,Configuration Settings,mitigates,T1134.001,Token Impersonation/Theft,16.1,enterprise,,,,[],,,01/13/2022,04/16/2025
233,nist_800_53,rev5,Configuration Management,CM-06,Configuration Settings,mitigates,T1134.003,Make and Impersonate Token,16.1,enterprise,,,,[],,,01/13/2022,04/16/2025
234,nist_800_53,rev5,Configuration Management,CM-06,Configuration Settings,mitigates,T1136,Create Account,16.1,enterprise,,,,[],,,01/13/2022,04/16/2025
235,nist_800_53,rev5,Configuration Management,CM-06,Configuration Settings,mitigates,T1136.002,Domain Account,16.1,enterprise,,,,[],,,01/13/2022,04/16/2025
236,nist_800_53,rev5,Configuration Management,CM-06,Configuration Settings,mitigates,T1136.003,Cloud Account,16.1,enterprise,,,,[],,,01/13/2022,04/16/2025
237,nist_800_53,rev5,Configuration Management,CM-06,Configuration Settings,mitigates,T1137.002,Office Test,16.1,enterprise,,,,[],,,01/13/2022,04/16/2025
238,nist_800_53,rev5,Configuration Management,CM-06,Configuration Settings,mitigates,T1176,Browser Extensions,16.1,enterprise,,,,[],,,01/13/2022,04/16/2025
239,nist_800_53,rev5,Configuration Management,CM-06,Configuration Settings,mitigates,T1190,Exploit Public-Facing Application,16.1,enterprise,,,,[],,,01/13/2022,04/16/2025
240,nist_800_53,rev5,Configuration Management,CM-06,Configuration Settings,mitigates,T1195,Supply Chain Compromise,16.1,enterprise,,,,[],,,01/13/2022,04/16/2025
241,nist_800_53,rev5,Configuration Management,CM-06,Configuration Settings,mitigates,T1195.001,Compromise Software Dependencies and Development Tools,16.1,enterprise,,,,[],,,01/13/2022,04/16/2025
242,nist_800_53,rev5,Configuration Management,CM-06,Configuration Settings,mitigates,T1204,User Execution,16.1,enterprise,,,,[],,,01/13/2022,04/16/2025
243,nist_800_53,rev5,Configuration Management,CM-06,Configuration Settings,mitigates,T1204.002,Malicious File,16.1,enterprise,,,,[],,,01/13/2022,04/16/2025
244,nist_800_53,rev5,Configuration Management,CM-06,Configuration Settings,mitigates,T1213,Data from Information Repositories,16.1,enterprise,,,,[],,,01/13/2022,04/16/2025
245,nist_800_53,rev5,Configuration Management,CM-06,Configuration Settings,mitigates,T1213.001,Confluence,16.1,enterprise,,,,[],,,01/13/2022,04/16/2025
246,nist_800_53,rev5,Configuration Management,CM-06,Configuration Settings,mitigates,T1213.002,Sharepoint,16.1,enterprise,,,,[],,,01/13/2022,04/16/2025
247,nist_800_53,rev5,Configuration Management,CM-06,Configuration Settings,mitigates,T1213.004,Customer Relationship Management Software,16.1,enterprise,,,,[],,,01/13/2022,04/16/2025
248,nist_800_53,rev5,Configuration Management,CM-06,Configuration Settings,mitigates,T1213.005,Messaging Applications,16.1,enterprise,,,,[],,,01/13/2022,04/16/2025
249,nist_800_53,rev5,Configuration Management,CM-06,Configuration Settings,mitigates,T1216.002,SyncAppvPublishingServer,16.1,enterprise,,,,[],,,01/13/2022,04/16/2025
250,nist_800_53,rev5,Configuration Management,CM-06,Configuration Settings,mitigates,T1218,System Binary Proxy Execution,16.1,enterprise,,,,[],,,01/13/2022,04/16/2025
251,nist_800_53,rev5,Configuration Management,CM-06,Configuration Settings,mitigates,T1218.015,Electron Applications,16.1,enterprise,,,,[],,,01/13/2022,04/16/2025
252,nist_800_53,rev5,Configuration Management,CM-06,Configuration Settings,mitigates,T1219,Remote Access Software,16.1,enterprise,,,,[],,,01/13/2022,04/16/2025
253,nist_800_53,rev5,Configuration Management,CM-06,Configuration Settings,mitigates,T1484,Domain or Tenant Policy Modification,16.1,enterprise,,,,[],,,01/13/2022,04/16/2025
254,nist_800_53,rev5,Configuration Management,CM-06,Configuration Settings,mitigates,T1489,Service Stop,16.1,enterprise,,,,[],,,01/13/2022,04/16/2025
255,nist_800_53,rev5,Configuration Management,CM-06,Configuration Settings,mitigates,T1490,Inhibit System Recovery,16.1,enterprise,,,,[],,,01/13/2022,04/16/2025
256,nist_800_53,rev5,Configuration Management,CM-06,Configuration Settings,mitigates,T1505.003,Web Shell,16.1,enterprise,,,,[],,,01/13/2022,04/16/2025
257,nist_800_53,rev5,Configuration Management,CM-06,Configuration Settings,mitigates,T1528,Steal Application Access Token,16.1,enterprise,,,,[],,,01/13/2022,04/16/2025
258,nist_800_53,rev5,Configuration Management,CM-06,Configuration Settings,mitigates,T1530,Data from Cloud Storage,16.1,enterprise,,,,[],,,01/13/2022,04/16/2025
259,nist_800_53,rev5,Configuration Management,CM-06,Configuration Settings,mitigates,T1537,Transfer Data to Cloud Account,16.1,enterprise,,,,[],,,01/13/2022,04/16/2025
260,nist_800_53,rev5,Configuration Management,CM-06,Configuration Settings,mitigates,T1539,Steal Web Session Cookie,16.1,enterprise,,,,[],,,01/13/2022,04/16/2025
261,nist_800_53,rev5,Configuration Management,CM-06,Configuration Settings,mitigates,T1542,Pre-OS Boot,16.1,enterprise,,,,[],,,01/13/2022,04/16/2025
262,nist_800_53,rev5,Configuration Management,CM-06,Configuration Settings,mitigates,T1542.001,System Firmware,16.1,enterprise,,,,[],,,01/13/2022,04/16/2025
263,nist_800_53,rev5,Configuration Management,CM-06,Configuration Settings,mitigates,T1543,Create or Modify System Process,16.1,enterprise,,,,[],,,01/13/2022,04/16/2025
264,nist_800_53,rev5,Configuration Management,CM-06,Configuration Settings,mitigates,T1543.002,Systemd Service,16.1,enterprise,,,,[],,,01/13/2022,04/16/2025
265,nist_800_53,rev5,Configuration Management,CM-06,Configuration Settings,mitigates,T1546,Event Triggered Execution,16.1,enterprise,,,,[],,,01/13/2022,04/16/2025
266,nist_800_53,rev5,Configuration Management,CM-06,Configuration Settings,mitigates,T1546.003,Windows Management Instrumentation Event Subscription,16.1,enterprise,,,,[],,,01/13/2022,04/16/2025
267,nist_800_53,rev5,Configuration Management,CM-06,Configuration Settings,mitigates,T1546.016,Installer Packages,16.1,enterprise,,,,[],,,01/13/2022,04/16/2025
268,nist_800_53,rev5,Configuration Management,CM-06,Configuration Settings,mitigates,T1547.003,Time Providers,16.1,enterprise,,,,[],,,01/13/2022,04/16/2025
269,nist_800_53,rev5,Configuration Management,CM-06,Configuration Settings,mitigates,T1547.009,Shortcut Modification,16.1,enterprise,,,,[],,,01/13/2022,04/16/2025
270,nist_800_53,rev5,Configuration Management,CM-06,Configuration Settings,mitigates,T1548,Abuse Elevation Control Mechanism,16.1,enterprise,,,,[],,,01/13/2022,04/16/2025
271,nist_800_53,rev5,Configuration Management,CM-06,Configuration Settings,mitigates,T1548.006,TCC Manipulation,16.1,enterprise,,,,[],,,01/13/2022,04/16/2025
272,nist_800_53,rev5,Configuration Management,CM-06,Configuration Settings,mitigates,T1550,Use Alternate Authentication Material,16.1,enterprise,,,,[],,,01/13/2022,04/16/2025
273,nist_800_53,rev5,Configuration Management,CM-06,Configuration Settings,mitigates,T1550.001,Application Access Token,16.1,enterprise,,,,[],,,01/13/2022,04/16/2025
274,nist_800_53,rev5,Configuration Management,CM-06,Configuration Settings,mitigates,T1552,Unsecured Credentials,16.1,enterprise,,,,[],,,01/13/2022,04/16/2025
275,nist_800_53,rev5,Configuration Management,CM-06,Configuration Settings,mitigates,T1552.001,Credentials In Files,16.1,enterprise,,,,[],,,01/13/2022,04/16/2025
276,nist_800_53,rev5,Configuration Management,CM-06,Configuration Settings,mitigates,T1552.004,Private Keys,16.1,enterprise,,,,[],,,01/13/2022,04/16/2025
277,nist_800_53,rev5,Configuration Management,CM-06,Configuration Settings,mitigates,T1553,Subvert Trust Controls,16.1,enterprise,,,,[],,,01/13/2022,04/16/2025
278,nist_800_53,rev5,Configuration Management,CM-06,Configuration Settings,mitigates,T1554,Compromise Host Software Binary,16.1,enterprise,,,,[],,,01/13/2022,04/16/2025
279,nist_800_53,rev5,Configuration Management,CM-06,Configuration Settings,mitigates,T1555.005,Password Managers,16.1,enterprise,,,,[],,,01/13/2022,04/16/2025
280,nist_800_53,rev5,Configuration Management,CM-06,Configuration Settings,mitigates,T1556,Modify Authentication Process,16.1,enterprise,,,,[],,,01/13/2022,04/16/2025
281,nist_800_53,rev5,Configuration Management,CM-06,Configuration Settings,mitigates,T1556.001,Domain Controller Authentication,16.1,enterprise,,,,[],,,01/13/2022,04/16/2025
282,nist_800_53,rev5,Configuration Management,CM-06,Configuration Settings,mitigates,T1556.009,Conditional Access Policies,16.1,enterprise,,,,[],,,01/13/2022,04/16/2025
283,nist_800_53,rev5,Configuration Management,CM-06,Configuration Settings,mitigates,T1557,Adversary-in-the-Middle,16.1,enterprise,,,,[],,,01/13/2022,04/16/2025
284,nist_800_53,rev5,Configuration Management,CM-06,Configuration Settings,mitigates,T1557.004,Evil Twin,16.1,enterprise,,,,[],,,01/13/2022,04/16/2025
285,nist_800_53,rev5,Configuration Management,CM-06,Configuration Settings,mitigates,T1558,Steal or Forge Kerberos Tickets,16.1,enterprise,,,,[],,,01/13/2022,04/16/2025
286,nist_800_53,rev5,Configuration Management,CM-06,Configuration Settings,mitigates,T1562,Impair Defenses,16.1,enterprise,,,,[],,,01/13/2022,04/16/2025
287,nist_800_53,rev5,Configuration Management,CM-06,Configuration Settings,mitigates,T1562.004,Disable or Modify System Firewall,16.1,enterprise,,,,[],,,01/13/2022,04/16/2025
288,nist_800_53,rev5,Configuration Management,CM-06,Configuration Settings,mitigates,T1562.006,Indicator Blocking,16.1,enterprise,,,,[],,,01/13/2022,04/16/2025
289,nist_800_53,rev5,Configuration Management,CM-06,Configuration Settings,mitigates,T1563,Remote Service Session Hijacking,16.1,enterprise,,,,[],,,01/13/2022,04/16/2025
290,nist_800_53,rev5,Configuration Management,CM-06,Configuration Settings,mitigates,T1565,Data Manipulation,16.1,enterprise,,,,[],,,01/13/2022,04/16/2025
291,nist_800_53,rev5,Configuration Management,CM-06,Configuration Settings,mitigates,T1566,Phishing,16.1,enterprise,,,,[],,,01/13/2022,04/16/2025
292,nist_800_53,rev5,Configuration Management,CM-06,Configuration Settings,mitigates,T1566.001,Spearphishing Attachment,16.1,enterprise,,,,[],,,01/13/2022,04/16/2025
293,nist_800_53,rev5,Configuration Management,CM-06,Configuration Settings,mitigates,T1566.002,Spearphishing Link,16.1,enterprise,,,,[],,,01/13/2022,04/16/2025
294,nist_800_53,rev5,Configuration Management,CM-06,Configuration Settings,mitigates,T1572,Protocol Tunneling,16.1,enterprise,,,,[],,,01/13/2022,04/16/2025
295,nist_800_53,rev5,Configuration Management,CM-06,Configuration Settings,mitigates,T1573,Encrypted Channel,16.1,enterprise,,,,[],,,01/13/2022,04/16/2025
296,nist_800_53,rev5,Configuration Management,CM-06,Configuration Settings,mitigates,T1574.001,DLL Search Order Hijacking,16.1,enterprise,,,,[],,,01/13/2022,04/16/2025
297,nist_800_53,rev5,Configuration Management,CM-06,Configuration Settings,mitigates,T1574.014,AppDomainManager,16.1,enterprise,,,,[],,,01/13/2022,04/16/2025
298,nist_800_53,rev5,Configuration Management,CM-06,Configuration Settings,mitigates,T1590.002,DNS,16.1,enterprise,,,,[],,,01/13/2022,04/16/2025
299,nist_800_53,rev5,Configuration Management,CM-06,Configuration Settings,mitigates,T1598.003,Spearphishing Link,16.1,enterprise,,,,[],,,01/13/2022,04/16/2025
300,nist_800_53,rev5,Configuration Management,CM-06,Configuration Settings,mitigates,T1610,Deploy Container,16.1,enterprise,,,,[],,,01/13/2022,04/16/2025
301,nist_800_53,rev5,Configuration Management,CM-06,Configuration Settings,mitigates,T1611,Escape to Host,16.1,enterprise,,,,[],,,01/13/2022,04/16/2025
302,nist_800_53,rev5,Configuration Management,CM-06,Configuration Settings,mitigates,T1648,Serverless Execution,16.1,enterprise,,,,[],,,01/13/2022,04/16/2025
303,nist_800_53,rev5,System and Communications Protection,SC-07,Boundary Protection,mitigates,T1001,Data Obfuscation,16.1,enterprise,,,,[],,,01/13/2022,04/16/2025
304,nist_800_53,rev5,System and Information Integrity,SI-03,Malicious Code Protection,mitigates,T1001,Data Obfuscation,16.1,enterprise,,,,[],,,01/13/2022,04/16/2025
305,nist_800_53,rev5,System and Information Integrity,SI-04,System Monitoring,mitigates,T1001,Data Obfuscation,16.1,enterprise,,,,[],,,01/13/2022,04/16/2025
306,nist_800_53,rev5,Configuration Management,CM-05,Access Restrictions for Change,mitigates,T1003,OS Credential Dumping,16.1,enterprise,,,,[],,,01/13/2022,04/16/2025
307,nist_800_53,rev5,Configuration Management,CM-05,Access Restrictions for Change,mitigates,T1003.001,LSASS Memory,16.1,enterprise,,,,[],,,01/13/2022,04/16/2025
308,nist_800_53,rev5,Configuration Management,CM-05,Access Restrictions for Change,mitigates,T1003.005,Cached Domain Credentials,16.1,enterprise,,,,[],,,01/13/2022,04/16/2025
309,nist_800_53,rev5,Configuration Management,CM-05,Access Restrictions for Change,mitigates,T1003.007,Proc Filesystem,16.1,enterprise,,,,[],,,01/13/2022,04/16/2025
310,nist_800_53,rev5,Configuration Management,CM-05,Access Restrictions for Change,mitigates,T1020.001,Traffic Duplication,16.1,enterprise,,,,[],,,01/13/2022,04/16/2025
311,nist_800_53,rev5,Configuration Management,CM-05,Access Restrictions for Change,mitigates,T1021,Remote Services,16.1,enterprise,,,,[],,,01/13/2022,04/16/2025
312,nist_800_53,rev5,Configuration Management,CM-05,Access Restrictions for Change,mitigates,T1047,Windows Management Instrumentation,16.1,enterprise,,,,[],,,01/13/2022,04/16/2025
313,nist_800_53,rev5,Configuration Management,CM-05,Access Restrictions for Change,mitigates,T1053,Scheduled Task/Job,16.1,enterprise,,,,[],,,01/13/2022,04/16/2025
314,nist_800_53,rev5,Configuration Management,CM-05,Access Restrictions for Change,mitigates,T1053.002,At,16.1,enterprise,,,,[],,,01/13/2022,04/16/2025
315,nist_800_53,rev5,Configuration Management,CM-05,Access Restrictions for Change,mitigates,T1053.005,Scheduled Task,16.1,enterprise,,,,[],,,01/13/2022,04/16/2025
316,nist_800_53,rev5,Configuration Management,CM-05,Access Restrictions for Change,mitigates,T1059,Command and Scripting Interpreter,16.1,enterprise,,,,[],,,01/13/2022,04/16/2025
317,nist_800_53,rev5,Configuration Management,CM-05,Access Restrictions for Change,mitigates,T1059.006,Python,16.1,enterprise,,,,[],,,01/13/2022,04/16/2025
318,nist_800_53,rev5,Configuration Management,CM-05,Access Restrictions for Change,mitigates,T1072,Software Deployment Tools,16.1,enterprise,,,,[],,,01/13/2022,04/16/2025
319,nist_800_53,rev5,Configuration Management,CM-05,Access Restrictions for Change,mitigates,T1078,Valid Accounts,16.1,enterprise,,,,[],,,01/13/2022,04/16/2025
320,nist_800_53,rev5,Configuration Management,CM-05,Access Restrictions for Change,mitigates,T1078.003,Local Accounts,16.1,enterprise,,,,[],,,01/13/2022,04/16/2025
321,nist_800_53,rev5,Configuration Management,CM-05,Access Restrictions for Change,mitigates,T1078.004,Cloud Accounts,16.1,enterprise,,,,[],,,01/13/2022,04/16/2025
322,nist_800_53,rev5,Configuration Management,CM-05,Access Restrictions for Change,mitigates,T1098,Account Manipulation,16.1,enterprise,,,,[],,,01/13/2022,04/16/2025
323,nist_800_53,rev5,Configuration Management,CM-05,Access Restrictions for Change,mitigates,T1098.001,Additional Cloud Credentials,16.1,enterprise,,,,[],,,01/13/2022,04/16/2025
324,nist_800_53,rev5,Configuration Management,CM-05,Access Restrictions for Change,mitigates,T1098.002,Additional Email Delegate Permissions,16.1,enterprise,,,,[],,,01/13/2022,04/16/2025
325,nist_800_53,rev5,Configuration Management,CM-05,Access Restrictions for Change,mitigates,T1098.003,Additional Cloud Roles,16.1,enterprise,,,,[],,,01/13/2022,04/16/2025
326,nist_800_53,rev5,Configuration Management,CM-05,Access Restrictions for Change,mitigates,T1098.005,Device Registration,16.1,enterprise,,,,[],,,01/13/2022,04/16/2025
327,nist_800_53,rev5,Configuration Management,CM-05,Access Restrictions for Change,mitigates,T1098.007,Additional Local or Domain Groups,16.1,enterprise,,,,[],,,01/13/2022,04/16/2025
328,nist_800_53,rev5,Configuration Management,CM-05,Access Restrictions for Change,mitigates,T1134.001,Token Impersonation/Theft,16.1,enterprise,,,,[],,,01/13/2022,04/16/2025
329,nist_800_53,rev5,Configuration Management,CM-05,Access Restrictions for Change,mitigates,T1134.003,Make and Impersonate Token,16.1,enterprise,,,,[],,,01/13/2022,04/16/2025
330,nist_800_53,rev5,Configuration Management,CM-05,Access Restrictions for Change,mitigates,T1136,Create Account,16.1,enterprise,,,,[],,,01/13/2022,04/16/2025
331,nist_800_53,rev5,Configuration Management,CM-05,Access Restrictions for Change,mitigates,T1136.002,Domain Account,16.1,enterprise,,,,[],,,01/13/2022,04/16/2025
332,nist_800_53,rev5,Configuration Management,CM-05,Access Restrictions for Change,mitigates,T1136.003,Cloud Account,16.1,enterprise,,,,[],,,01/13/2022,04/16/2025
333,nist_800_53,rev5,Configuration Management,CM-05,Access Restrictions for Change,mitigates,T1137.002,Office Test,16.1,enterprise,,,,[],,,01/13/2022,04/16/2025
334,nist_800_53,rev5,Configuration Management,CM-05,Access Restrictions for Change,mitigates,T1176,Browser Extensions,16.1,enterprise,,,,[],,,01/13/2022,04/16/2025
335,nist_800_53,rev5,Configuration Management,CM-05,Access Restrictions for Change,mitigates,T1190,Exploit Public-Facing Application,16.1,enterprise,,,,[],,,01/13/2022,04/16/2025
336,nist_800_53,rev5,Configuration Management,CM-05,Access Restrictions for Change,mitigates,T1195,Supply Chain Compromise,16.1,enterprise,,,,[],,,01/13/2022,04/16/2025
337,nist_800_53,rev5,Configuration Management,CM-05,Access Restrictions for Change,mitigates,T1195.001,Compromise Software Dependencies and Development Tools,16.1,enterprise,,,,[],,,01/13/2022,04/16/2025
338,nist_800_53,rev5,Configuration Management,CM-05,Access Restrictions for Change,mitigates,T1213,Data from Information Repositories,16.1,enterprise,,,,[],,,01/13/2022,04/16/2025
339,nist_800_53,rev5,Configuration Management,CM-05,Access Restrictions for Change,mitigates,T1213.001,Confluence,16.1,enterprise,,,,[],,,01/13/2022,04/16/2025
340,nist_800_53,rev5,Configuration Management,CM-05,Access Restrictions for Change,mitigates,T1213.002,Sharepoint,16.1,enterprise,,,,[],,,01/13/2022,04/16/2025
341,nist_800_53,rev5,Configuration Management,CM-05,Access Restrictions for Change,mitigates,T1213.005,Messaging Applications,16.1,enterprise,,,,[],,,01/13/2022,04/16/2025
342,nist_800_53,rev5,Configuration Management,CM-05,Access Restrictions for Change,mitigates,T1218,System Binary Proxy Execution,16.1,enterprise,,,,[],,,01/13/2022,04/16/2025
343,nist_800_53,rev5,Configuration Management,CM-05,Access Restrictions for Change,mitigates,T1218.015,Electron Applications,16.1,enterprise,,,,[],,,01/13/2022,04/16/2025
344,nist_800_53,rev5,Configuration Management,CM-05,Access Restrictions for Change,mitigates,T1484,Domain or Tenant Policy Modification,16.1,enterprise,,,,[],,,01/13/2022,04/16/2025
345,nist_800_53,rev5,Configuration Management,CM-05,Access Restrictions for Change,mitigates,T1489,Service Stop,16.1,enterprise,,,,[],,,01/13/2022,04/16/2025
346,nist_800_53,rev5,Configuration Management,CM-05,Access Restrictions for Change,mitigates,T1528,Steal Application Access Token,16.1,enterprise,,,,[],,,01/13/2022,04/16/2025
347,nist_800_53,rev5,Configuration Management,CM-05,Access Restrictions for Change,mitigates,T1530,Data from Cloud Storage,16.1,enterprise,,,,[],,,01/13/2022,04/16/2025
348,nist_800_53,rev5,Configuration Management,CM-05,Access Restrictions for Change,mitigates,T1537,Transfer Data to Cloud Account,16.1,enterprise,,,,[],,,01/13/2022,04/16/2025
349,nist_800_53,rev5,Configuration Management,CM-05,Access Restrictions for Change,mitigates,T1542,Pre-OS Boot,16.1,enterprise,,,,[],,,01/13/2022,04/16/2025
350,nist_800_53,rev5,Configuration Management,CM-05,Access Restrictions for Change,mitigates,T1542.001,System Firmware,16.1,enterprise,,,,[],,,01/13/2022,04/16/2025
351,nist_800_53,rev5,Configuration Management,CM-05,Access Restrictions for Change,mitigates,T1543,Create or Modify System Process,16.1,enterprise,,,,[],,,01/13/2022,04/16/2025
352,nist_800_53,rev5,Configuration Management,CM-05,Access Restrictions for Change,mitigates,T1543.002,Systemd Service,16.1,enterprise,,,,[],,,01/13/2022,04/16/2025
353,nist_800_53,rev5,Configuration Management,CM-05,Access Restrictions for Change,mitigates,T1543.003,Windows Service,16.1,enterprise,,,,[],,,01/13/2022,04/16/2025
354,nist_800_53,rev5,Configuration Management,CM-05,Access Restrictions for Change,mitigates,T1546.003,Windows Management Instrumentation Event Subscription,16.1,enterprise,,,,[],,,01/13/2022,04/16/2025
355,nist_800_53,rev5,Configuration Management,CM-05,Access Restrictions for Change,mitigates,T1546.016,Installer Packages,16.1,enterprise,,,,[],,,01/13/2022,04/16/2025
356,nist_800_53,rev5,Configuration Management,CM-05,Access Restrictions for Change,mitigates,T1547.003,Time Providers,16.1,enterprise,,,,[],,,01/13/2022,04/16/2025
357,nist_800_53,rev5,Configuration Management,CM-05,Access Restrictions for Change,mitigates,T1547.004,Winlogon Helper DLL,16.1,enterprise,,,,[],,,01/13/2022,04/16/2025
358,nist_800_53,rev5,Configuration Management,CM-05,Access Restrictions for Change,mitigates,T1547.009,Shortcut Modification,16.1,enterprise,,,,[],,,01/13/2022,04/16/2025
359,nist_800_53,rev5,Configuration Management,CM-05,Access Restrictions for Change,mitigates,T1548,Abuse Elevation Control Mechanism,16.1,enterprise,,,,[],,,01/13/2022,04/16/2025
360,nist_800_53,rev5,Configuration Management,CM-05,Access Restrictions for Change,mitigates,T1548.005,Temporary Elevated Cloud Access,16.1,enterprise,,,,[],,,01/13/2022,04/16/2025
361,nist_800_53,rev5,Configuration Management,CM-05,Access Restrictions for Change,mitigates,T1548.006,TCC Manipulation,16.1,enterprise,,,,[],,,01/13/2022,04/16/2025
362,nist_800_53,rev5,Configuration Management,CM-05,Access Restrictions for Change,mitigates,T1550,Use Alternate Authentication Material,16.1,enterprise,,,,[],,,01/13/2022,04/16/2025
363,nist_800_53,rev5,Configuration Management,CM-05,Access Restrictions for Change,mitigates,T1552,Unsecured Credentials,16.1,enterprise,,,,[],,,01/13/2022,04/16/2025
364,nist_800_53,rev5,Configuration Management,CM-05,Access Restrictions for Change,mitigates,T1553,Subvert Trust Controls,16.1,enterprise,,,,[],,,01/13/2022,04/16/2025
365,nist_800_53,rev5,Configuration Management,CM-05,Access Restrictions for Change,mitigates,T1554,Compromise Host Software Binary,16.1,enterprise,,,,[],,,01/13/2022,04/16/2025
366,nist_800_53,rev5,Configuration Management,CM-05,Access Restrictions for Change,mitigates,T1556,Modify Authentication Process,16.1,enterprise,,,,[],,,01/13/2022,04/16/2025
367,nist_800_53,rev5,Configuration Management,CM-05,Access Restrictions for Change,mitigates,T1556.001,Domain Controller Authentication,16.1,enterprise,,,,[],,,01/13/2022,04/16/2025
368,nist_800_53,rev5,Configuration Management,CM-05,Access Restrictions for Change,mitigates,T1556.009,Conditional Access Policies,16.1,enterprise,,,,[],,,01/13/2022,04/16/2025
369,nist_800_53,rev5,Configuration Management,CM-05,Access Restrictions for Change,mitigates,T1558,Steal or Forge Kerberos Tickets,16.1,enterprise,,,,[],,,01/13/2022,04/16/2025
370,nist_800_53,rev5,Configuration Management,CM-05,Access Restrictions for Change,mitigates,T1562,Impair Defenses,16.1,enterprise,,,,[],,,01/13/2022,04/16/2025
371,nist_800_53,rev5,Configuration Management,CM-05,Access Restrictions for Change,mitigates,T1562.004,Disable or Modify System Firewall,16.1,enterprise,,,,[],,,01/13/2022,04/16/2025
372,nist_800_53,rev5,Configuration Management,CM-05,Access Restrictions for Change,mitigates,T1562.006,Indicator Blocking,16.1,enterprise,,,,[],,,01/13/2022,04/16/2025
373,nist_800_53,rev5,Configuration Management,CM-05,Access Restrictions for Change,mitigates,T1562.007,Disable or Modify Cloud Firewall,16.1,enterprise,,,,[],,,01/13/2022,04/16/2025
374,nist_800_53,rev5,Configuration Management,CM-05,Access Restrictions for Change,mitigates,T1563,Remote Service Session Hijacking,16.1,enterprise,,,,[],,,01/13/2022,04/16/2025
375,nist_800_53,rev5,Configuration Management,CM-05,Access Restrictions for Change,mitigates,T1574.014,AppDomainManager,16.1,enterprise,,,,[],,,01/13/2022,04/16/2025
376,nist_800_53,rev5,Configuration Management,CM-05,Access Restrictions for Change,mitigates,T1611,Escape to Host,16.1,enterprise,,,,[],,,01/13/2022,04/16/2025
377,nist_800_53,rev5,Configuration Management,CM-05,Access Restrictions for Change,mitigates,T1621,Multi-Factor Authentication Request Generation,16.1,enterprise,,,,[],,,01/13/2022,04/16/2025
378,nist_800_53,rev5,Configuration Management,CM-07,Least Functionality,mitigates,T1003,OS Credential Dumping,16.1,enterprise,,,,[],,,01/13/2022,04/16/2025
379,nist_800_53,rev5,Contingency Planning,CP-09,System Backup,mitigates,T1003,OS Credential Dumping,16.1,enterprise,,,,[],,,01/13/2022,04/16/2025
380,nist_800_53,rev5,Identification and Authentication,IA-02,Identification and Authentication (Organizational Users),mitigates,T1003,OS Credential Dumping,16.1,enterprise,,,,[],,,01/13/2022,04/16/2025
381,nist_800_53,rev5,Identification and Authentication,IA-04,Identifier Management,mitigates,T1003,OS Credential Dumping,16.1,enterprise,,,,[],,,01/13/2022,04/16/2025
382,nist_800_53,rev5,Identification and Authentication,IA-05,Authenticator Management,mitigates,T1003,OS Credential Dumping,16.1,enterprise,,,,[],,,01/13/2022,04/16/2025
383,nist_800_53,rev5,Identification and Authentication,IA-05,Authenticator Management,mitigates,T1003.001,LSASS Memory,16.1,enterprise,,,,[],,,01/13/2022,04/16/2025
384,nist_800_53,rev5,Identification and Authentication,IA-05,Authenticator Management,mitigates,T1003.005,Cached Domain Credentials,16.1,enterprise,,,,[],,,01/13/2022,04/16/2025
385,nist_800_53,rev5,Identification and Authentication,IA-05,Authenticator Management,mitigates,T1003.007,Proc Filesystem,16.1,enterprise,,,,[],,,01/13/2022,04/16/2025
386,nist_800_53,rev5,Identification and Authentication,IA-05,Authenticator Management,mitigates,T1021,Remote Services,16.1,enterprise,,,,[],,,01/13/2022,04/16/2025
387,nist_800_53,rev5,Identification and Authentication,IA-05,Authenticator Management,mitigates,T1040,Network Sniffing,16.1,enterprise,,,,[],,,01/13/2022,04/16/2025
388,nist_800_53,rev5,Identification and Authentication,IA-05,Authenticator Management,mitigates,T1072,Software Deployment Tools,16.1,enterprise,,,,[],,,01/13/2022,04/16/2025
389,nist_800_53,rev5,Identification and Authentication,IA-05,Authenticator Management,mitigates,T1078,Valid Accounts,16.1,enterprise,,,,[],,,01/13/2022,04/16/2025
390,nist_800_53,rev5,Identification and Authentication,IA-05,Authenticator Management,mitigates,T1078.004,Cloud Accounts,16.1,enterprise,,,,[],,,01/13/2022,04/16/2025
391,nist_800_53,rev5,Identification and Authentication,IA-05,Authenticator Management,mitigates,T1098.001,Additional Cloud Credentials,16.1,enterprise,,,,[],,,01/13/2022,04/16/2025
392,nist_800_53,rev5,Identification and Authentication,IA-05,Authenticator Management,mitigates,T1098.002,Additional Email Delegate Permissions,16.1,enterprise,,,,[],,,01/13/2022,04/16/2025
393,nist_800_53,rev5,Identification and Authentication,IA-05,Authenticator Management,mitigates,T1098.003,Additional Cloud Roles,16.1,enterprise,,,,[],,,01/13/2022,04/16/2025
394,nist_800_53,rev5,Identification and Authentication,IA-05,Authenticator Management,mitigates,T1110,Brute Force,16.1,enterprise,,,,[],,,01/13/2022,04/16/2025
395,nist_800_53,rev5,Identification and Authentication,IA-05,Authenticator Management,mitigates,T1114,Email Collection,16.1,enterprise,,,,[],,,01/13/2022,04/16/2025
396,nist_800_53,rev5,Identification and Authentication,IA-05,Authenticator Management,mitigates,T1114.002,Remote Email Collection,16.1,enterprise,,,,[],,,01/13/2022,04/16/2025
397,nist_800_53,rev5,Identification and Authentication,IA-05,Authenticator Management,mitigates,T1136,Create Account,16.1,enterprise,,,,[],,,01/13/2022,04/16/2025
398,nist_800_53,rev5,Identification and Authentication,IA-05,Authenticator Management,mitigates,T1136.002,Domain Account,16.1,enterprise,,,,[],,,01/13/2022,04/16/2025
399,nist_800_53,rev5,Identification and Authentication,IA-05,Authenticator Management,mitigates,T1136.003,Cloud Account,16.1,enterprise,,,,[],,,01/13/2022,04/16/2025
400,nist_800_53,rev5,Identification and Authentication,IA-05,Authenticator Management,mitigates,T1528,Steal Application Access Token,16.1,enterprise,,,,[],,,01/13/2022,04/16/2025
401,nist_800_53,rev5,Identification and Authentication,IA-05,Authenticator Management,mitigates,T1530,Data from Cloud Storage,16.1,enterprise,,,,[],,,01/13/2022,04/16/2025
402,nist_800_53,rev5,Identification and Authentication,IA-05,Authenticator Management,mitigates,T1539,Steal Web Session Cookie,16.1,enterprise,,,,[],,,01/13/2022,04/16/2025
403,nist_800_53,rev5,Identification and Authentication,IA-05,Authenticator Management,mitigates,T1552,Unsecured Credentials,16.1,enterprise,,,,[],,,01/13/2022,04/16/2025
404,nist_800_53,rev5,Identification and Authentication,IA-05,Authenticator Management,mitigates,T1552.001,Credentials In Files,16.1,enterprise,,,,[],,,01/13/2022,04/16/2025
405,nist_800_53,rev5,Identification and Authentication,IA-05,Authenticator Management,mitigates,T1552.004,Private Keys,16.1,enterprise,,,,[],,,01/13/2022,04/16/2025
406,nist_800_53,rev5,Identification and Authentication,IA-05,Authenticator Management,mitigates,T1555,Credentials from Password Stores,16.1,enterprise,,,,[],,,01/13/2022,04/16/2025
407,nist_800_53,rev5,Identification and Authentication,IA-05,Authenticator Management,mitigates,T1555.002,Securityd Memory,16.1,enterprise,,,,[],,,01/13/2022,04/16/2025
408,nist_800_53,rev5,Identification and Authentication,IA-05,Authenticator Management,mitigates,T1555.005,Password Managers,16.1,enterprise,,,,[],,,01/13/2022,04/16/2025
409,nist_800_53,rev5,Identification and Authentication,IA-05,Authenticator Management,mitigates,T1556,Modify Authentication Process,16.1,enterprise,,,,[],,,01/13/2022,04/16/2025
410,nist_800_53,rev5,Identification and Authentication,IA-05,Authenticator Management,mitigates,T1556.001,Domain Controller Authentication,16.1,enterprise,,,,[],,,01/13/2022,04/16/2025
411,nist_800_53,rev5,Identification and Authentication,IA-05,Authenticator Management,mitigates,T1556.009,Conditional Access Policies,16.1,enterprise,,,,[],,,01/13/2022,04/16/2025
412,nist_800_53,rev5,Identification and Authentication,IA-05,Authenticator Management,mitigates,T1558,Steal or Forge Kerberos Tickets,16.1,enterprise,,,,[],,,01/13/2022,04/16/2025
413,nist_800_53,rev5,Identification and Authentication,IA-05,Authenticator Management,mitigates,T1558.005,Ccache Files,16.1,enterprise,,,,[],,,01/13/2022,04/16/2025
414,nist_800_53,rev5,Identification and Authentication,IA-05,Authenticator Management,mitigates,T1621,Multi-Factor Authentication Request Generation,16.1,enterprise,,,,[],,,01/13/2022,04/16/2025
415,nist_800_53,rev5,Identification and Authentication,IA-05,Authenticator Management,mitigates,T1649,Steal or Forge Authentication Certificates,16.1,enterprise,,,,[],,,01/13/2022,04/16/2025
416,nist_800_53,rev5,System and Communications Protection,SC-28,Protection of Information at Rest,mitigates,T1003,OS Credential Dumping,16.1,enterprise,,,,[],,,01/13/2022,04/16/2025
417,nist_800_53,rev5,System and Communications Protection,SC-39,Process Isolation,mitigates,T1003,OS Credential Dumping,16.1,enterprise,,,,[],,,01/13/2022,04/16/2025
418,nist_800_53,rev5,System and Information Integrity,SI-12,Information Management and Retention,mitigates,T1003,OS Credential Dumping,16.1,enterprise,,,,[],,,01/13/2022,04/16/2025
419,nist_800_53,rev5,System and Information Integrity,SI-02,Flaw Remediation,mitigates,T1003,OS Credential Dumping,16.1,enterprise,,,,[],,,01/13/2022,04/16/2025
420,nist_800_53,rev5,System and Information Integrity,SI-07,"Software, Firmware, and Information Integrity",mitigates,T1003,OS Credential Dumping,16.1,enterprise,,,,[],,,01/13/2022,04/16/2025
421,nist_800_53,rev5,System and Communications Protection,SC-03,Security Function Isolation,mitigates,T1003.001,LSASS Memory,16.1,enterprise,,,,[],,,01/13/2022,04/16/2025
422,nist_800_53,rev5,System and Information Integrity,SI-16,Memory Protection,mitigates,T1003.001,LSASS Memory,16.1,enterprise,,,,[],,,01/13/2022,04/16/2025
423,nist_800_53,rev5,Access Control,AC-17,Remote Access,mitigates,T1020.001,Traffic Duplication,16.1,enterprise,,,,[],,,01/13/2022,04/16/2025
424,nist_800_53,rev5,Access Control,AC-17,Remote Access,mitigates,T1021,Remote Services,16.1,enterprise,,,,[],,,01/13/2022,04/16/2025
425,nist_800_53,rev5,Access Control,AC-17,Remote Access,mitigates,T1037,Boot or Logon Initialization Scripts,16.1,enterprise,,,,[],,,01/13/2022,04/16/2025
426,nist_800_53,rev5,Access Control,AC-17,Remote Access,mitigates,T1040,Network Sniffing,16.1,enterprise,,,,[],,,01/13/2022,04/16/2025
427,nist_800_53,rev5,Access Control,AC-17,Remote Access,mitigates,T1047,Windows Management Instrumentation,16.1,enterprise,,,,[],,,01/13/2022,04/16/2025
428,nist_800_53,rev5,Access Control,AC-17,Remote Access,mitigates,T1059,Command and Scripting Interpreter,16.1,enterprise,,,,[],,,01/13/2022,04/16/2025
429,nist_800_53,rev5,Access Control,AC-17,Remote Access,mitigates,T1059.006,Python,16.1,enterprise,,,,[],,,01/13/2022,04/16/2025
430,nist_800_53,rev5,Access Control,AC-17,Remote Access,mitigates,T1070.001,Clear Windows Event Logs,16.1,enterprise,,,,[],,,01/13/2022,04/16/2025
431,nist_800_53,rev5,Access Control,AC-17,Remote Access,mitigates,T1114,Email Collection,16.1,enterprise,,,,[],,,01/13/2022,04/16/2025
432,nist_800_53,rev5,Access Control,AC-17,Remote Access,mitigates,T1114.002,Remote Email Collection,16.1,enterprise,,,,[],,,01/13/2022,04/16/2025
433,nist_800_53,rev5,Access Control,AC-17,Remote Access,mitigates,T1114.003,Email Forwarding Rule,16.1,enterprise,,,,[],,,01/13/2022,04/16/2025
434,nist_800_53,rev5,Access Control,AC-17,Remote Access,mitigates,T1119,Automated Collection,16.1,enterprise,,,,[],,,01/13/2022,04/16/2025
435,nist_800_53,rev5,Access Control,AC-17,Remote Access,mitigates,T1127.002,ClickOnce,16.1,enterprise,,,,[],,,01/13/2022,04/16/2025
436,nist_800_53,rev5,Access Control,AC-17,Remote Access,mitigates,T1137.002,Office Test,16.1,enterprise,,,,[],,,01/13/2022,04/16/2025
437,nist_800_53,rev5,Access Control,AC-17,Remote Access,mitigates,T1213,Data from Information Repositories,16.1,enterprise,,,,[],,,01/13/2022,04/16/2025
438,nist_800_53,rev5,Access Control,AC-17,Remote Access,mitigates,T1213.001,Confluence,16.1,enterprise,,,,[],,,01/13/2022,04/16/2025
439,nist_800_53,rev5,Access Control,AC-17,Remote Access,mitigates,T1213.002,Sharepoint,16.1,enterprise,,,,[],,,01/13/2022,04/16/2025
440,nist_800_53,rev5,Access Control,AC-17,Remote Access,mitigates,T1213.005,Messaging Applications,16.1,enterprise,,,,[],,,01/13/2022,04/16/2025
441,nist_800_53,rev5,Access Control,AC-17,Remote Access,mitigates,T1219,Remote Access Software,16.1,enterprise,,,,[],,,01/13/2022,04/16/2025
442,nist_800_53,rev5,Access Control,AC-17,Remote Access,mitigates,T1530,Data from Cloud Storage,16.1,enterprise,,,,[],,,01/13/2022,04/16/2025
443,nist_800_53,rev5,Access Control,AC-17,Remote Access,mitigates,T1537,Transfer Data to Cloud Account,16.1,enterprise,,,,[],,,01/13/2022,04/16/2025
444,nist_800_53,rev5,Access Control,AC-17,Remote Access,mitigates,T1543,Create or Modify System Process,16.1,enterprise,,,,[],,,01/13/2022,04/16/2025
445,nist_800_53,rev5,Access Control,AC-17,Remote Access,mitigates,T1547.003,Time Providers,16.1,enterprise,,,,[],,,01/13/2022,04/16/2025
446,nist_800_53,rev5,Access Control,AC-17,Remote Access,mitigates,T1547.004,Winlogon Helper DLL,16.1,enterprise,,,,[],,,01/13/2022,04/16/2025
447,nist_800_53,rev5,Access Control,AC-17,Remote Access,mitigates,T1547.009,Shortcut Modification,16.1,enterprise,,,,[],,,01/13/2022,04/16/2025
448,nist_800_53,rev5,Access Control,AC-17,Remote Access,mitigates,T1550.001,Application Access Token,16.1,enterprise,,,,[],,,01/13/2022,04/16/2025
449,nist_800_53,rev5,Access Control,AC-17,Remote Access,mitigates,T1552,Unsecured Credentials,16.1,enterprise,,,,[],,,01/13/2022,04/16/2025
450,nist_800_53,rev5,Access Control,AC-17,Remote Access,mitigates,T1552.004,Private Keys,16.1,enterprise,,,,[],,,01/13/2022,04/16/2025
451,nist_800_53,rev5,Access Control,AC-17,Remote Access,mitigates,T1557,Adversary-in-the-Middle,16.1,enterprise,,,,[],,,01/13/2022,04/16/2025
452,nist_800_53,rev5,Access Control,AC-17,Remote Access,mitigates,T1558,Steal or Forge Kerberos Tickets,16.1,enterprise,,,,[],,,01/13/2022,04/16/2025
453,nist_800_53,rev5,Access Control,AC-17,Remote Access,mitigates,T1563,Remote Service Session Hijacking,16.1,enterprise,,,,[],,,01/13/2022,04/16/2025
454,nist_800_53,rev5,Access Control,AC-17,Remote Access,mitigates,T1565,Data Manipulation,16.1,enterprise,,,,[],,,01/13/2022,04/16/2025
455,nist_800_53,rev5,Access Control,AC-17,Remote Access,mitigates,T1610,Deploy Container,16.1,enterprise,,,,[],,,01/13/2022,04/16/2025
456,nist_800_53,rev5,Access Control,AC-17,Remote Access,mitigates,T1651,Cloud Administration Command,16.1,enterprise,,,,[],,,01/13/2022,04/16/2025
457,nist_800_53,rev5,Security Assessment and Authorization,CA-03,Information Exchange,mitigates,T1020.001,Traffic Duplication,16.1,enterprise,,,,[],,,01/13/2022,04/16/2025
458,nist_800_53,rev5,System and Communications Protection,SC-04,Information in Shared System Resources,mitigates,T1020.001,Traffic Duplication,16.1,enterprise,,,,[],,,01/13/2022,04/16/2025
459,nist_800_53,rev5,System and Communications Protection,SC-08,Transmission Confidentiality and Integrity,mitigates,T1020.001,Traffic Duplication,16.1,enterprise,,,,[],,,01/13/2022,04/16/2025
460,nist_800_53,rev5,Identification and Authentication,IA-09,Service Identification and Authentication,mitigates,T1036,Masquerading,16.1,enterprise,,,,[],,,01/13/2022,04/16/2025
461,nist_800_53,rev5,Identification and Authentication,IA-09,Service Identification and Authentication,mitigates,T1036,Masquerading,16.1,enterprise,,,,[],,,01/13/2022,04/16/2025
462,nist_800_53,rev5,Identification and Authentication,IA-09,Service Identification and Authentication,mitigates,T1059,Command and Scripting Interpreter,16.1,enterprise,,,,[],,,01/13/2022,04/16/2025
463,nist_800_53,rev5,Identification and Authentication,IA-09,Service Identification and Authentication,mitigates,T1213.003,Code Repositories,16.1,enterprise,,,,[],,,01/13/2022,04/16/2025
464,nist_800_53,rev5,Identification and Authentication,IA-09,Service Identification and Authentication,mitigates,T1546,Event Triggered Execution,16.1,enterprise,,,,[],,,01/13/2022,04/16/2025
465,nist_800_53,rev5,Identification and Authentication,IA-09,Service Identification and Authentication,mitigates,T1553,Subvert Trust Controls,16.1,enterprise,,,,[],,,01/13/2022,04/16/2025
466,nist_800_53,rev5,Identification and Authentication,IA-09,Service Identification and Authentication,mitigates,T1554,Compromise Host Software Binary,16.1,enterprise,,,,[],,,01/13/2022,04/16/2025
467,nist_800_53,rev5,Identification and Authentication,IA-09,Service Identification and Authentication,mitigates,T1562.006,Indicator Blocking,16.1,enterprise,,,,[],,,01/13/2022,04/16/2025
468,nist_800_53,rev5,Identification and Authentication,IA-09,Service Identification and Authentication,mitigates,T1566,Phishing,16.1,enterprise,,,,[],,,01/13/2022,04/16/2025
469,nist_800_53,rev5,Identification and Authentication,IA-09,Service Identification and Authentication,mitigates,T1566.001,Spearphishing Attachment,16.1,enterprise,,,,[],,,01/13/2022,04/16/2025
470,nist_800_53,rev5,Identification and Authentication,IA-09,Service Identification and Authentication,mitigates,T1566.002,Spearphishing Link,16.1,enterprise,,,,[],,,01/13/2022,04/16/2025
471,nist_800_53,rev5,Identification and Authentication,IA-09,Service Identification and Authentication,mitigates,T1598.003,Spearphishing Link,16.1,enterprise,,,,[],,,01/13/2022,04/16/2025
472,nist_800_53,rev5,Identification and Authentication,IA-08,Identification and Authentication (Non-Organizational Users),mitigates,T1053,Scheduled Task/Job,16.1,enterprise,,,,[],,,01/13/2022,04/16/2025
473,nist_800_53,rev5,Identification and Authentication,IA-08,Identification and Authentication (Non-Organizational Users),mitigates,T1059,Command and Scripting Interpreter,16.1,enterprise,,,,[],,,01/13/2022,04/16/2025
474,nist_800_53,rev5,Identification and Authentication,IA-08,Identification and Authentication (Non-Organizational Users),mitigates,T1190,Exploit Public-Facing Application,16.1,enterprise,,,,[],,,01/13/2022,04/16/2025
475,nist_800_53,rev5,Identification and Authentication,IA-08,Identification and Authentication (Non-Organizational Users),mitigates,T1213,Data from Information Repositories,16.1,enterprise,,,,[],,,01/13/2022,04/16/2025
476,nist_800_53,rev5,Identification and Authentication,IA-08,Identification and Authentication (Non-Organizational Users),mitigates,T1213.001,Confluence,16.1,enterprise,,,,[],,,01/13/2022,04/16/2025
477,nist_800_53,rev5,Identification and Authentication,IA-08,Identification and Authentication (Non-Organizational Users),mitigates,T1213.002,Sharepoint,16.1,enterprise,,,,[],,,01/13/2022,04/16/2025
478,nist_800_53,rev5,Identification and Authentication,IA-08,Identification and Authentication (Non-Organizational Users),mitigates,T1213.004,Customer Relationship Management Software,16.1,enterprise,,,,[],,,01/13/2022,04/16/2025
479,nist_800_53,rev5,Identification and Authentication,IA-08,Identification and Authentication (Non-Organizational Users),mitigates,T1213.005,Messaging Applications,16.1,enterprise,,,,[],,,01/13/2022,04/16/2025
480,nist_800_53,rev5,Identification and Authentication,IA-08,Identification and Authentication (Non-Organizational Users),mitigates,T1528,Steal Application Access Token,16.1,enterprise,,,,[],,,01/13/2022,04/16/2025
481,nist_800_53,rev5,Identification and Authentication,IA-08,Identification and Authentication (Non-Organizational Users),mitigates,T1530,Data from Cloud Storage,16.1,enterprise,,,,[],,,01/13/2022,04/16/2025
482,nist_800_53,rev5,Identification and Authentication,IA-08,Identification and Authentication (Non-Organizational Users),mitigates,T1537,Transfer Data to Cloud Account,16.1,enterprise,,,,[],,,01/13/2022,04/16/2025
483,nist_800_53,rev5,Identification and Authentication,IA-08,Identification and Authentication (Non-Organizational Users),mitigates,T1542,Pre-OS Boot,16.1,enterprise,,,,[],,,01/13/2022,04/16/2025
484,nist_800_53,rev5,Identification and Authentication,IA-08,Identification and Authentication (Non-Organizational Users),mitigates,T1542.001,System Firmware,16.1,enterprise,,,,[],,,01/13/2022,04/16/2025
485,nist_800_53,rev5,Contingency Planning,CP-07,Alternate Processing Site,mitigates,T1070.001,Clear Windows Event Logs,16.1,enterprise,,,,[],,,01/13/2022,04/16/2025
486,nist_800_53,rev5,Contingency Planning,CP-07,Alternate Processing Site,mitigates,T1119,Automated Collection,16.1,enterprise,,,,[],,,01/13/2022,04/16/2025
487,nist_800_53,rev5,Contingency Planning,CP-07,Alternate Processing Site,mitigates,T1485,Data Destruction,16.1,enterprise,,,,[],,,01/13/2022,04/16/2025
488,nist_800_53,rev5,Contingency Planning,CP-07,Alternate Processing Site,mitigates,T1490,Inhibit System Recovery,16.1,enterprise,,,,[],,,01/13/2022,04/16/2025
489,nist_800_53,rev5,Contingency Planning,CP-07,Alternate Processing Site,mitigates,T1565,Data Manipulation,16.1,enterprise,,,,[],,,01/13/2022,04/16/2025
490,nist_800_53,rev5,System and Communications Protection,SC-10,Network Disconnect,mitigates,T1071,Application Layer Protocol,16.1,enterprise,,,,[],,,01/13/2022,04/16/2025
491,nist_800_53,rev5,System and Communications Protection,SC-20,Secure Name/Address Resolution Service (Authoritative Source),mitigates,T1071,Application Layer Protocol,16.1,enterprise,,,,[],,,01/13/2022,04/16/2025
492,nist_800_53,rev5,System and Communications Protection,SC-21,Secure Name/Address Resolution Service (Recursive or Caching Resolver),mitigates,T1071,Application Layer Protocol,16.1,enterprise,,,,[],,,01/13/2022,04/16/2025
493,nist_800_53,rev5,System and Communications Protection,SC-22,Architecture and Provisioning for Name/Address Resolution Service,mitigates,T1071,Application Layer Protocol,16.1,enterprise,,,,[],,,01/13/2022,04/16/2025
494,nist_800_53,rev5,System and Communications Protection,SC-23,Session Authenticity,mitigates,T1071,Application Layer Protocol,16.1,enterprise,,,,[],,,01/13/2022,04/16/2025
495,nist_800_53,rev5,System and Communications Protection,SC-37,Out-of-band Channels,mitigates,T1071,Application Layer Protocol,16.1,enterprise,,,,[],,,01/13/2022,04/16/2025
496,nist_800_53,rev5,System and Communications Protection,SC-10,Network Disconnect,mitigates,T1071.002,File Transfer Protocols,16.1,enterprise,,,,[],,,01/13/2022,04/16/2025
497,nist_800_53,rev5,System and Communications Protection,SC-10,Network Disconnect,mitigates,T1071.003,Mail Protocols,16.1,enterprise,,,,[],,,01/13/2022,04/16/2025
498,nist_800_53,rev5,System and Services Acquisition,SA-10,Developer Configuration Management,mitigates,T1072,Software Deployment Tools,16.1,enterprise,,,,[],,,01/13/2022,04/16/2025
499,nist_800_53,rev5,System and Services Acquisition,SA-10,Developer Configuration Management,mitigates,T1078,Valid Accounts,16.1,enterprise,,,,[],,,01/13/2022,04/16/2025
500,nist_800_53,rev5,System and Services Acquisition,SA-10,Developer Configuration Management,mitigates,T1078.001,Default Accounts,16.1,enterprise,,,,[],,,01/13/2022,04/16/2025
501,nist_800_53,rev5,System and Services Acquisition,SA-10,Developer Configuration Management,mitigates,T1078.003,Local Accounts,16.1,enterprise,,,,[],,,01/13/2022,04/16/2025
502,nist_800_53,rev5,System and Services Acquisition,SA-10,Developer Configuration Management,mitigates,T1078.004,Cloud Accounts,16.1,enterprise,,,,[],,,01/13/2022,04/16/2025
503,nist_800_53,rev5,System and Services Acquisition,SA-10,Developer Configuration Management,mitigates,T1195.001,Compromise Software Dependencies and Development Tools,16.1,enterprise,,,,[],,,01/13/2022,04/16/2025
504,nist_800_53,rev5,System and Services Acquisition,SA-10,Developer Configuration Management,mitigates,T1213.003,Code Repositories,16.1,enterprise,,,,[],,,01/13/2022,04/16/2025
505,nist_800_53,rev5,System and Services Acquisition,SA-10,Developer Configuration Management,mitigates,T1542,Pre-OS Boot,16.1,enterprise,,,,[],,,01/13/2022,04/16/2025
506,nist_800_53,rev5,System and Services Acquisition,SA-10,Developer Configuration Management,mitigates,T1542.001,System Firmware,16.1,enterprise,,,,[],,,01/13/2022,04/16/2025
507,nist_800_53,rev5,System and Services Acquisition,SA-10,Developer Configuration Management,mitigates,T1553,Subvert Trust Controls,16.1,enterprise,,,,[],,,01/13/2022,04/16/2025
508,nist_800_53,rev5,System and Communications Protection,SC-12,Cryptographic Key Establishment and Management,mitigates,T1072,Software Deployment Tools,16.1,enterprise,,,,[],,,01/13/2022,04/16/2025
509,nist_800_53,rev5,System and Communications Protection,SC-17,Public Key Infrastructure Certificates,mitigates,T1072,Software Deployment Tools,16.1,enterprise,,,,[],,,01/13/2022,04/16/2025
510,nist_800_53,rev5,Identification and Authentication,IA-12,Identity Proofing,mitigates,T1078,Valid Accounts,16.1,enterprise,,,,[],,,01/13/2022,04/16/2025
511,nist_800_53,rev5,Identification and Authentication,IA-12,Identity Proofing,mitigates,T1078.003,Local Accounts,16.1,enterprise,,,,[],,,01/13/2022,04/16/2025
512,nist_800_53,rev5,Identification and Authentication,IA-12,Identity Proofing,mitigates,T1078.004,Cloud Accounts,16.1,enterprise,,,,[],,,01/13/2022,04/16/2025
513,nist_800_53,rev5,System and Services Acquisition,SA-11,Developer Testing and Evaluation,mitigates,T1078,Valid Accounts,16.1,enterprise,,,,[],,,01/13/2022,04/16/2025
514,nist_800_53,rev5,System and Services Acquisition,SA-15,"Development Process, Standards, and Tools",mitigates,T1078,Valid Accounts,16.1,enterprise,,,,[],,,01/13/2022,04/16/2025
515,nist_800_53,rev5,System and Services Acquisition,SA-17,Developer Security and Privacy Architecture and Design,mitigates,T1078,Valid Accounts,16.1,enterprise,,,,[],,,01/13/2022,04/16/2025
516,nist_800_53,rev5,System and Services Acquisition,SA-03,System Development Life Cycle,mitigates,T1078,Valid Accounts,16.1,enterprise,,,,[],,,01/13/2022,04/16/2025
517,nist_800_53,rev5,System and Services Acquisition,SA-04,Acquisition Process,mitigates,T1078,Valid Accounts,16.1,enterprise,,,,[],,,01/13/2022,04/16/2025
518,nist_800_53,rev5,Identification and Authentication,IA-13,Identity Providers and Authorization Servers,mitigates,T1078,Valid Accounts,16.1,enterprise,,,,[],,,01/13/2022,04/16/2025
519,nist_800_53,rev5,Identification and Authentication,IA-13,Identity Providers and Authorization Servers,mitigates,T1078.002,Domain Accounts,16.1,enterprise,,,,[],,,01/13/2022,04/16/2025
520,nist_800_53,rev5,Identification and Authentication,IA-13,Identity Providers and Authorization Servers,mitigates,T1078.004,Cloud Accounts,16.1,enterprise,,,,[],,,01/13/2022,04/16/2025
521,nist_800_53,rev5,Identification and Authentication,IA-13,Identity Providers and Authorization Servers,mitigates,T1111,Multi-Factor Authentication Interception,16.1,enterprise,,,,[],,,01/13/2022,04/16/2025
522,nist_800_53,rev5,Identification and Authentication,IA-13,Identity Providers and Authorization Servers,mitigates,T1134,Access Token Manipulation,16.1,enterprise,,,,[],,,01/13/2022,04/16/2025
523,nist_800_53,rev5,Identification and Authentication,IA-13,Identity Providers and Authorization Servers,mitigates,T1134.001,Token Impersonation/Theft,16.1,enterprise,,,,[],,,01/13/2022,04/16/2025
524,nist_800_53,rev5,Identification and Authentication,IA-13,Identity Providers and Authorization Servers,mitigates,T1134.003,Make and Impersonate Token,16.1,enterprise,,,,[],,,01/13/2022,04/16/2025
525,nist_800_53,rev5,Identification and Authentication,IA-13,Identity Providers and Authorization Servers,mitigates,T1134.005,SID-History Injection,16.1,enterprise,,,,[],,,01/13/2022,04/16/2025
526,nist_800_53,rev5,Identification and Authentication,IA-13,Identity Providers and Authorization Servers,mitigates,T1528,Steal Application Access Token,16.1,enterprise,,,,[],,,01/13/2022,04/16/2025
527,nist_800_53,rev5,Identification and Authentication,IA-13,Identity Providers and Authorization Servers,mitigates,T1556,Modify Authentication Process,16.1,enterprise,,,,[],,,01/13/2022,04/16/2025
528,nist_800_53,rev5,Identification and Authentication,IA-13,Identity Providers and Authorization Servers,mitigates,T1556.006,Multi-Factor Authentication,16.1,enterprise,,,,[],,,01/13/2022,04/16/2025
529,nist_800_53,rev5,Identification and Authentication,IA-13,Identity Providers and Authorization Servers,mitigates,T1556.007,Hybrid Identity,16.1,enterprise,,,,[],,,01/13/2022,04/16/2025
530,nist_800_53,rev5,Identification and Authentication,IA-13,Identity Providers and Authorization Servers,mitigates,T1556.009,Conditional Access Policies,16.1,enterprise,,,,[],,,01/13/2022,04/16/2025
531,nist_800_53,rev5,Identification and Authentication,IA-13,Identity Providers and Authorization Servers,mitigates,T1606,Forge Web Credentials,16.1,enterprise,,,,[],,,01/13/2022,04/16/2025
532,nist_800_53,rev5,Identification and Authentication,IA-13,Identity Providers and Authorization Servers,mitigates,T1606.002,SAML Tokens,16.1,enterprise,,,,[],,,01/13/2022,04/16/2025
533,nist_800_53,rev5,Identification and Authentication,IA-13,Identity Providers and Authorization Servers,mitigates,T1621,Multi-Factor Authentication Request Generation,16.1,enterprise,,,,[],,,01/13/2022,04/16/2025
534,nist_800_53,rev5,Identification and Authentication,IA-13,Identity Providers and Authorization Servers,mitigates,T1649,Steal or Forge Authentication Certificates,16.1,enterprise,,,,[],,,01/13/2022,04/16/2025
535,nist_800_53,rev5,System and Services Acquisition,SA-16,Developer-provided Training,mitigates,T1078.001,Default Accounts,16.1,enterprise,,,,[],,,01/13/2022,04/16/2025
536,nist_800_53,rev5,Identification and Authentication,IA-11,Re-authentication,mitigates,T1110,Brute Force,16.1,enterprise,,,,[],,,01/13/2022,04/16/2025
537,nist_800_53,rev5,Identification and Authentication,IA-11,Re-authentication,mitigates,T1556.006,Multi-Factor Authentication,16.1,enterprise,,,,[],,,01/13/2022,04/16/2025
538,nist_800_53,rev5,Identification and Authentication,IA-11,Re-authentication,mitigates,T1556.007,Hybrid Identity,16.1,enterprise,,,,[],,,01/13/2022,04/16/2025
539,nist_800_53,rev5,Security Assessment and Authorization,CA-02,Control Assessments,mitigates,T1190,Exploit Public-Facing Application,16.1,enterprise,,,,[],,,01/13/2022,04/16/2025
540,nist_800_53,rev5,Configuration Management,CM-08,System Component Inventory,mitigates,T1195,Supply Chain Compromise,16.1,enterprise,,,,[],,,01/13/2022,04/16/2025
541,nist_800_53,rev5,System and Services Acquisition,SA-15,"Development Process, Standards, and Tools",mitigates,T1195.001,Compromise Software Dependencies and Development Tools,16.1,enterprise,,,,[],,,01/13/2022,04/16/2025
542,nist_800_53,rev5,Identification and Authentication,IA-07,Cryptographic Module Authentication,mitigates,T1542,Pre-OS Boot,16.1,enterprise,,,,[],,,01/13/2022,04/16/2025
543,nist_800_53,rev5,Identification and Authentication,IA-07,Cryptographic Module Authentication,mitigates,T1542.001,System Firmware,16.1,enterprise,,,,[],,,01/13/2022,04/16/2025
544,nist_800_53,rev5,Identification and Authentication,IA-07,Cryptographic Module Authentication,mitigates,T1553,Subvert Trust Controls,16.1,enterprise,,,,[],,,01/13/2022,04/16/2025
545,nist_800_53,rev5,Media Protection,MP-07,Media Use,mitigates,T1092,Communication Through Removable Media,16.1,enterprise,,,,[],,,01/13/2022,04/16/2025
546,nist_800_53,rev5,Security Assessment and Authorization,CA-02,Control Assessments,mitigates,T1195,Supply Chain Compromise,16.1,enterprise,,,,[],,,01/13/2022,04/16/2025
547,nist_800_53,rev5,Security Assessment and Authorization,CA-02,Control Assessments,mitigates,T1195.001,Compromise Software Dependencies and Development Tools,16.1,enterprise,,,,[],,,01/13/2022,04/16/2025
548,nist_800_53,rev5,System and Communications Protection,SC-29,Heterogeneity,mitigates,T1190,Exploit Public-Facing Application,16.1,enterprise,,,,[],,,01/13/2022,04/16/2025
549,nist_800_53,rev5,System and Communications Protection,SC-29,Heterogeneity,mitigates,T1203,Exploitation for Client Execution,16.1,enterprise,,,,[],,,01/13/2022,04/16/2025
550,nist_800_53,rev5,Risk Assessment,RA-10,Threat Hunting,mitigates,T1190,Exploit Public-Facing Application,16.1,enterprise,,,,[],,,01/13/2022,04/16/2025
551,nist_800_53,rev5,Risk Assessment,RA-10,Threat Hunting,mitigates,T1195,Supply Chain Compromise,16.1,enterprise,,,,[],,,01/13/2022,04/16/2025
552,nist_800_53,rev5,Risk Assessment,RA-10,Threat Hunting,mitigates,T1195.001,Compromise Software Dependencies and Development Tools,16.1,enterprise,,,,[],,,01/13/2022,04/16/2025
553,nist_800_53,rev5,System and Communications Protection,SC-30,Concealment and Misdirection,mitigates,T1190,Exploit Public-Facing Application,16.1,enterprise,,,,[],,,01/13/2022,04/16/2025
554,nist_800_53,rev5,System and Communications Protection,SC-30,Concealment and Misdirection,mitigates,T1203,Exploitation for Client Execution,16.1,enterprise,,,,[],,,01/13/2022,04/16/2025
555,nist_800_53,rev5,Access Control,AC-21,Information Sharing,mitigates,T1213,Data from Information Repositories,16.1,enterprise,,,,[],,,01/13/2022,04/16/2025
556,nist_800_53,rev5,Access Control,AC-21,Information Sharing,mitigates,T1213.001,Confluence,16.1,enterprise,,,,[],,,01/13/2022,04/16/2025
557,nist_800_53,rev5,Access Control,AC-21,Information Sharing,mitigates,T1213.002,Sharepoint,16.1,enterprise,,,,[],,,01/13/2022,04/16/2025
558,nist_800_53,rev5,Access Control,AC-21,Information Sharing,mitigates,T1213.004,Customer Relationship Management Software,16.1,enterprise,,,,[],,,01/13/2022,04/16/2025
559,nist_800_53,rev5,Access Control,AC-21,Information Sharing,mitigates,T1213.005,Messaging Applications,16.1,enterprise,,,,[],,,01/13/2022,04/16/2025
560,nist_800_53,rev5,Contingency Planning,CP-10,System Recovery and Reconstitution,mitigates,T1485,Data Destruction,16.1,enterprise,,,,[],,,01/13/2022,04/16/2025
561,nist_800_53,rev5,Contingency Planning,CP-10,System Recovery and Reconstitution,mitigates,T1485.001,Lifecycle-Triggered Deletion,16.1,enterprise,,,,[],,,01/13/2022,04/16/2025
562,nist_800_53,rev5,Contingency Planning,CP-10,System Recovery and Reconstitution,mitigates,T1490,Inhibit System Recovery,16.1,enterprise,,,,[],,,01/13/2022,04/16/2025
563,nist_800_53,rev5,Contingency Planning,CP-10,System Recovery and Reconstitution,mitigates,T1565,Data Manipulation,16.1,enterprise,,,,[],,,01/13/2022,04/16/2025
564,nist_800_53,rev5,Contingency Planning,CP-02,Contingency Plan,mitigates,T1485,Data Destruction,16.1,enterprise,,,,[],,,01/13/2022,04/16/2025
565,nist_800_53,rev5,System and Communications Protection,SC-37,Out-of-band Channels,mitigates,T1071.002,File Transfer Protocols,16.1,enterprise,,,,[],,,01/13/2022,04/16/2025
566,nist_800_53,rev5,System and Communications Protection,SC-37,Out-of-band Channels,mitigates,T1071.003,Mail Protocols,16.1,enterprise,,,,[],,,01/13/2022,04/16/2025
567,nist_800_53,rev5,System and Communications Protection,SC-37,Out-of-band Channels,mitigates,T1114,Email Collection,16.1,enterprise,,,,[],,,01/13/2022,04/16/2025
568,nist_800_53,rev5,System and Communications Protection,SC-37,Out-of-band Channels,mitigates,T1114.001,Local Email Collection,16.1,enterprise,,,,[],,,01/13/2022,04/16/2025
569,nist_800_53,rev5,System and Communications Protection,SC-37,Out-of-band Channels,mitigates,T1114.002,Remote Email Collection,16.1,enterprise,,,,[],,,01/13/2022,04/16/2025
570,nist_800_53,rev5,System and Communications Protection,SC-37,Out-of-band Channels,mitigates,T1114.003,Email Forwarding Rule,16.1,enterprise,,,,[],,,01/13/2022,04/16/2025
571,nist_800_53,rev5,System and Communications Protection,SC-37,Out-of-band Channels,mitigates,T1213,Data from Information Repositories,16.1,enterprise,,,,[],,,01/13/2022,04/16/2025
572,nist_800_53,rev5,System and Communications Protection,SC-37,Out-of-band Channels,mitigates,T1213.005,Messaging Applications,16.1,enterprise,,,,[],,,01/13/2022,04/16/2025
573,nist_800_53,rev5,System and Communications Protection,SC-37,Out-of-band Channels,mitigates,T1489,Service Stop,16.1,enterprise,,,,[],,,01/13/2022,04/16/2025
574,nist_800_53,rev5,Identification and Authentication,IA-03,Device Identification and Authentication,mitigates,T1530,Data from Cloud Storage,16.1,enterprise,,,,[],,,01/13/2022,04/16/2025
575,nist_800_53,rev5,System and Services Acquisition,SA-22,Unsupported System Components,mitigates,T1195,Supply Chain Compromise,16.1,enterprise,,,,[],,,01/13/2022,04/16/2025
576,nist_800_53,rev5,System and Services Acquisition,SA-22,Unsupported System Components,mitigates,T1195.001,Compromise Software Dependencies and Development Tools,16.1,enterprise,,,,[],,,01/13/2022,04/16/2025
577,nist_800_53,rev5,System and Services Acquisition,SA-22,Unsupported System Components,mitigates,T1543,Create or Modify System Process,16.1,enterprise,,,,[],,,01/13/2022,04/16/2025
578,nist_800_53,rev5,System and Services Acquisition,SA-22,Unsupported System Components,mitigates,T1543.002,Systemd Service,16.1,enterprise,,,,[],,,01/13/2022,04/16/2025
579,nist_800_53,rev5,System and Information Integrity,SI-14,Non-persistence,mitigates,T1546.003,Windows Management Instrumentation Event Subscription,16.1,enterprise,,,,[],,,01/13/2022,04/16/2025
580,nist_800_53,rev5,System and Information Integrity,SI-14,Non-persistence,mitigates,T1547.004,Winlogon Helper DLL,16.1,enterprise,,,,[],,,01/13/2022,04/16/2025
581,nist_800_53,rev5,System and Communications Protection,SC-13,Cryptographic Protection,mitigates,T1557.004,Evil Twin,16.1,enterprise,,,,[],,,01/13/2022,04/16/2025
582,nist_800_53,rev5,System and Communications Protection,SC-40,Wireless Link Protection,mitigates,T1557.004,Evil Twin,16.1,enterprise,,,,[],,,01/13/2022,04/16/2025
583,nist_800_53,rev5,System and Communications Protection,SC-18,Mobile Code,mitigates,T1059,Command and Scripting Interpreter,16.1,enterprise,,,,[],,,01/13/2022,04/16/2025
584,nist_800_53,rev5,System and Communications Protection,SC-18,Mobile Code,mitigates,T1127.002,ClickOnce,16.1,enterprise,,,,[],,,01/13/2022,04/16/2025
585,nist_800_53,rev5,System and Communications Protection,SC-18,Mobile Code,mitigates,T1137.002,Office Test,16.1,enterprise,,,,[],,,01/13/2022,04/16/2025
586,nist_800_53,rev5,System and Communications Protection,SC-18,Mobile Code,mitigates,T1190,Exploit Public-Facing Application,16.1,enterprise,,,,[],,,01/13/2022,04/16/2025
587,nist_800_53,rev5,System and Communications Protection,SC-18,Mobile Code,mitigates,T1203,Exploitation for Client Execution,16.1,enterprise,,,,[],,,01/13/2022,04/16/2025
588,nist_800_53,rev5,System and Communications Protection,SC-18,Mobile Code,mitigates,T1218.015,Electron Applications,16.1,enterprise,,,,[],,,01/13/2022,04/16/2025
589,nist_800_53,rev5,System and Communications Protection,SC-18,Mobile Code,mitigates,T1548,Abuse Elevation Control Mechanism,16.1,enterprise,,,,[],,,01/13/2022,04/16/2025
590,nist_800_53,rev5,Contingency Planning,CP-02,Contingency Plan,mitigates,T1490,Inhibit System Recovery,16.1,enterprise,,,,[],,,01/13/2022,04/16/2025
591,nist_800_53,rev5,Configuration Management,CM-10,Software Usage Restrictions,mitigates,T1550.001,Application Access Token,16.1,enterprise,,,,[],,,01/13/2022,04/16/2025
592,nist_800_53,rev5,Configuration Management,CM-10,Software Usage Restrictions,mitigates,T1553,Subvert Trust Controls,16.1,enterprise,,,,[],,,01/13/2022,04/16/2025
593,nist_800_53,rev5,Configuration Management,CM-10,Software Usage Restrictions,mitigates,T1562.006,Indicator Blocking,16.1,enterprise,,,,[],,,01/13/2022,04/16/2025
594,nist_800_53,rev5,Contingency Planning,CP-06,Alternate Storage Site,mitigates,T1070.001,Clear Windows Event Logs,16.1,enterprise,,,,[],,,01/13/2022,04/16/2025
595,nist_800_53,rev5,Contingency Planning,CP-06,Alternate Storage Site,mitigates,T1119,Automated Collection,16.1,enterprise,,,,[],,,01/13/2022,04/16/2025
596,nist_800_53,rev5,Contingency Planning,CP-06,Alternate Storage Site,mitigates,T1565,Data Manipulation,16.1,enterprise,,,,[],,,01/13/2022,04/16/2025
597,nist_800_53,rev5,System and Communications Protection,SC-36,Distributed Processing and Storage,mitigates,T1070.001,Clear Windows Event Logs,16.1,enterprise,,,,[],,,01/13/2022,04/16/2025
598,nist_800_53,rev5,System and Communications Protection,SC-36,Distributed Processing and Storage,mitigates,T1119,Automated Collection,16.1,enterprise,,,,[],,,01/13/2022,04/16/2025
599,nist_800_53,rev5,System and Communications Protection,SC-36,Distributed Processing and Storage,mitigates,T1565,Data Manipulation,16.1,enterprise,,,,[],,,01/13/2022,04/16/2025
600,nist_800_53,rev5,System and Information Integrity,SI-23,Information Fragmentation,mitigates,T1070.001,Clear Windows Event Logs,16.1,enterprise,,,,[],,,01/13/2022,04/16/2025
601,nist_800_53,rev5,System and Information Integrity,SI-23,Information Fragmentation,mitigates,T1072,Software Deployment Tools,16.1,enterprise,,,,[],,,01/13/2022,04/16/2025
602,nist_800_53,rev5,System and Information Integrity,SI-23,Information Fragmentation,mitigates,T1119,Automated Collection,16.1,enterprise,,,,[],,,01/13/2022,04/16/2025
603,nist_800_53,rev5,System and Information Integrity,SI-23,Information Fragmentation,mitigates,T1565,Data Manipulation,16.1,enterprise,,,,[],,,01/13/2022,04/16/2025
604,nist_800_53,rev5,Contingency Planning,CP-09,System Backup,mitigates,T1070.001,Clear Windows Event Logs,16.1,enterprise,,,,[],,,01/13/2022,04/16/2025
605,nist_800_53,rev5,Contingency Planning,CP-09,System Backup,mitigates,T1119,Automated Collection,16.1,enterprise,,,,[],,,01/13/2022,04/16/2025
606,nist_800_53,rev5,Contingency Planning,CP-09,System Backup,mitigates,T1485,Data Destruction,16.1,enterprise,,,,[],,,01/13/2022,04/16/2025
607,nist_800_53,rev5,Contingency Planning,CP-09,System Backup,mitigates,T1485.001,Lifecycle-Triggered Deletion,16.1,enterprise,,,,[],,,01/13/2022,04/16/2025
608,nist_800_53,rev5,Contingency Planning,CP-09,System Backup,mitigates,T1490,Inhibit System Recovery,16.1,enterprise,,,,[],,,01/13/2022,04/16/2025
609,nist_800_53,rev5,Contingency Planning,CP-09,System Backup,mitigates,T1565,Data Manipulation,16.1,enterprise,,,,[],,,01/13/2022,04/16/2025
610,nist_800_53,rev5,Access Control,AC-23,Data Mining Protection,mitigates,T1213,Data from Information Repositories,16.1,enterprise,,,,[],,,01/13/2022,04/16/2025
611,nist_800_53,rev5,Access Control,AC-23,Data Mining Protection,mitigates,T1213.001,Confluence,16.1,enterprise,,,,[],,,01/13/2022,04/16/2025
612,nist_800_53,rev5,Access Control,AC-23,Data Mining Protection,mitigates,T1213.002,Sharepoint,16.1,enterprise,,,,[],,,01/13/2022,04/16/2025
613,nist_800_53,rev5,Access Control,AC-23,Data Mining Protection,mitigates,T1213.004,Customer Relationship Management Software,16.1,enterprise,,,,[],,,01/13/2022,04/16/2025
614,nist_800_53,rev5,Access Control,AC-23,Data Mining Protection,mitigates,T1213.005,Messaging Applications,16.1,enterprise,,,,[],,,01/13/2022,04/16/2025
615,nist_800_53,rev5,Security Assessment and Authorization,CA-03,Information Exchange,mitigates,T1078,Valid Accounts,16.1,enterprise,,,,[],,,01/13/2022,04/16/2025
616,nist_800_53,rev5,System and Services Acquisition,SA-09,External System Services,mitigates,T1072,Software Deployment Tools,16.1,enterprise,,,,[],,,01/13/2022,04/16/2025
617,nist_800_53,rev5,System and Communications Protection,SC-31,Covert Channel Analysis,mitigates,T1071,Application Layer Protocol,16.1,enterprise,,,,[],,,01/13/2022,04/16/2025
618,nist_800_53,rev5,System and Communications Protection,SC-31,Covert Channel Analysis,mitigates,T1071.002,File Transfer Protocols,16.1,enterprise,,,,[],,,01/13/2022,04/16/2025
619,nist_800_53,rev5,System and Communications Protection,SC-31,Covert Channel Analysis,mitigates,T1071.003,Mail Protocols,16.1,enterprise,,,,[],,,01/13/2022,04/16/2025
620,nist_800_53,rev5,System and Communications Protection,SC-31,Covert Channel Analysis,mitigates,T1071.005,Publish/Subscribe Protocols,16.1,enterprise,,,,[],,,01/13/2022,04/16/2025
621,nist_800_53,rev5,System and Communications Protection,SC-21,Secure Name/Address Resolution Service (Recursive or Caching Resolver),mitigates,T1071.002,File Transfer Protocols,16.1,enterprise,,,,[],,,01/13/2022,04/16/2025
622,nist_800_53,rev5,System and Communications Protection,SC-21,Secure Name/Address Resolution Service (Recursive or Caching Resolver),mitigates,T1071.003,Mail Protocols,16.1,enterprise,,,,[],,,01/13/2022,04/16/2025
623,nist_800_53,rev5,System and Communications Protection,SC-22,Architecture and Provisioning for Name/Address Resolution Service,mitigates,T1071.002,File Transfer Protocols,16.1,enterprise,,,,[],,,01/13/2022,04/16/2025
624,nist_800_53,rev5,System and Communications Protection,SC-22,Architecture and Provisioning for Name/Address Resolution Service,mitigates,T1071.003,Mail Protocols,16.1,enterprise,,,,[],,,01/13/2022,04/16/2025
625,nist_800_53,rev5,Configuration Management,CM-11,User-installed Software,mitigates,T1059,Command and Scripting Interpreter,16.1,enterprise,,,,[],,,01/13/2022,04/16/2025
626,nist_800_53,rev5,Configuration Management,CM-11,User-installed Software,mitigates,T1059.006,Python,16.1,enterprise,,,,[],,,01/13/2022,04/16/2025
627,nist_800_53,rev5,Configuration Management,CM-11,User-installed Software,mitigates,T1072,Software Deployment Tools,16.1,enterprise,,,,[],,,01/13/2022,04/16/2025
628,nist_800_53,rev5,Configuration Management,CM-11,User-installed Software,mitigates,T1176,Browser Extensions,16.1,enterprise,,,,[],,,01/13/2022,04/16/2025
629,nist_800_53,rev5,Configuration Management,CM-11,User-installed Software,mitigates,T1195,Supply Chain Compromise,16.1,enterprise,,,,[],,,01/13/2022,04/16/2025
630,nist_800_53,rev5,Configuration Management,CM-11,User-installed Software,mitigates,T1195.001,Compromise Software Dependencies and Development Tools,16.1,enterprise,,,,[],,,01/13/2022,04/16/2025
631,nist_800_53,rev5,Configuration Management,CM-11,User-installed Software,mitigates,T1218,System Binary Proxy Execution,16.1,enterprise,,,,[],,,01/13/2022,04/16/2025
632,nist_800_53,rev5,Configuration Management,CM-11,User-installed Software,mitigates,T1543,Create or Modify System Process,16.1,enterprise,,,,[],,,01/13/2022,04/16/2025
633,nist_800_53,rev5,Configuration Management,CM-11,User-installed Software,mitigates,T1543.002,Systemd Service,16.1,enterprise,,,,[],,,01/13/2022,04/16/2025
634,nist_800_53,rev5,Configuration Management,CM-11,User-installed Software,mitigates,T1543.003,Windows Service,16.1,enterprise,,,,[],,,01/13/2022,04/16/2025
635,nist_800_53,rev5,Configuration Management,CM-11,User-installed Software,mitigates,T1550.001,Application Access Token,16.1,enterprise,,,,[],,,01/13/2022,04/16/2025
636,nist_800_53,rev5,System and Communications Protection,SC-12,Cryptographic Key Establishment and Management,mitigates,T1521.003,SSL Pinning,16.1,enterprise,,,,[],,,01/13/2022,04/16/2025
637,nist_800_53,rev5,System and Communications Protection,SC-12,Cryptographic Key Establishment and Management,mitigates,T1552,Unsecured Credentials,16.1,enterprise,,,,[],,,01/13/2022,04/16/2025
638,nist_800_53,rev5,System and Communications Protection,SC-12,Cryptographic Key Establishment and Management,mitigates,T1552.001,Credentials In Files,16.1,enterprise,,,,[],,,01/13/2022,04/16/2025
639,nist_800_53,rev5,System and Communications Protection,SC-12,Cryptographic Key Establishment and Management,mitigates,T1552.004,Private Keys,16.1,enterprise,,,,[],,,01/13/2022,04/16/2025
640,nist_800_53,rev5,System and Communications Protection,SC-12,Cryptographic Key Establishment and Management,mitigates,T1573,Encrypted Channel,16.1,enterprise,,,,[],,,01/13/2022,04/16/2025
641,nist_800_53,rev5,System and Communications Protection,SC-16,Transmission of Security and Privacy Attributes,mitigates,T1573,Encrypted Channel,16.1,enterprise,,,,[],,,01/13/2022,04/16/2025
642,nist_800_53,rev5,System and Services Acquisition,SA-15,"Development Process, Standards, and Tools",mitigates,T1078.001,Default Accounts,16.1,enterprise,,,,[],,,01/13/2022,04/16/2025
643,nist_800_53,rev5,System and Services Acquisition,SA-15,"Development Process, Standards, and Tools",mitigates,T1078.003,Local Accounts,16.1,enterprise,,,,[],,,01/13/2022,04/16/2025
644,nist_800_53,rev5,System and Services Acquisition,SA-15,"Development Process, Standards, and Tools",mitigates,T1078.004,Cloud Accounts,16.1,enterprise,,,,[],,,01/13/2022,04/16/2025
645,nist_800_53,rev5,System and Services Acquisition,SA-15,"Development Process, Standards, and Tools",mitigates,T1213.003,Code Repositories,16.1,enterprise,,,,[],,,01/13/2022,04/16/2025
646,nist_800_53,rev5,System and Services Acquisition,SA-15,"Development Process, Standards, and Tools",mitigates,T1528,Steal Application Access Token,16.1,enterprise,,,,[],,,01/13/2022,04/16/2025
647,nist_800_53,rev5,System and Services Acquisition,SA-15,"Development Process, Standards, and Tools",mitigates,T1552,Unsecured Credentials,16.1,enterprise,,,,[],,,01/13/2022,04/16/2025
648,nist_800_53,rev5,System and Services Acquisition,SA-15,"Development Process, Standards, and Tools",mitigates,T1552.001,Credentials In Files,16.1,enterprise,,,,[],,,01/13/2022,04/16/2025
649,nist_800_53,rev5,System and Services Acquisition,SA-15,"Development Process, Standards, and Tools",mitigates,T1552.004,Private Keys,16.1,enterprise,,,,[],,,01/13/2022,04/16/2025
650,nist_800_53,rev5,System and Services Acquisition,SA-16,Developer-provided Training,mitigates,T1078.003,Local Accounts,16.1,enterprise,,,,[],,,01/13/2022,04/16/2025
651,nist_800_53,rev5,System and Services Acquisition,SA-17,Developer Security and Privacy Architecture and Design,mitigates,T1078.001,Default Accounts,16.1,enterprise,,,,[],,,01/13/2022,04/16/2025
652,nist_800_53,rev5,System and Services Acquisition,SA-17,Developer Security and Privacy Architecture and Design,mitigates,T1078.003,Local Accounts,16.1,enterprise,,,,[],,,01/13/2022,04/16/2025
653,nist_800_53,rev5,System and Services Acquisition,SA-17,Developer Security and Privacy Architecture and Design,mitigates,T1078.004,Cloud Accounts,16.1,enterprise,,,,[],,,01/13/2022,04/16/2025
654,nist_800_53,rev5,System and Services Acquisition,SA-03,System Development Life Cycle,mitigates,T1078.001,Default Accounts,16.1,enterprise,,,,[],,,01/13/2022,04/16/2025
655,nist_800_53,rev5,System and Services Acquisition,SA-03,System Development Life Cycle,mitigates,T1078.003,Local Accounts,16.1,enterprise,,,,[],,,01/13/2022,04/16/2025
656,nist_800_53,rev5,System and Services Acquisition,SA-03,System Development Life Cycle,mitigates,T1078.004,Cloud Accounts,16.1,enterprise,,,,[],,,01/13/2022,04/16/2025
657,nist_800_53,rev5,System and Services Acquisition,SA-03,System Development Life Cycle,mitigates,T1213.003,Code Repositories,16.1,enterprise,,,,[],,,01/13/2022,04/16/2025
658,nist_800_53,rev5,System and Services Acquisition,SA-04,Acquisition Process,mitigates,T1078.001,Default Accounts,16.1,enterprise,,,,[],,,01/13/2022,04/16/2025
659,nist_800_53,rev5,System and Services Acquisition,SA-04,Acquisition Process,mitigates,T1078.003,Local Accounts,16.1,enterprise,,,,[],,,01/13/2022,04/16/2025
660,nist_800_53,rev5,System and Services Acquisition,SA-04,Acquisition Process,mitigates,T1078.004,Cloud Accounts,16.1,enterprise,,,,[],,,01/13/2022,04/16/2025
661,nist_800_53,rev5,Identification and Authentication,IA-06,Authentication Feedback,mitigates,T1530,Data from Cloud Storage,16.1,enterprise,,,,[],,,01/13/2022,04/16/2025
662,nist_800_53,rev5,Identification and Authentication,IA-06,Authentication Feedback,mitigates,T1563,Remote Service Session Hijacking,16.1,enterprise,,,,[],,,01/13/2022,04/16/2025
663,nist_800_53,rev5,System and Communications Protection,SC-32,Information System Partitioning,mitigates,T1590.002,DNS,16.1,enterprise,,,,[],,,01/13/2022,04/16/2025
664,nist_800_53,rev5,System and Communications Protection,SC-07,Boundary Protection,mitigates,T1590.002,DNS,16.1,enterprise,,,,[],,,01/13/2022,04/16/2025
665,nist_800_53,rev5,System and Communications Protection,SC-20,Secure Name/Address Resolution Service (Authoritative Source),mitigates,T1071.002,File Transfer Protocols,16.1,enterprise,,,,[],,,01/13/2022,04/16/2025
666,nist_800_53,rev5,System and Communications Protection,SC-20,Secure Name/Address Resolution Service (Authoritative Source),mitigates,T1071.003,Mail Protocols,16.1,enterprise,,,,[],,,01/13/2022,04/16/2025
667,nist_800_53,rev5,System and Communications Protection,SC-20,Secure Name/Address Resolution Service (Authoritative Source),mitigates,T1566,Phishing,16.1,enterprise,,,,[],,,01/13/2022,04/16/2025
668,nist_800_53,rev5,System and Communications Protection,SC-20,Secure Name/Address Resolution Service (Authoritative Source),mitigates,T1566.001,Spearphishing Attachment,16.1,enterprise,,,,[],,,01/13/2022,04/16/2025
669,nist_800_53,rev5,System and Communications Protection,SC-20,Secure Name/Address Resolution Service (Authoritative Source),mitigates,T1566.002,Spearphishing Link,16.1,enterprise,,,,[],,,01/13/2022,04/16/2025
670,nist_800_53,rev5,System and Communications Protection,SC-20,Secure Name/Address Resolution Service (Authoritative Source),mitigates,T1598.003,Spearphishing Link,16.1,enterprise,,,,[],,,01/13/2022,04/16/2025
671,nist_800_53,rev5,System and Communications Protection,SC-44,Detonation Chambers,mitigates,T1137.002,Office Test,16.1,enterprise,,,,[],,,01/13/2022,04/16/2025
672,nist_800_53,rev5,System and Communications Protection,SC-44,Detonation Chambers,mitigates,T1203,Exploitation for Client Execution,16.1,enterprise,,,,[],,,01/13/2022,04/16/2025
673,nist_800_53,rev5,System and Communications Protection,SC-44,Detonation Chambers,mitigates,T1204,User Execution,16.1,enterprise,,,,[],,,01/13/2022,04/16/2025
674,nist_800_53,rev5,System and Communications Protection,SC-44,Detonation Chambers,mitigates,T1204.002,Malicious File,16.1,enterprise,,,,[],,,01/13/2022,04/16/2025
675,nist_800_53,rev5,System and Communications Protection,SC-44,Detonation Chambers,mitigates,T1566,Phishing,16.1,enterprise,,,,[],,,01/13/2022,04/16/2025
676,nist_800_53,rev5,System and Communications Protection,SC-44,Detonation Chambers,mitigates,T1566.001,Spearphishing Attachment,16.1,enterprise,,,,[],,,01/13/2022,04/16/2025
677,nist_800_53,rev5,System and Communications Protection,SC-44,Detonation Chambers,mitigates,T1566.002,Spearphishing Link,16.1,enterprise,,,,[],,,01/13/2022,04/16/2025
678,nist_800_53,rev5,System and Communications Protection,SC-44,Detonation Chambers,mitigates,T1566.003,Spearphishing via Service,16.1,enterprise,,,,[],,,01/13/2022,04/16/2025
679,nist_800_53,rev5,System and Communications Protection,SC-44,Detonation Chambers,mitigates,T1598.003,Spearphishing Link,16.1,enterprise,,,,[],,,01/13/2022,04/16/2025
680,nist_800_53,rev5,System and Information Integrity,SI-08,Spam Protection,mitigates,T1137.002,Office Test,16.1,enterprise,,,,[],,,01/13/2022,04/16/2025
681,nist_800_53,rev5,System and Information Integrity,SI-08,Spam Protection,mitigates,T1204,User Execution,16.1,enterprise,,,,[],,,01/13/2022,04/16/2025
682,nist_800_53,rev5,System and Information Integrity,SI-08,Spam Protection,mitigates,T1204.002,Malicious File,16.1,enterprise,,,,[],,,01/13/2022,04/16/2025
683,nist_800_53,rev5,System and Information Integrity,SI-08,Spam Protection,mitigates,T1566,Phishing,16.1,enterprise,,,,[],,,01/13/2022,04/16/2025
684,nist_800_53,rev5,System and Information Integrity,SI-08,Spam Protection,mitigates,T1566.001,Spearphishing Attachment,16.1,enterprise,,,,[],,,01/13/2022,04/16/2025
685,nist_800_53,rev5,System and Information Integrity,SI-08,Spam Protection,mitigates,T1566.002,Spearphishing Link,16.1,enterprise,,,,[],,,01/13/2022,04/16/2025
686,nist_800_53,rev5,System and Information Integrity,SI-08,Spam Protection,mitigates,T1566.003,Spearphishing via Service,16.1,enterprise,,,,[],,,01/13/2022,04/16/2025
687,nist_800_53,rev5,System and Information Integrity,SI-08,Spam Protection,mitigates,T1598.003,Spearphishing Link,16.1,enterprise,,,,[],,,01/13/2022,04/16/2025
688,nist_800_53,rev5,Risk Assessment,RA-09,Criticality Analysis,mitigates,T1542,Pre-OS Boot,16.1,enterprise,,,,[],,,01/13/2022,04/16/2025
689,nist_800_53,rev5,Risk Assessment,RA-09,Criticality Analysis,mitigates,T1542.001,System Firmware,16.1,enterprise,,,,[],,,01/13/2022,04/16/2025
690,nist_800_53,rev5,Risk Assessment,RA-09,Criticality Analysis,mitigates,T1553,Subvert Trust Controls,16.1,enterprise,,,,[],,,01/13/2022,04/16/2025
691,nist_800_53,rev5,Supply Chain Risk Management,SR-11,Component Authenticity,mitigates,T1195,Supply Chain Compromise,16.1,enterprise,,,,[],,,01/13/2022,04/16/2025
692,nist_800_53,rev5,Supply Chain Risk Management,SR-11,Component Authenticity,mitigates,T1195.001,Compromise Software Dependencies and Development Tools,16.1,enterprise,,,,[],,,01/13/2022,04/16/2025
693,nist_800_53,rev5,Supply Chain Risk Management,SR-11,Component Authenticity,mitigates,T1195.002,Compromise Software Supply Chain,16.1,enterprise,,,,[],,,01/13/2022,04/16/2025
694,nist_800_53,rev5,Supply Chain Risk Management,SR-11,Component Authenticity,mitigates,T1195.003,Compromise Hardware Supply Chain,16.1,enterprise,,,,[],,,01/13/2022,04/16/2025
695,nist_800_53,rev5,Supply Chain Risk Management,SR-11,Component Authenticity,mitigates,T1554,Compromise Host Software Binary,16.1,enterprise,,,,[],,,01/13/2022,04/16/2025
696,nist_800_53,rev5,Supply Chain Risk Management,SR-04,Provenance,mitigates,T1195,Supply Chain Compromise,16.1,enterprise,,,,[],,,01/13/2022,04/16/2025
697,nist_800_53,rev5,Supply Chain Risk Management,SR-04,Provenance,mitigates,T1195.001,Compromise Software Dependencies and Development Tools,16.1,enterprise,,,,[],,,01/13/2022,04/16/2025
698,nist_800_53,rev5,Supply Chain Risk Management,SR-04,Provenance,mitigates,T1195.002,Compromise Software Supply Chain,16.1,enterprise,,,,[],,,01/13/2022,04/16/2025
699,nist_800_53,rev5,Supply Chain Risk Management,SR-04,Provenance,mitigates,T1195.003,Compromise Hardware Supply Chain,16.1,enterprise,,,,[],,,01/13/2022,04/16/2025
700,nist_800_53,rev5,Supply Chain Risk Management,SR-04,Provenance,mitigates,T1554,Compromise Host Software Binary,16.1,enterprise,,,,[],,,01/13/2022,04/16/2025
701,nist_800_53,rev5,Supply Chain Risk Management,SR-05,"Acquisition Strategies, Tools, and Methods",mitigates,T1195,Supply Chain Compromise,16.1,enterprise,,,,[],,,01/13/2022,04/16/2025
702,nist_800_53,rev5,Supply Chain Risk Management,SR-05,"Acquisition Strategies, Tools, and Methods",mitigates,T1195.001,Compromise Software Dependencies and Development Tools,16.1,enterprise,,,,[],,,01/13/2022,04/16/2025
703,nist_800_53,rev5,Supply Chain Risk Management,SR-05,"Acquisition Strategies, Tools, and Methods",mitigates,T1195.002,Compromise Software Supply Chain,16.1,enterprise,,,,[],,,01/13/2022,04/16/2025
704,nist_800_53,rev5,Supply Chain Risk Management,SR-05,"Acquisition Strategies, Tools, and Methods",mitigates,T1195.003,Compromise Hardware Supply Chain,16.1,enterprise,,,,[],,,01/13/2022,04/16/2025
705,nist_800_53,rev5,Supply Chain Risk Management,SR-05,"Acquisition Strategies, Tools, and Methods",mitigates,T1554,Compromise Host Software Binary,16.1,enterprise,,,,[],,,01/13/2022,04/16/2025
706,nist_800_53,rev5,Access Control,AC-19,Access Control for Mobile Devices,mitigates,T1020.001,Traffic Duplication,16.1,enterprise,,,,[],,,01/13/2022,04/16/2025
707,nist_800_53,rev5,Access Control,AC-19,Access Control for Mobile Devices,mitigates,T1040,Network Sniffing,16.1,enterprise,,,,[],,,01/13/2022,04/16/2025
708,nist_800_53,rev5,Access Control,AC-19,Access Control for Mobile Devices,mitigates,T1070.001,Clear Windows Event Logs,16.1,enterprise,,,,[],,,01/13/2022,04/16/2025
709,nist_800_53,rev5,Access Control,AC-19,Access Control for Mobile Devices,mitigates,T1114,Email Collection,16.1,enterprise,,,,[],,,01/13/2022,04/16/2025
710,nist_800_53,rev5,Access Control,AC-19,Access Control for Mobile Devices,mitigates,T1114.002,Remote Email Collection,16.1,enterprise,,,,[],,,01/13/2022,04/16/2025
711,nist_800_53,rev5,Access Control,AC-19,Access Control for Mobile Devices,mitigates,T1114.003,Email Forwarding Rule,16.1,enterprise,,,,[],,,01/13/2022,04/16/2025
712,nist_800_53,rev5,Access Control,AC-19,Access Control for Mobile Devices,mitigates,T1119,Automated Collection,16.1,enterprise,,,,[],,,01/13/2022,04/16/2025
713,nist_800_53,rev5,Access Control,AC-19,Access Control for Mobile Devices,mitigates,T1530,Data from Cloud Storage,16.1,enterprise,,,,[],,,01/13/2022,04/16/2025
714,nist_800_53,rev5,Access Control,AC-19,Access Control for Mobile Devices,mitigates,T1550.001,Application Access Token,16.1,enterprise,,,,[],,,01/13/2022,04/16/2025
715,nist_800_53,rev5,Access Control,AC-19,Access Control for Mobile Devices,mitigates,T1552,Unsecured Credentials,16.1,enterprise,,,,[],,,01/13/2022,04/16/2025
716,nist_800_53,rev5,Access Control,AC-19,Access Control for Mobile Devices,mitigates,T1552.004,Private Keys,16.1,enterprise,,,,[],,,01/13/2022,04/16/2025
717,nist_800_53,rev5,Access Control,AC-19,Access Control for Mobile Devices,mitigates,T1557,Adversary-in-the-Middle,16.1,enterprise,,,,[],,,01/13/2022,04/16/2025
718,nist_800_53,rev5,Access Control,AC-19,Access Control for Mobile Devices,mitigates,T1557.004,Evil Twin,16.1,enterprise,,,,[],,,01/13/2022,04/16/2025
719,nist_800_53,rev5,Access Control,AC-19,Access Control for Mobile Devices,mitigates,T1558,Steal or Forge Kerberos Tickets,16.1,enterprise,,,,[],,,01/13/2022,04/16/2025
720,nist_800_53,rev5,Access Control,AC-19,Access Control for Mobile Devices,mitigates,T1565,Data Manipulation,16.1,enterprise,,,,[],,,01/13/2022,04/16/2025
721,nist_800_53,rev5,Identification and Authentication,IA-04,Identifier Management,mitigates,T1003.005,Cached Domain Credentials,16.1,enterprise,,,,[],,,01/13/2022,04/16/2025
722,nist_800_53,rev5,Identification and Authentication,IA-04,Identifier Management,mitigates,T1053,Scheduled Task/Job,16.1,enterprise,,,,[],,,01/13/2022,04/16/2025
723,nist_800_53,rev5,Identification and Authentication,IA-04,Identifier Management,mitigates,T1053.002,At,16.1,enterprise,,,,[],,,01/13/2022,04/16/2025
724,nist_800_53,rev5,Identification and Authentication,IA-04,Identifier Management,mitigates,T1053.005,Scheduled Task,16.1,enterprise,,,,[],,,01/13/2022,04/16/2025
725,nist_800_53,rev5,Identification and Authentication,IA-04,Identifier Management,mitigates,T1098.007,Additional Local or Domain Groups,16.1,enterprise,,,,[],,,01/13/2022,04/16/2025
726,nist_800_53,rev5,Identification and Authentication,IA-04,Identifier Management,mitigates,T1110,Brute Force,16.1,enterprise,,,,[],,,01/13/2022,04/16/2025
727,nist_800_53,rev5,Identification and Authentication,IA-04,Identifier Management,mitigates,T1213,Data from Information Repositories,16.1,enterprise,,,,[],,,01/13/2022,04/16/2025
728,nist_800_53,rev5,Identification and Authentication,IA-04,Identifier Management,mitigates,T1213.001,Confluence,16.1,enterprise,,,,[],,,01/13/2022,04/16/2025
729,nist_800_53,rev5,Identification and Authentication,IA-04,Identifier Management,mitigates,T1213.002,Sharepoint,16.1,enterprise,,,,[],,,01/13/2022,04/16/2025
730,nist_800_53,rev5,Identification and Authentication,IA-04,Identifier Management,mitigates,T1213.004,Customer Relationship Management Software,16.1,enterprise,,,,[],,,01/13/2022,04/16/2025
731,nist_800_53,rev5,Identification and Authentication,IA-04,Identifier Management,mitigates,T1213.005,Messaging Applications,16.1,enterprise,,,,[],,,01/13/2022,04/16/2025
732,nist_800_53,rev5,Identification and Authentication,IA-04,Identifier Management,mitigates,T1528,Steal Application Access Token,16.1,enterprise,,,,[],,,01/13/2022,04/16/2025
733,nist_800_53,rev5,Identification and Authentication,IA-04,Identifier Management,mitigates,T1530,Data from Cloud Storage,16.1,enterprise,,,,[],,,01/13/2022,04/16/2025
734,nist_800_53,rev5,Identification and Authentication,IA-04,Identifier Management,mitigates,T1537,Transfer Data to Cloud Account,16.1,enterprise,,,,[],,,01/13/2022,04/16/2025
735,nist_800_53,rev5,Identification and Authentication,IA-04,Identifier Management,mitigates,T1543,Create or Modify System Process,16.1,enterprise,,,,[],,,01/13/2022,04/16/2025
736,nist_800_53,rev5,Identification and Authentication,IA-04,Identifier Management,mitigates,T1550.001,Application Access Token,16.1,enterprise,,,,[],,,01/13/2022,04/16/2025
737,nist_800_53,rev5,Identification and Authentication,IA-04,Identifier Management,mitigates,T1552,Unsecured Credentials,16.1,enterprise,,,,[],,,01/13/2022,04/16/2025
738,nist_800_53,rev5,Identification and Authentication,IA-04,Identifier Management,mitigates,T1562,Impair Defenses,16.1,enterprise,,,,[],,,01/13/2022,04/16/2025
739,nist_800_53,rev5,Identification and Authentication,IA-04,Identifier Management,mitigates,T1563,Remote Service Session Hijacking,16.1,enterprise,,,,[],,,01/13/2022,04/16/2025
740,nist_800_53,rev5,System and Communications Protection,SC-28,Protection of Information at Rest,mitigates,T1003.001,LSASS Memory,16.1,enterprise,,,,[],,,01/13/2022,04/16/2025
741,nist_800_53,rev5,System and Communications Protection,SC-28,Protection of Information at Rest,mitigates,T1003.005,Cached Domain Credentials,16.1,enterprise,,,,[],,,01/13/2022,04/16/2025
742,nist_800_53,rev5,System and Communications Protection,SC-28,Protection of Information at Rest,mitigates,T1003.007,Proc Filesystem,16.1,enterprise,,,,[],,,01/13/2022,04/16/2025
743,nist_800_53,rev5,System and Communications Protection,SC-28,Protection of Information at Rest,mitigates,T1078,Valid Accounts,16.1,enterprise,,,,[],,,01/13/2022,04/16/2025
744,nist_800_53,rev5,System and Communications Protection,SC-28,Protection of Information at Rest,mitigates,T1078.001,Default Accounts,16.1,enterprise,,,,[],,,01/13/2022,04/16/2025
745,nist_800_53,rev5,System and Communications Protection,SC-28,Protection of Information at Rest,mitigates,T1078.003,Local Accounts,16.1,enterprise,,,,[],,,01/13/2022,04/16/2025
746,nist_800_53,rev5,System and Communications Protection,SC-28,Protection of Information at Rest,mitigates,T1078.004,Cloud Accounts,16.1,enterprise,,,,[],,,01/13/2022,04/16/2025
747,nist_800_53,rev5,System and Communications Protection,SC-28,Protection of Information at Rest,mitigates,T1213,Data from Information Repositories,16.1,enterprise,,,,[],,,01/13/2022,04/16/2025
748,nist_800_53,rev5,System and Communications Protection,SC-28,Protection of Information at Rest,mitigates,T1213.001,Confluence,16.1,enterprise,,,,[],,,01/13/2022,04/16/2025
749,nist_800_53,rev5,System and Communications Protection,SC-28,Protection of Information at Rest,mitigates,T1213.002,Sharepoint,16.1,enterprise,,,,[],,,01/13/2022,04/16/2025
750,nist_800_53,rev5,System and Communications Protection,SC-28,Protection of Information at Rest,mitigates,T1213.004,Customer Relationship Management Software,16.1,enterprise,,,,[],,,01/13/2022,04/16/2025
751,nist_800_53,rev5,System and Communications Protection,SC-28,Protection of Information at Rest,mitigates,T1213.005,Messaging Applications,16.1,enterprise,,,,[],,,01/13/2022,04/16/2025
752,nist_800_53,rev5,System and Communications Protection,SC-28,Protection of Information at Rest,mitigates,T1530,Data from Cloud Storage,16.1,enterprise,,,,[],,,01/13/2022,04/16/2025
753,nist_800_53,rev5,System and Communications Protection,SC-28,Protection of Information at Rest,mitigates,T1550.001,Application Access Token,16.1,enterprise,,,,[],,,01/13/2022,04/16/2025
754,nist_800_53,rev5,System and Communications Protection,SC-28,Protection of Information at Rest,mitigates,T1552,Unsecured Credentials,16.1,enterprise,,,,[],,,01/13/2022,04/16/2025
755,nist_800_53,rev5,System and Communications Protection,SC-28,Protection of Information at Rest,mitigates,T1552.001,Credentials In Files,16.1,enterprise,,,,[],,,01/13/2022,04/16/2025
756,nist_800_53,rev5,System and Communications Protection,SC-28,Protection of Information at Rest,mitigates,T1552.004,Private Keys,16.1,enterprise,,,,[],,,01/13/2022,04/16/2025
757,nist_800_53,rev5,System and Communications Protection,SC-28,Protection of Information at Rest,mitigates,T1565,Data Manipulation,16.1,enterprise,,,,[],,,01/13/2022,04/16/2025
758,nist_800_53,rev5,System and Communications Protection,SC-04,Information in Shared System Resources,mitigates,T1040,Network Sniffing,16.1,enterprise,,,,[],,,01/13/2022,04/16/2025
759,nist_800_53,rev5,System and Communications Protection,SC-04,Information in Shared System Resources,mitigates,T1070.001,Clear Windows Event Logs,16.1,enterprise,,,,[],,,01/13/2022,04/16/2025
760,nist_800_53,rev5,System and Communications Protection,SC-04,Information in Shared System Resources,mitigates,T1119,Automated Collection,16.1,enterprise,,,,[],,,01/13/2022,04/16/2025
761,nist_800_53,rev5,System and Communications Protection,SC-04,Information in Shared System Resources,mitigates,T1530,Data from Cloud Storage,16.1,enterprise,,,,[],,,01/13/2022,04/16/2025
762,nist_800_53,rev5,System and Communications Protection,SC-04,Information in Shared System Resources,mitigates,T1552,Unsecured Credentials,16.1,enterprise,,,,[],,,01/13/2022,04/16/2025
763,nist_800_53,rev5,System and Communications Protection,SC-04,Information in Shared System Resources,mitigates,T1552.001,Credentials In Files,16.1,enterprise,,,,[],,,01/13/2022,04/16/2025
764,nist_800_53,rev5,System and Communications Protection,SC-04,Information in Shared System Resources,mitigates,T1552.004,Private Keys,16.1,enterprise,,,,[],,,01/13/2022,04/16/2025
765,nist_800_53,rev5,System and Communications Protection,SC-04,Information in Shared System Resources,mitigates,T1557,Adversary-in-the-Middle,16.1,enterprise,,,,[],,,01/13/2022,04/16/2025
766,nist_800_53,rev5,System and Communications Protection,SC-04,Information in Shared System Resources,mitigates,T1558,Steal or Forge Kerberos Tickets,16.1,enterprise,,,,[],,,01/13/2022,04/16/2025
767,nist_800_53,rev5,System and Communications Protection,SC-04,Information in Shared System Resources,mitigates,T1558.005,Ccache Files,16.1,enterprise,,,,[],,,01/13/2022,04/16/2025
768,nist_800_53,rev5,System and Communications Protection,SC-04,Information in Shared System Resources,mitigates,T1565,Data Manipulation,16.1,enterprise,,,,[],,,01/13/2022,04/16/2025
769,nist_800_53,rev5,System and Information Integrity,SI-12,Information Management and Retention,mitigates,T1020.001,Traffic Duplication,16.1,enterprise,,,,[],,,01/13/2022,04/16/2025
770,nist_800_53,rev5,System and Information Integrity,SI-12,Information Management and Retention,mitigates,T1040,Network Sniffing,16.1,enterprise,,,,[],,,01/13/2022,04/16/2025
771,nist_800_53,rev5,System and Information Integrity,SI-12,Information Management and Retention,mitigates,T1070.001,Clear Windows Event Logs,16.1,enterprise,,,,[],,,01/13/2022,04/16/2025
772,nist_800_53,rev5,System and Information Integrity,SI-12,Information Management and Retention,mitigates,T1114,Email Collection,16.1,enterprise,,,,[],,,01/13/2022,04/16/2025
773,nist_800_53,rev5,System and Information Integrity,SI-12,Information Management and Retention,mitigates,T1114.002,Remote Email Collection,16.1,enterprise,,,,[],,,01/13/2022,04/16/2025
774,nist_800_53,rev5,System and Information Integrity,SI-12,Information Management and Retention,mitigates,T1114.003,Email Forwarding Rule,16.1,enterprise,,,,[],,,01/13/2022,04/16/2025
775,nist_800_53,rev5,System and Information Integrity,SI-12,Information Management and Retention,mitigates,T1119,Automated Collection,16.1,enterprise,,,,[],,,01/13/2022,04/16/2025
776,nist_800_53,rev5,System and Information Integrity,SI-12,Information Management and Retention,mitigates,T1213.004,Customer Relationship Management Software,16.1,enterprise,,,,[],,,01/13/2022,04/16/2025
777,nist_800_53,rev5,System and Information Integrity,SI-12,Information Management and Retention,mitigates,T1530,Data from Cloud Storage,16.1,enterprise,,,,[],,,01/13/2022,04/16/2025
778,nist_800_53,rev5,System and Information Integrity,SI-12,Information Management and Retention,mitigates,T1548,Abuse Elevation Control Mechanism,16.1,enterprise,,,,[],,,01/13/2022,04/16/2025
779,nist_800_53,rev5,System and Information Integrity,SI-12,Information Management and Retention,mitigates,T1550.001,Application Access Token,16.1,enterprise,,,,[],,,01/13/2022,04/16/2025
780,nist_800_53,rev5,System and Information Integrity,SI-12,Information Management and Retention,mitigates,T1552,Unsecured Credentials,16.1,enterprise,,,,[],,,01/13/2022,04/16/2025
781,nist_800_53,rev5,System and Information Integrity,SI-12,Information Management and Retention,mitigates,T1552.004,Private Keys,16.1,enterprise,,,,[],,,01/13/2022,04/16/2025
782,nist_800_53,rev5,System and Information Integrity,SI-12,Information Management and Retention,mitigates,T1557,Adversary-in-the-Middle,16.1,enterprise,,,,[],,,01/13/2022,04/16/2025
783,nist_800_53,rev5,System and Information Integrity,SI-12,Information Management and Retention,mitigates,T1557.004,Evil Twin,16.1,enterprise,,,,[],,,01/13/2022,04/16/2025
784,nist_800_53,rev5,System and Information Integrity,SI-12,Information Management and Retention,mitigates,T1558,Steal or Forge Kerberos Tickets,16.1,enterprise,,,,[],,,01/13/2022,04/16/2025
785,nist_800_53,rev5,System and Information Integrity,SI-12,Information Management and Retention,mitigates,T1558.005,Ccache Files,16.1,enterprise,,,,[],,,01/13/2022,04/16/2025
786,nist_800_53,rev5,System and Information Integrity,SI-12,Information Management and Retention,mitigates,T1565,Data Manipulation,16.1,enterprise,,,,[],,,01/13/2022,04/16/2025
787,nist_800_53,rev5,System and Communications Protection,SC-02,Separation of System and User Functionality,mitigates,T1190,Exploit Public-Facing Application,16.1,enterprise,,,,[],,,01/13/2022,04/16/2025
788,nist_800_53,rev5,System and Communications Protection,SC-02,Separation of System and User Functionality,mitigates,T1203,Exploitation for Client Execution,16.1,enterprise,,,,[],,,01/13/2022,04/16/2025
789,nist_800_53,rev5,System and Communications Protection,SC-02,Separation of System and User Functionality,mitigates,T1611,Escape to Host,16.1,enterprise,,,,[],,,01/13/2022,04/16/2025
790,nist_800_53,rev5,System and Communications Protection,SC-03,Security Function Isolation,mitigates,T1047,Windows Management Instrumentation,16.1,enterprise,,,,[],,,01/13/2022,04/16/2025
791,nist_800_53,rev5,System and Communications Protection,SC-03,Security Function Isolation,mitigates,T1190,Exploit Public-Facing Application,16.1,enterprise,,,,[],,,01/13/2022,04/16/2025
792,nist_800_53,rev5,System and Communications Protection,SC-03,Security Function Isolation,mitigates,T1203,Exploitation for Client Execution,16.1,enterprise,,,,[],,,01/13/2022,04/16/2025
793,nist_800_53,rev5,System and Communications Protection,SC-03,Security Function Isolation,mitigates,T1611,Escape to Host,16.1,enterprise,,,,[],,,01/13/2022,04/16/2025
794,nist_800_53,rev5,System and Communications Protection,SC-34,Non-modifiable Executable Programs,mitigates,T1218.015,Electron Applications,16.1,enterprise,,,,[],,,01/13/2022,04/16/2025
795,nist_800_53,rev5,System and Communications Protection,SC-34,Non-modifiable Executable Programs,mitigates,T1542,Pre-OS Boot,16.1,enterprise,,,,[],,,01/13/2022,04/16/2025
796,nist_800_53,rev5,System and Communications Protection,SC-34,Non-modifiable Executable Programs,mitigates,T1542.001,System Firmware,16.1,enterprise,,,,[],,,01/13/2022,04/16/2025
797,nist_800_53,rev5,System and Communications Protection,SC-34,Non-modifiable Executable Programs,mitigates,T1548,Abuse Elevation Control Mechanism,16.1,enterprise,,,,[],,,01/13/2022,04/16/2025
798,nist_800_53,rev5,System and Communications Protection,SC-34,Non-modifiable Executable Programs,mitigates,T1553,Subvert Trust Controls,16.1,enterprise,,,,[],,,01/13/2022,04/16/2025
799,nist_800_53,rev5,System and Communications Protection,SC-34,Non-modifiable Executable Programs,mitigates,T1611,Escape to Host,16.1,enterprise,,,,[],,,01/13/2022,04/16/2025
800,nist_800_53,rev5,System and Communications Protection,SC-39,Process Isolation,mitigates,T1003.001,LSASS Memory,16.1,enterprise,,,,[],,,01/13/2022,04/16/2025
801,nist_800_53,rev5,System and Communications Protection,SC-39,Process Isolation,mitigates,T1003.005,Cached Domain Credentials,16.1,enterprise,,,,[],,,01/13/2022,04/16/2025
802,nist_800_53,rev5,System and Communications Protection,SC-39,Process Isolation,mitigates,T1003.007,Proc Filesystem,16.1,enterprise,,,,[],,,01/13/2022,04/16/2025
803,nist_800_53,rev5,System and Communications Protection,SC-39,Process Isolation,mitigates,T1190,Exploit Public-Facing Application,16.1,enterprise,,,,[],,,01/13/2022,04/16/2025
804,nist_800_53,rev5,System and Communications Protection,SC-39,Process Isolation,mitigates,T1203,Exploitation for Client Execution,16.1,enterprise,,,,[],,,01/13/2022,04/16/2025
805,nist_800_53,rev5,System and Communications Protection,SC-39,Process Isolation,mitigates,T1556,Modify Authentication Process,16.1,enterprise,,,,[],,,01/13/2022,04/16/2025
806,nist_800_53,rev5,System and Communications Protection,SC-39,Process Isolation,mitigates,T1556.001,Domain Controller Authentication,16.1,enterprise,,,,[],,,01/13/2022,04/16/2025
807,nist_800_53,rev5,System and Communications Protection,SC-39,Process Isolation,mitigates,T1611,Escape to Host,16.1,enterprise,,,,[],,,01/13/2022,04/16/2025
808,nist_800_53,rev5,System and Information Integrity,SI-16,Memory Protection,mitigates,T1047,Windows Management Instrumentation,16.1,enterprise,,,,[],,,01/13/2022,04/16/2025
809,nist_800_53,rev5,System and Information Integrity,SI-16,Memory Protection,mitigates,T1059,Command and Scripting Interpreter,16.1,enterprise,,,,[],,,01/13/2022,04/16/2025
810,nist_800_53,rev5,System and Information Integrity,SI-16,Memory Protection,mitigates,T1059.006,Python,16.1,enterprise,,,,[],,,01/13/2022,04/16/2025
811,nist_800_53,rev5,System and Information Integrity,SI-16,Memory Protection,mitigates,T1059.011,Lua,16.1,enterprise,,,,[],,,01/13/2022,04/16/2025
812,nist_800_53,rev5,System and Information Integrity,SI-16,Memory Protection,mitigates,T1218,System Binary Proxy Execution,16.1,enterprise,,,,[],,,01/13/2022,04/16/2025
813,nist_800_53,rev5,System and Information Integrity,SI-16,Memory Protection,mitigates,T1218.015,Electron Applications,16.1,enterprise,,,,[],,,01/13/2022,04/16/2025
814,nist_800_53,rev5,System and Information Integrity,SI-16,Memory Protection,mitigates,T1543,Create or Modify System Process,16.1,enterprise,,,,[],,,01/13/2022,04/16/2025
815,nist_800_53,rev5,System and Information Integrity,SI-16,Memory Protection,mitigates,T1543.002,Systemd Service,16.1,enterprise,,,,[],,,01/13/2022,04/16/2025
816,nist_800_53,rev5,System and Information Integrity,SI-16,Memory Protection,mitigates,T1547.004,Winlogon Helper DLL,16.1,enterprise,,,,[],,,01/13/2022,04/16/2025
817,nist_800_53,rev5,System and Information Integrity,SI-16,Memory Protection,mitigates,T1548,Abuse Elevation Control Mechanism,16.1,enterprise,,,,[],,,01/13/2022,04/16/2025
818,nist_800_53,rev5,System and Information Integrity,SI-16,Memory Protection,mitigates,T1565,Data Manipulation,16.1,enterprise,,,,[],,,01/13/2022,04/16/2025
819,nist_800_53,rev5,System and Information Integrity,SI-16,Memory Protection,mitigates,T1611,Escape to Host,16.1,enterprise,,,,[],,,01/13/2022,04/16/2025
820,nist_800_53,rev5,System and Information Integrity,SI-02,Flaw Remediation,mitigates,T1003.001,LSASS Memory,16.1,enterprise,,,,[],,,01/13/2022,04/16/2025
821,nist_800_53,rev5,System and Information Integrity,SI-02,Flaw Remediation,mitigates,T1027,Obfuscated Files or Information,16.1,enterprise,,,,[],,,01/13/2022,04/16/2025
822,nist_800_53,rev5,System and Information Integrity,SI-02,Flaw Remediation,mitigates,T1047,Windows Management Instrumentation,16.1,enterprise,,,,[],,,01/13/2022,04/16/2025
823,nist_800_53,rev5,System and Information Integrity,SI-02,Flaw Remediation,mitigates,T1059,Command and Scripting Interpreter,16.1,enterprise,,,,[],,,01/13/2022,04/16/2025
824,nist_800_53,rev5,System and Information Integrity,SI-02,Flaw Remediation,mitigates,T1059.006,Python,16.1,enterprise,,,,[],,,01/13/2022,04/16/2025
825,nist_800_53,rev5,System and Information Integrity,SI-02,Flaw Remediation,mitigates,T1072,Software Deployment Tools,16.1,enterprise,,,,[],,,01/13/2022,04/16/2025
826,nist_800_53,rev5,System and Information Integrity,SI-02,Flaw Remediation,mitigates,T1190,Exploit Public-Facing Application,16.1,enterprise,,,,[],,,01/13/2022,04/16/2025
827,nist_800_53,rev5,System and Information Integrity,SI-02,Flaw Remediation,mitigates,T1195,Supply Chain Compromise,16.1,enterprise,,,,[],,,01/13/2022,04/16/2025
828,nist_800_53,rev5,System and Information Integrity,SI-02,Flaw Remediation,mitigates,T1195.001,Compromise Software Dependencies and Development Tools,16.1,enterprise,,,,[],,,01/13/2022,04/16/2025
829,nist_800_53,rev5,System and Information Integrity,SI-02,Flaw Remediation,mitigates,T1203,Exploitation for Client Execution,16.1,enterprise,,,,[],,,01/13/2022,04/16/2025
830,nist_800_53,rev5,System and Information Integrity,SI-02,Flaw Remediation,mitigates,T1204,User Execution,16.1,enterprise,,,,[],,,01/13/2022,04/16/2025
831,nist_800_53,rev5,System and Information Integrity,SI-02,Flaw Remediation,mitigates,T1213.003,Code Repositories,16.1,enterprise,,,,[],,,01/13/2022,04/16/2025
832,nist_800_53,rev5,System and Information Integrity,SI-02,Flaw Remediation,mitigates,T1213.005,Messaging Applications,16.1,enterprise,,,,[],,,01/13/2022,04/16/2025
833,nist_800_53,rev5,System and Information Integrity,SI-02,Flaw Remediation,mitigates,T1542,Pre-OS Boot,16.1,enterprise,,,,[],,,01/13/2022,04/16/2025
834,nist_800_53,rev5,System and Information Integrity,SI-02,Flaw Remediation,mitigates,T1542.001,System Firmware,16.1,enterprise,,,,[],,,01/13/2022,04/16/2025
835,nist_800_53,rev5,System and Information Integrity,SI-02,Flaw Remediation,mitigates,T1546,Event Triggered Execution,16.1,enterprise,,,,[],,,01/13/2022,04/16/2025
836,nist_800_53,rev5,System and Information Integrity,SI-02,Flaw Remediation,mitigates,T1546.016,Installer Packages,16.1,enterprise,,,,[],,,01/13/2022,04/16/2025
837,nist_800_53,rev5,System and Information Integrity,SI-02,Flaw Remediation,mitigates,T1548,Abuse Elevation Control Mechanism,16.1,enterprise,,,,[],,,01/13/2022,04/16/2025
838,nist_800_53,rev5,System and Information Integrity,SI-02,Flaw Remediation,mitigates,T1548.006,TCC Manipulation,16.1,enterprise,,,,[],,,01/13/2022,04/16/2025
839,nist_800_53,rev5,System and Information Integrity,SI-02,Flaw Remediation,mitigates,T1552,Unsecured Credentials,16.1,enterprise,,,,[],,,01/13/2022,04/16/2025
840,nist_800_53,rev5,System and Information Integrity,SI-02,Flaw Remediation,mitigates,T1553,Subvert Trust Controls,16.1,enterprise,,,,[],,,01/13/2022,04/16/2025
841,nist_800_53,rev5,System and Information Integrity,SI-02,Flaw Remediation,mitigates,T1555,Credentials from Password Stores,16.1,enterprise,,,,[],,,01/13/2022,04/16/2025
842,nist_800_53,rev5,System and Information Integrity,SI-02,Flaw Remediation,mitigates,T1555.005,Password Managers,16.1,enterprise,,,,[],,,01/13/2022,04/16/2025
843,nist_800_53,rev5,System and Information Integrity,SI-02,Flaw Remediation,mitigates,T1566,Phishing,16.1,enterprise,,,,[],,,01/13/2022,04/16/2025
844,nist_800_53,rev5,System and Information Integrity,SI-02,Flaw Remediation,mitigates,T1566.001,Spearphishing Attachment,16.1,enterprise,,,,[],,,01/13/2022,04/16/2025
845,nist_800_53,rev5,System and Information Integrity,SI-02,Flaw Remediation,mitigates,T1566.003,Spearphishing via Service,16.1,enterprise,,,,[],,,01/13/2022,04/16/2025
846,nist_800_53,rev5,System and Information Integrity,SI-02,Flaw Remediation,mitigates,T1611,Escape to Host,16.1,enterprise,,,,[],,,01/13/2022,04/16/2025
847,nist_800_53,rev5,Risk Assessment,RA-05,Vulnerability Monitoring and Scanning,mitigates,T1047,Windows Management Instrumentation,16.1,enterprise,,,,[],,,01/13/2022,04/16/2025
848,nist_800_53,rev5,Risk Assessment,RA-05,Vulnerability Monitoring and Scanning,mitigates,T1053,Scheduled Task/Job,16.1,enterprise,,,,[],,,01/13/2022,04/16/2025
849,nist_800_53,rev5,Risk Assessment,RA-05,Vulnerability Monitoring and Scanning,mitigates,T1053.002,At,16.1,enterprise,,,,[],,,01/13/2022,04/16/2025
850,nist_800_53,rev5,Risk Assessment,RA-05,Vulnerability Monitoring and Scanning,mitigates,T1053.005,Scheduled Task,16.1,enterprise,,,,[],,,01/13/2022,04/16/2025
851,nist_800_53,rev5,Risk Assessment,RA-05,Vulnerability Monitoring and Scanning,mitigates,T1059,Command and Scripting Interpreter,16.1,enterprise,,,,[],,,01/13/2022,04/16/2025
852,nist_800_53,rev5,Risk Assessment,RA-05,Vulnerability Monitoring and Scanning,mitigates,T1078,Valid Accounts,16.1,enterprise,,,,[],,,01/13/2022,04/16/2025
853,nist_800_53,rev5,Risk Assessment,RA-05,Vulnerability Monitoring and Scanning,mitigates,T1092,Communication Through Removable Media,16.1,enterprise,,,,[],,,01/13/2022,04/16/2025
854,nist_800_53,rev5,Risk Assessment,RA-05,Vulnerability Monitoring and Scanning,mitigates,T1127.002,ClickOnce,16.1,enterprise,,,,[],,,01/13/2022,04/16/2025
855,nist_800_53,rev5,Risk Assessment,RA-05,Vulnerability Monitoring and Scanning,mitigates,T1176,Browser Extensions,16.1,enterprise,,,,[],,,01/13/2022,04/16/2025
856,nist_800_53,rev5,Risk Assessment,RA-05,Vulnerability Monitoring and Scanning,mitigates,T1190,Exploit Public-Facing Application,16.1,enterprise,,,,[],,,01/13/2022,04/16/2025
857,nist_800_53,rev5,Risk Assessment,RA-05,Vulnerability Monitoring and Scanning,mitigates,T1195,Supply Chain Compromise,16.1,enterprise,,,,[],,,01/13/2022,04/16/2025
858,nist_800_53,rev5,Risk Assessment,RA-05,Vulnerability Monitoring and Scanning,mitigates,T1195.001,Compromise Software Dependencies and Development Tools,16.1,enterprise,,,,[],,,01/13/2022,04/16/2025
859,nist_800_53,rev5,Risk Assessment,RA-05,Vulnerability Monitoring and Scanning,mitigates,T1213,Data from Information Repositories,16.1,enterprise,,,,[],,,01/13/2022,04/16/2025
860,nist_800_53,rev5,Risk Assessment,RA-05,Vulnerability Monitoring and Scanning,mitigates,T1213.001,Confluence,16.1,enterprise,,,,[],,,01/13/2022,04/16/2025
861,nist_800_53,rev5,Risk Assessment,RA-05,Vulnerability Monitoring and Scanning,mitigates,T1213.002,Sharepoint,16.1,enterprise,,,,[],,,01/13/2022,04/16/2025
862,nist_800_53,rev5,Risk Assessment,RA-05,Vulnerability Monitoring and Scanning,mitigates,T1213.003,Code Repositories,16.1,enterprise,,,,[],,,01/13/2022,04/16/2025
863,nist_800_53,rev5,Risk Assessment,RA-05,Vulnerability Monitoring and Scanning,mitigates,T1213.005,Messaging Applications,16.1,enterprise,,,,[],,,01/13/2022,04/16/2025
864,nist_800_53,rev5,Risk Assessment,RA-05,Vulnerability Monitoring and Scanning,mitigates,T1218,System Binary Proxy Execution,16.1,enterprise,,,,[],,,01/13/2022,04/16/2025
865,nist_800_53,rev5,Risk Assessment,RA-05,Vulnerability Monitoring and Scanning,mitigates,T1218.015,Electron Applications,16.1,enterprise,,,,[],,,01/13/2022,04/16/2025
866,nist_800_53,rev5,Risk Assessment,RA-05,Vulnerability Monitoring and Scanning,mitigates,T1484,Domain or Tenant Policy Modification,16.1,enterprise,,,,[],,,01/13/2022,04/16/2025
867,nist_800_53,rev5,Risk Assessment,RA-05,Vulnerability Monitoring and Scanning,mitigates,T1505.003,Web Shell,16.1,enterprise,,,,[],,,01/13/2022,04/16/2025
868,nist_800_53,rev5,Risk Assessment,RA-05,Vulnerability Monitoring and Scanning,mitigates,T1528,Steal Application Access Token,16.1,enterprise,,,,[],,,01/13/2022,04/16/2025
869,nist_800_53,rev5,Risk Assessment,RA-05,Vulnerability Monitoring and Scanning,mitigates,T1530,Data from Cloud Storage,16.1,enterprise,,,,[],,,01/13/2022,04/16/2025
870,nist_800_53,rev5,Risk Assessment,RA-05,Vulnerability Monitoring and Scanning,mitigates,T1543,Create or Modify System Process,16.1,enterprise,,,,[],,,01/13/2022,04/16/2025
871,nist_800_53,rev5,Risk Assessment,RA-05,Vulnerability Monitoring and Scanning,mitigates,T1548,Abuse Elevation Control Mechanism,16.1,enterprise,,,,[],,,01/13/2022,04/16/2025
872,nist_800_53,rev5,Risk Assessment,RA-05,Vulnerability Monitoring and Scanning,mitigates,T1548.006,TCC Manipulation,16.1,enterprise,,,,[],,,01/13/2022,04/16/2025
873,nist_800_53,rev5,Risk Assessment,RA-05,Vulnerability Monitoring and Scanning,mitigates,T1552,Unsecured Credentials,16.1,enterprise,,,,[],,,01/13/2022,04/16/2025
874,nist_800_53,rev5,Risk Assessment,RA-05,Vulnerability Monitoring and Scanning,mitigates,T1552.001,Credentials In Files,16.1,enterprise,,,,[],,,01/13/2022,04/16/2025
875,nist_800_53,rev5,Risk Assessment,RA-05,Vulnerability Monitoring and Scanning,mitigates,T1552.004,Private Keys,16.1,enterprise,,,,[],,,01/13/2022,04/16/2025
876,nist_800_53,rev5,Risk Assessment,RA-05,Vulnerability Monitoring and Scanning,mitigates,T1557,Adversary-in-the-Middle,16.1,enterprise,,,,[],,,01/13/2022,04/16/2025
877,nist_800_53,rev5,Risk Assessment,RA-05,Vulnerability Monitoring and Scanning,mitigates,T1560,Archive Collected Data,16.1,enterprise,,,,[],,,01/13/2022,04/16/2025
878,nist_800_53,rev5,Risk Assessment,RA-05,Vulnerability Monitoring and Scanning,mitigates,T1562,Impair Defenses,16.1,enterprise,,,,[],,,01/13/2022,04/16/2025
879,nist_800_53,rev5,Risk Assessment,RA-05,Vulnerability Monitoring and Scanning,mitigates,T1563,Remote Service Session Hijacking,16.1,enterprise,,,,[],,,01/13/2022,04/16/2025
880,nist_800_53,rev5,Risk Assessment,RA-05,Vulnerability Monitoring and Scanning,mitigates,T1566,Phishing,16.1,enterprise,,,,[],,,01/13/2022,04/16/2025
881,nist_800_53,rev5,Risk Assessment,RA-05,Vulnerability Monitoring and Scanning,mitigates,T1574.001,DLL Search Order Hijacking,16.1,enterprise,,,,[],,,01/13/2022,04/16/2025
882,nist_800_53,rev5,System and Communications Protection,SC-43,Usage Restrictions,mitigates,T1078,Valid Accounts,16.1,enterprise,,,,[],,,01/13/2022,04/16/2025
883,nist_800_53,rev5,System and Communications Protection,SC-43,Usage Restrictions,mitigates,T1078.004,Cloud Accounts,16.1,enterprise,,,,[],,,01/13/2022,04/16/2025
884,nist_800_53,rev5,System and Communications Protection,SC-43,Usage Restrictions,mitigates,T1114.003,Email Forwarding Rule,16.1,enterprise,,,,[],,,01/13/2022,04/16/2025
885,nist_800_53,rev5,Identification and Authentication,IA-03,Device Identification and Authentication,mitigates,T1537,Transfer Data to Cloud Account,16.1,enterprise,,,,[],,,01/13/2022,04/16/2025
886,nist_800_53,rev5,Identification and Authentication,IA-03,Device Identification and Authentication,mitigates,T1552,Unsecured Credentials,16.1,enterprise,,,,[],,,01/13/2022,04/16/2025
887,nist_800_53,rev5,Identification and Authentication,IA-03,Device Identification and Authentication,mitigates,T1621,Multi-Factor Authentication Request Generation,16.1,enterprise,,,,[],,,01/13/2022,04/16/2025
888,nist_800_53,rev5,Configuration Management,CM-08,System Component Inventory,mitigates,T1020.001,Traffic Duplication,16.1,enterprise,,,,[],,,01/13/2022,04/16/2025
889,nist_800_53,rev5,Configuration Management,CM-08,System Component Inventory,mitigates,T1053,Scheduled Task/Job,16.1,enterprise,,,,[],,,01/13/2022,04/16/2025
890,nist_800_53,rev5,Configuration Management,CM-08,System Component Inventory,mitigates,T1053.002,At,16.1,enterprise,,,,[],,,01/13/2022,04/16/2025
891,nist_800_53,rev5,Configuration Management,CM-08,System Component Inventory,mitigates,T1053.005,Scheduled Task,16.1,enterprise,,,,[],,,01/13/2022,04/16/2025
892,nist_800_53,rev5,Configuration Management,CM-08,System Component Inventory,mitigates,T1059,Command and Scripting Interpreter,16.1,enterprise,,,,[],,,01/13/2022,04/16/2025
893,nist_800_53,rev5,Configuration Management,CM-08,System Component Inventory,mitigates,T1059.010,AutoHotKey & AutoIT,16.1,enterprise,,,,[],,,01/13/2022,04/16/2025
894,nist_800_53,rev5,Configuration Management,CM-08,System Component Inventory,mitigates,T1072,Software Deployment Tools,16.1,enterprise,,,,[],,,01/13/2022,04/16/2025
895,nist_800_53,rev5,Configuration Management,CM-08,System Component Inventory,mitigates,T1092,Communication Through Removable Media,16.1,enterprise,,,,[],,,01/13/2022,04/16/2025
896,nist_800_53,rev5,Configuration Management,CM-08,System Component Inventory,mitigates,T1119,Automated Collection,16.1,enterprise,,,,[],,,01/13/2022,04/16/2025
897,nist_800_53,rev5,Configuration Management,CM-08,System Component Inventory,mitigates,T1127.002,ClickOnce,16.1,enterprise,,,,[],,,01/13/2022,04/16/2025
898,nist_800_53,rev5,Configuration Management,CM-08,System Component Inventory,mitigates,T1190,Exploit Public-Facing Application,16.1,enterprise,,,,[],,,01/13/2022,04/16/2025
899,nist_800_53,rev5,Configuration Management,CM-08,System Component Inventory,mitigates,T1203,Exploitation for Client Execution,16.1,enterprise,,,,[],,,01/13/2022,04/16/2025
900,nist_800_53,rev5,Configuration Management,CM-08,System Component Inventory,mitigates,T1213,Data from Information Repositories,16.1,enterprise,,,,[],,,01/13/2022,04/16/2025
901,nist_800_53,rev5,Configuration Management,CM-08,System Component Inventory,mitigates,T1213.001,Confluence,16.1,enterprise,,,,[],,,01/13/2022,04/16/2025
902,nist_800_53,rev5,Configuration Management,CM-08,System Component Inventory,mitigates,T1213.002,Sharepoint,16.1,enterprise,,,,[],,,01/13/2022,04/16/2025
903,nist_800_53,rev5,Configuration Management,CM-08,System Component Inventory,mitigates,T1213.005,Messaging Applications,16.1,enterprise,,,,[],,,01/13/2022,04/16/2025
904,nist_800_53,rev5,Configuration Management,CM-08,System Component Inventory,mitigates,T1218,System Binary Proxy Execution,16.1,enterprise,,,,[],,,01/13/2022,04/16/2025
905,nist_800_53,rev5,Configuration Management,CM-08,System Component Inventory,mitigates,T1218.015,Electron Applications,16.1,enterprise,,,,[],,,01/13/2022,04/16/2025
906,nist_800_53,rev5,Configuration Management,CM-08,System Component Inventory,mitigates,T1530,Data from Cloud Storage,16.1,enterprise,,,,[],,,01/13/2022,04/16/2025
907,nist_800_53,rev5,Configuration Management,CM-08,System Component Inventory,mitigates,T1542,Pre-OS Boot,16.1,enterprise,,,,[],,,01/13/2022,04/16/2025
908,nist_800_53,rev5,Configuration Management,CM-08,System Component Inventory,mitigates,T1542.001,System Firmware,16.1,enterprise,,,,[],,,01/13/2022,04/16/2025
909,nist_800_53,rev5,Configuration Management,CM-08,System Component Inventory,mitigates,T1548,Abuse Elevation Control Mechanism,16.1,enterprise,,,,[],,,01/13/2022,04/16/2025
910,nist_800_53,rev5,Configuration Management,CM-08,System Component Inventory,mitigates,T1548.006,TCC Manipulation,16.1,enterprise,,,,[],,,01/13/2022,04/16/2025
911,nist_800_53,rev5,Configuration Management,CM-08,System Component Inventory,mitigates,T1553,Subvert Trust Controls,16.1,enterprise,,,,[],,,01/13/2022,04/16/2025
912,nist_800_53,rev5,Configuration Management,CM-08,System Component Inventory,mitigates,T1556.009,Conditional Access Policies,16.1,enterprise,,,,[],,,01/13/2022,04/16/2025
913,nist_800_53,rev5,Configuration Management,CM-08,System Component Inventory,mitigates,T1557,Adversary-in-the-Middle,16.1,enterprise,,,,[],,,01/13/2022,04/16/2025
914,nist_800_53,rev5,Configuration Management,CM-08,System Component Inventory,mitigates,T1563,Remote Service Session Hijacking,16.1,enterprise,,,,[],,,01/13/2022,04/16/2025
915,nist_800_53,rev5,Configuration Management,CM-08,System Component Inventory,mitigates,T1565,Data Manipulation,16.1,enterprise,,,,[],,,01/13/2022,04/16/2025
916,nist_800_53,rev5,System and Communications Protection,SC-23,Session Authenticity,mitigates,T1071.002,File Transfer Protocols,16.1,enterprise,,,,[],,,01/13/2022,04/16/2025
917,nist_800_53,rev5,System and Communications Protection,SC-23,Session Authenticity,mitigates,T1071.003,Mail Protocols,16.1,enterprise,,,,[],,,01/13/2022,04/16/2025
918,nist_800_53,rev5,System and Communications Protection,SC-23,Session Authenticity,mitigates,T1557,Adversary-in-the-Middle,16.1,enterprise,,,,[],,,01/13/2022,04/16/2025
919,nist_800_53,rev5,System and Communications Protection,SC-23,Session Authenticity,mitigates,T1557.004,Evil Twin,16.1,enterprise,,,,[],,,01/13/2022,04/16/2025
920,nist_800_53,rev5,System and Communications Protection,SC-23,Session Authenticity,mitigates,T1562.006,Indicator Blocking,16.1,enterprise,,,,[],,,01/13/2022,04/16/2025
921,nist_800_53,rev5,System and Communications Protection,SC-23,Session Authenticity,mitigates,T1573,Encrypted Channel,16.1,enterprise,,,,[],,,01/13/2022,04/16/2025
922,nist_800_53,rev5,System and Communications Protection,SC-46,Cross Domain Policy Enforcement,mitigates,T1072,Software Deployment Tools,16.1,enterprise,,,,[],,,01/13/2022,04/16/2025
923,nist_800_53,rev5,System and Communications Protection,SC-46,Cross Domain Policy Enforcement,mitigates,T1098.001,Additional Cloud Credentials,16.1,enterprise,,,,[],,,01/13/2022,04/16/2025
924,nist_800_53,rev5,System and Communications Protection,SC-46,Cross Domain Policy Enforcement,mitigates,T1136,Create Account,16.1,enterprise,,,,[],,,01/13/2022,04/16/2025
925,nist_800_53,rev5,System and Communications Protection,SC-46,Cross Domain Policy Enforcement,mitigates,T1136.002,Domain Account,16.1,enterprise,,,,[],,,01/13/2022,04/16/2025
926,nist_800_53,rev5,System and Communications Protection,SC-46,Cross Domain Policy Enforcement,mitigates,T1190,Exploit Public-Facing Application,16.1,enterprise,,,,[],,,01/13/2022,04/16/2025
927,nist_800_53,rev5,System and Communications Protection,SC-46,Cross Domain Policy Enforcement,mitigates,T1489,Service Stop,16.1,enterprise,,,,[],,,01/13/2022,04/16/2025
928,nist_800_53,rev5,System and Communications Protection,SC-46,Cross Domain Policy Enforcement,mitigates,T1557,Adversary-in-the-Middle,16.1,enterprise,,,,[],,,01/13/2022,04/16/2025
929,nist_800_53,rev5,System and Communications Protection,SC-46,Cross Domain Policy Enforcement,mitigates,T1557.004,Evil Twin,16.1,enterprise,,,,[],,,01/13/2022,04/16/2025
930,nist_800_53,rev5,System and Communications Protection,SC-46,Cross Domain Policy Enforcement,mitigates,T1563,Remote Service Session Hijacking,16.1,enterprise,,,,[],,,01/13/2022,04/16/2025
931,nist_800_53,rev5,System and Communications Protection,SC-46,Cross Domain Policy Enforcement,mitigates,T1565,Data Manipulation,16.1,enterprise,,,,[],,,01/13/2022,04/16/2025
932,nist_800_53,rev5,System and Communications Protection,SC-08,Transmission Confidentiality and Integrity,mitigates,T1040,Network Sniffing,16.1,enterprise,,,,[],,,01/13/2022,04/16/2025
933,nist_800_53,rev5,System and Communications Protection,SC-08,Transmission Confidentiality and Integrity,mitigates,T1550.001,Application Access Token,16.1,enterprise,,,,[],,,01/13/2022,04/16/2025
934,nist_800_53,rev5,System and Communications Protection,SC-08,Transmission Confidentiality and Integrity,mitigates,T1557,Adversary-in-the-Middle,16.1,enterprise,,,,[],,,01/13/2022,04/16/2025
935,nist_800_53,rev5,System and Communications Protection,SC-08,Transmission Confidentiality and Integrity,mitigates,T1557.004,Evil Twin,16.1,enterprise,,,,[],,,01/13/2022,04/16/2025
936,nist_800_53,rev5,System and Communications Protection,SC-08,Transmission Confidentiality and Integrity,mitigates,T1562,Impair Defenses,16.1,enterprise,,,,[],,,01/13/2022,04/16/2025
937,nist_800_53,rev5,System and Communications Protection,SC-08,Transmission Confidentiality and Integrity,mitigates,T1562,Impair Defenses,16.1,enterprise,,,,[],,,01/13/2022,04/16/2025
938,nist_800_53,rev5,System and Communications Protection,SC-08,Transmission Confidentiality and Integrity,mitigates,T1562.006,Indicator Blocking,16.1,enterprise,,,,[],,,01/13/2022,04/16/2025
939,nist_800_53,rev5,System and Information Integrity,SI-10,Information Input Validation,mitigates,T1036,Masquerading,16.1,enterprise,,,,[],,,01/13/2022,04/16/2025
940,nist_800_53,rev5,System and Information Integrity,SI-10,Information Input Validation,mitigates,T1059,Command and Scripting Interpreter,16.1,enterprise,,,,[],,,01/13/2022,04/16/2025
941,nist_800_53,rev5,System and Information Integrity,SI-10,Information Input Validation,mitigates,T1059.006,Python,16.1,enterprise,,,,[],,,01/13/2022,04/16/2025
942,nist_800_53,rev5,System and Information Integrity,SI-10,Information Input Validation,mitigates,T1090.003,Multi-hop Proxy,16.1,enterprise,,,,[],,,01/13/2022,04/16/2025
943,nist_800_53,rev5,System and Information Integrity,SI-10,Information Input Validation,mitigates,T1127.002,ClickOnce,16.1,enterprise,,,,[],,,01/13/2022,04/16/2025
944,nist_800_53,rev5,System and Information Integrity,SI-10,Information Input Validation,mitigates,T1176,Browser Extensions,16.1,enterprise,,,,[],,,01/13/2022,04/16/2025
945,nist_800_53,rev5,System and Information Integrity,SI-10,Information Input Validation,mitigates,T1190,Exploit Public-Facing Application,16.1,enterprise,,,,[],,,01/13/2022,04/16/2025
946,nist_800_53,rev5,System and Information Integrity,SI-10,Information Input Validation,mitigates,T1204,User Execution,16.1,enterprise,,,,[],,,01/13/2022,04/16/2025
947,nist_800_53,rev5,System and Information Integrity,SI-10,Information Input Validation,mitigates,T1204.002,Malicious File,16.1,enterprise,,,,[],,,01/13/2022,04/16/2025
948,nist_800_53,rev5,System and Information Integrity,SI-10,Information Input Validation,mitigates,T1218,System Binary Proxy Execution,16.1,enterprise,,,,[],,,01/13/2022,04/16/2025
949,nist_800_53,rev5,System and Information Integrity,SI-10,Information Input Validation,mitigates,T1218.011,Rundll32,16.1,enterprise,,,,[],,,01/13/2022,04/16/2025
950,nist_800_53,rev5,System and Information Integrity,SI-10,Information Input Validation,mitigates,T1218.015,Electron Applications,16.1,enterprise,,,,[],,,01/13/2022,04/16/2025
951,nist_800_53,rev5,System and Information Integrity,SI-10,Information Input Validation,mitigates,T1219,Remote Access Software,16.1,enterprise,,,,[],,,01/13/2022,04/16/2025
952,nist_800_53,rev5,System and Information Integrity,SI-10,Information Input Validation,mitigates,T1530,Data from Cloud Storage,16.1,enterprise,,,,[],,,01/13/2022,04/16/2025
953,nist_800_53,rev5,System and Information Integrity,SI-10,Information Input Validation,mitigates,T1537,Transfer Data to Cloud Account,16.1,enterprise,,,,[],,,01/13/2022,04/16/2025
954,nist_800_53,rev5,System and Information Integrity,SI-10,Information Input Validation,mitigates,T1547.004,Winlogon Helper DLL,16.1,enterprise,,,,[],,,01/13/2022,04/16/2025
955,nist_800_53,rev5,System and Information Integrity,SI-10,Information Input Validation,mitigates,T1548.006,TCC Manipulation,16.1,enterprise,,,,[],,,01/13/2022,04/16/2025
956,nist_800_53,rev5,System and Information Integrity,SI-10,Information Input Validation,mitigates,T1552,Unsecured Credentials,16.1,enterprise,,,,[],,,01/13/2022,04/16/2025
957,nist_800_53,rev5,System and Information Integrity,SI-10,Information Input Validation,mitigates,T1553,Subvert Trust Controls,16.1,enterprise,,,,[],,,01/13/2022,04/16/2025
958,nist_800_53,rev5,System and Information Integrity,SI-10,Information Input Validation,mitigates,T1557,Adversary-in-the-Middle,16.1,enterprise,,,,[],,,01/13/2022,04/16/2025
959,nist_800_53,rev5,System and Information Integrity,SI-10,Information Input Validation,mitigates,T1564.003,Hidden Window,16.1,enterprise,,,,[],,,01/13/2022,04/16/2025
960,nist_800_53,rev5,System and Information Integrity,SI-10,Information Input Validation,mitigates,T1572,Protocol Tunneling,16.1,enterprise,,,,[],,,01/13/2022,04/16/2025
961,nist_800_53,rev5,System and Information Integrity,SI-10,Information Input Validation,mitigates,T1574.001,DLL Search Order Hijacking,16.1,enterprise,,,,[],,,01/13/2022,04/16/2025
962,nist_800_53,rev5,System and Information Integrity,SI-10,Information Input Validation,mitigates,T1574.014,AppDomainManager,16.1,enterprise,,,,[],,,01/13/2022,04/16/2025
963,nist_800_53,rev5,System and Information Integrity,SI-15,Information Output Filtering,mitigates,T1090.003,Multi-hop Proxy,16.1,enterprise,,,,[],,,01/13/2022,04/16/2025
964,nist_800_53,rev5,System and Information Integrity,SI-15,Information Output Filtering,mitigates,T1218.015,Electron Applications,16.1,enterprise,,,,[],,,01/13/2022,04/16/2025
965,nist_800_53,rev5,System and Information Integrity,SI-15,Information Output Filtering,mitigates,T1219,Remote Access Software,16.1,enterprise,,,,[],,,01/13/2022,04/16/2025
966,nist_800_53,rev5,System and Information Integrity,SI-15,Information Output Filtering,mitigates,T1530,Data from Cloud Storage,16.1,enterprise,,,,[],,,01/13/2022,04/16/2025
967,nist_800_53,rev5,System and Information Integrity,SI-15,Information Output Filtering,mitigates,T1537,Transfer Data to Cloud Account,16.1,enterprise,,,,[],,,01/13/2022,04/16/2025
968,nist_800_53,rev5,System and Information Integrity,SI-15,Information Output Filtering,mitigates,T1552,Unsecured Credentials,16.1,enterprise,,,,[],,,01/13/2022,04/16/2025
969,nist_800_53,rev5,System and Information Integrity,SI-15,Information Output Filtering,mitigates,T1557,Adversary-in-the-Middle,16.1,enterprise,,,,[],,,01/13/2022,04/16/2025
970,nist_800_53,rev5,System and Information Integrity,SI-15,Information Output Filtering,mitigates,T1572,Protocol Tunneling,16.1,enterprise,,,,[],,,01/13/2022,04/16/2025
971,nist_800_53,rev5,System and Information Integrity,SI-03,Malicious Code Protection,mitigates,T1001.001,Junk Data,16.1,enterprise,,,,[],,,01/13/2022,04/16/2025
972,nist_800_53,rev5,System and Information Integrity,SI-03,Malicious Code Protection,mitigates,T1001.003,Protocol or Service Impersonation,16.1,enterprise,,,,[],,,01/13/2022,04/16/2025
973,nist_800_53,rev5,System and Information Integrity,SI-03,Malicious Code Protection,mitigates,T1003,OS Credential Dumping,16.1,enterprise,,,,[],,,01/13/2022,04/16/2025
974,nist_800_53,rev5,System and Information Integrity,SI-03,Malicious Code Protection,mitigates,T1003.001,LSASS Memory,16.1,enterprise,,,,[],,,01/13/2022,04/16/2025
975,nist_800_53,rev5,System and Information Integrity,SI-03,Malicious Code Protection,mitigates,T1003.005,Cached Domain Credentials,16.1,enterprise,,,,[],,,01/13/2022,04/16/2025
976,nist_800_53,rev5,System and Information Integrity,SI-03,Malicious Code Protection,mitigates,T1003.007,Proc Filesystem,16.1,enterprise,,,,[],,,01/13/2022,04/16/2025
977,nist_800_53,rev5,System and Information Integrity,SI-03,Malicious Code Protection,mitigates,T1027,Obfuscated Files or Information,16.1,enterprise,,,,[],,,01/13/2022,04/16/2025
978,nist_800_53,rev5,System and Information Integrity,SI-03,Malicious Code Protection,mitigates,T1027.013,Encrypted/Encoded File,16.1,enterprise,,,,[],"Encrypted/encoded malware is designed to hide its true purpose from an observer, meaning that signature-based methods of detection may fail. Incorporating alternative detection methods as noted in control SI-03 can provide additional avenues to detect these obfuscated malware and protect against the damage they can cause.",,01/13/2022,04/16/2025
979,nist_800_53,rev5,System and Information Integrity,SI-03,Malicious Code Protection,mitigates,T1027.014,Polymorphic Code,16.1,enterprise,,,,[],"As polymorphic code is difficult to detect via signature-based means, non-signature-based means, pointed out in this control, should be implemented for detection. Additionally, endpoint-level fortifications should be taken to prevent the malware from inflicting damage on systems.",,01/13/2022,04/16/2025
980,nist_800_53,rev5,System and Information Integrity,SI-03,Malicious Code Protection,mitigates,T1036,Masquerading,16.1,enterprise,,,,[],,,01/13/2022,04/16/2025
981,nist_800_53,rev5,System and Information Integrity,SI-03,Malicious Code Protection,mitigates,T1037,Boot or Logon Initialization Scripts,16.1,enterprise,,,,[],,,01/13/2022,04/16/2025
982,nist_800_53,rev5,System and Information Integrity,SI-03,Malicious Code Protection,mitigates,T1047,Windows Management Instrumentation,16.1,enterprise,,,,[],,,01/13/2022,04/16/2025
983,nist_800_53,rev5,System and Information Integrity,SI-03,Malicious Code Protection,mitigates,T1055.015,ListPlanting,16.1,enterprise,,,,[],,,01/13/2022,04/16/2025
984,nist_800_53,rev5,System and Information Integrity,SI-03,Malicious Code Protection,mitigates,T1056.002,GUI Input Capture,16.1,enterprise,,,,[],,,01/13/2022,04/16/2025
985,nist_800_53,rev5,System and Information Integrity,SI-03,Malicious Code Protection,mitigates,T1059,Command and Scripting Interpreter,16.1,enterprise,,,,[],,,01/13/2022,04/16/2025
986,nist_800_53,rev5,System and Information Integrity,SI-03,Malicious Code Protection,mitigates,T1059.006,Python,16.1,enterprise,,,,[],,,01/13/2022,04/16/2025
987,nist_800_53,rev5,System and Information Integrity,SI-03,Malicious Code Protection,mitigates,T1059.010,AutoHotKey & AutoIT,16.1,enterprise,,,,[],,,01/13/2022,04/16/2025
988,nist_800_53,rev5,System and Information Integrity,SI-03,Malicious Code Protection,mitigates,T1059.011,Lua,16.1,enterprise,,,,[],,,01/13/2022,04/16/2025
989,nist_800_53,rev5,System and Information Integrity,SI-03,Malicious Code Protection,mitigates,T1070.001,Clear Windows Event Logs,16.1,enterprise,,,,[],,,01/13/2022,04/16/2025
990,nist_800_53,rev5,System and Information Integrity,SI-03,Malicious Code Protection,mitigates,T1070.003,Clear Command History,16.1,enterprise,,,,[],,,01/13/2022,04/16/2025
991,nist_800_53,rev5,System and Information Integrity,SI-03,Malicious Code Protection,mitigates,T1070.010,Relocate Malware,16.1,enterprise,,,,[],,,01/13/2022,04/16/2025
992,nist_800_53,rev5,System and Information Integrity,SI-03,Malicious Code Protection,mitigates,T1071,Application Layer Protocol,16.1,enterprise,,,,[],,,01/13/2022,04/16/2025
993,nist_800_53,rev5,System and Information Integrity,SI-03,Malicious Code Protection,mitigates,T1071.002,File Transfer Protocols,16.1,enterprise,,,,[],,,01/13/2022,04/16/2025
994,nist_800_53,rev5,System and Information Integrity,SI-03,Malicious Code Protection,mitigates,T1071.003,Mail Protocols,16.1,enterprise,,,,[],,,01/13/2022,04/16/2025
995,nist_800_53,rev5,System and Information Integrity,SI-03,Malicious Code Protection,mitigates,T1072,Software Deployment Tools,16.1,enterprise,,,,[],,,01/13/2022,04/16/2025
996,nist_800_53,rev5,System and Information Integrity,SI-03,Malicious Code Protection,mitigates,T1092,Communication Through Removable Media,16.1,enterprise,,,,[],,,01/13/2022,04/16/2025
997,nist_800_53,rev5,System and Information Integrity,SI-03,Malicious Code Protection,mitigates,T1102,Web Service,16.1,enterprise,,,,[],,,01/13/2022,04/16/2025
998,nist_800_53,rev5,System and Information Integrity,SI-03,Malicious Code Protection,mitigates,T1105,Ingress Tool Transfer,16.1,enterprise,,,,[],,,01/13/2022,04/16/2025
999,nist_800_53,rev5,System and Information Integrity,SI-03,Malicious Code Protection,mitigates,T1176,Browser Extensions,16.1,enterprise,,,,[],,,01/13/2022,04/16/2025
1000,nist_800_53,rev5,System and Information Integrity,SI-03,Malicious Code Protection,mitigates,T1190,Exploit Public-Facing Application,16.1,enterprise,,,,[],,,01/13/2022,04/16/2025
1001,nist_800_53,rev5,System and Information Integrity,SI-03,Malicious Code Protection,mitigates,T1195,Supply Chain Compromise,16.1,enterprise,,,,[],,,01/13/2022,04/16/2025
1002,nist_800_53,rev5,System and Information Integrity,SI-03,Malicious Code Protection,mitigates,T1203,Exploitation for Client Execution,16.1,enterprise,,,,[],,,01/13/2022,04/16/2025
1003,nist_800_53,rev5,System and Information Integrity,SI-03,Malicious Code Protection,mitigates,T1204,User Execution,16.1,enterprise,,,,[],,,01/13/2022,04/16/2025
1004,nist_800_53,rev5,System and Information Integrity,SI-03,Malicious Code Protection,mitigates,T1204.002,Malicious File,16.1,enterprise,,,,[],,,01/13/2022,04/16/2025
1005,nist_800_53,rev5,System and Information Integrity,SI-03,Malicious Code Protection,mitigates,T1218,System Binary Proxy Execution,16.1,enterprise,,,,[],,,01/13/2022,04/16/2025
1006,nist_800_53,rev5,System and Information Integrity,SI-03,Malicious Code Protection,mitigates,T1218.015,Electron Applications,16.1,enterprise,,,,[],,,01/13/2022,04/16/2025
1007,nist_800_53,rev5,System and Information Integrity,SI-03,Malicious Code Protection,mitigates,T1219,Remote Access Software,16.1,enterprise,,,,[],,,01/13/2022,04/16/2025
1008,nist_800_53,rev5,System and Information Integrity,SI-03,Malicious Code Protection,mitigates,T1485,Data Destruction,16.1,enterprise,,,,[],,,01/13/2022,04/16/2025
1009,nist_800_53,rev5,System and Information Integrity,SI-03,Malicious Code Protection,mitigates,T1490,Inhibit System Recovery,16.1,enterprise,,,,[],,,01/13/2022,04/16/2025
1010,nist_800_53,rev5,System and Information Integrity,SI-03,Malicious Code Protection,mitigates,T1539,Steal Web Session Cookie,16.1,enterprise,,,,[],,,01/13/2022,04/16/2025
1011,nist_800_53,rev5,System and Information Integrity,SI-03,Malicious Code Protection,mitigates,T1543,Create or Modify System Process,16.1,enterprise,,,,[],,,01/13/2022,04/16/2025
1012,nist_800_53,rev5,System and Information Integrity,SI-03,Malicious Code Protection,mitigates,T1543.002,Systemd Service,16.1,enterprise,,,,[],,,01/13/2022,04/16/2025
1013,nist_800_53,rev5,System and Information Integrity,SI-03,Malicious Code Protection,mitigates,T1546.003,Windows Management Instrumentation Event Subscription,16.1,enterprise,,,,[],,,01/13/2022,04/16/2025
1014,nist_800_53,rev5,System and Information Integrity,SI-03,Malicious Code Protection,mitigates,T1546.016,Installer Packages,16.1,enterprise,,,,[],,,01/13/2022,04/16/2025
1015,nist_800_53,rev5,System and Information Integrity,SI-03,Malicious Code Protection,mitigates,T1547.009,Shortcut Modification,16.1,enterprise,,,,[],,,01/13/2022,04/16/2025
1016,nist_800_53,rev5,System and Information Integrity,SI-03,Malicious Code Protection,mitigates,T1548,Abuse Elevation Control Mechanism,16.1,enterprise,,,,[],,,01/13/2022,04/16/2025
1017,nist_800_53,rev5,System and Information Integrity,SI-03,Malicious Code Protection,mitigates,T1548.006,TCC Manipulation,16.1,enterprise,,,,[],,,01/13/2022,04/16/2025
1018,nist_800_53,rev5,System and Information Integrity,SI-03,Malicious Code Protection,mitigates,T1554,Compromise Host Software Binary,16.1,enterprise,,,,[],,,01/13/2022,04/16/2025
1019,nist_800_53,rev5,System and Information Integrity,SI-03,Malicious Code Protection,mitigates,T1557,Adversary-in-the-Middle,16.1,enterprise,,,,[],,,01/13/2022,04/16/2025
1020,nist_800_53,rev5,System and Information Integrity,SI-03,Malicious Code Protection,mitigates,T1558,Steal or Forge Kerberos Tickets,16.1,enterprise,,,,[],,,01/13/2022,04/16/2025
1021,nist_800_53,rev5,System and Information Integrity,SI-03,Malicious Code Protection,mitigates,T1560,Archive Collected Data,16.1,enterprise,,,,[],,,01/13/2022,04/16/2025
1022,nist_800_53,rev5,System and Information Integrity,SI-03,Malicious Code Protection,mitigates,T1562,Impair Defenses,16.1,enterprise,,,,[],,,01/13/2022,04/16/2025
1023,nist_800_53,rev5,System and Information Integrity,SI-03,Malicious Code Protection,mitigates,T1562.004,Disable or Modify System Firewall,16.1,enterprise,,,,[],,,01/13/2022,04/16/2025
1024,nist_800_53,rev5,System and Information Integrity,SI-03,Malicious Code Protection,mitigates,T1562.006,Indicator Blocking,16.1,enterprise,,,,[],,,01/13/2022,04/16/2025
1025,nist_800_53,rev5,System and Information Integrity,SI-03,Malicious Code Protection,mitigates,T1564.004,NTFS File Attributes,16.1,enterprise,,,,[],,,01/13/2022,04/16/2025
1026,nist_800_53,rev5,System and Information Integrity,SI-03,Malicious Code Protection,mitigates,T1564.012,File/Path Exclusions,16.1,enterprise,,,,[],,,01/13/2022,04/16/2025
1027,nist_800_53,rev5,System and Information Integrity,SI-03,Malicious Code Protection,mitigates,T1566,Phishing,16.1,enterprise,,,,[],,,01/13/2022,04/16/2025
1028,nist_800_53,rev5,System and Information Integrity,SI-03,Malicious Code Protection,mitigates,T1566.001,Spearphishing Attachment,16.1,enterprise,,,,[],,,01/13/2022,04/16/2025
1029,nist_800_53,rev5,System and Information Integrity,SI-03,Malicious Code Protection,mitigates,T1566.002,Spearphishing Link,16.1,enterprise,,,,[],,,01/13/2022,04/16/2025
1030,nist_800_53,rev5,System and Information Integrity,SI-03,Malicious Code Protection,mitigates,T1566.003,Spearphishing via Service,16.1,enterprise,,,,[],,,01/13/2022,04/16/2025
1031,nist_800_53,rev5,System and Information Integrity,SI-03,Malicious Code Protection,mitigates,T1572,Protocol Tunneling,16.1,enterprise,,,,[],,,01/13/2022,04/16/2025
1032,nist_800_53,rev5,System and Information Integrity,SI-03,Malicious Code Protection,mitigates,T1573,Encrypted Channel,16.1,enterprise,,,,[],,,01/13/2022,04/16/2025
1033,nist_800_53,rev5,System and Information Integrity,SI-03,Malicious Code Protection,mitigates,T1574.001,DLL Search Order Hijacking,16.1,enterprise,,,,[],,,01/13/2022,04/16/2025
1034,nist_800_53,rev5,System and Information Integrity,SI-03,Malicious Code Protection,mitigates,T1574.014,AppDomainManager,16.1,enterprise,,,,[],,,01/13/2022,04/16/2025
1035,nist_800_53,rev5,System and Information Integrity,SI-03,Malicious Code Protection,mitigates,T1598.003,Spearphishing Link,16.1,enterprise,,,,[],,,01/13/2022,04/16/2025
1036,nist_800_53,rev5,System and Information Integrity,SI-03,Malicious Code Protection,mitigates,T1611,Escape to Host,16.1,enterprise,,,,[],,,01/13/2022,04/16/2025
1037,nist_800_53,rev5,System and Information Integrity,SI-07,"Software, Firmware, and Information Integrity",mitigates,T1020.001,Traffic Duplication,16.1,enterprise,,,,[],,,01/13/2022,04/16/2025
1038,nist_800_53,rev5,System and Information Integrity,SI-07,"Software, Firmware, and Information Integrity",mitigates,T1027,Obfuscated Files or Information,16.1,enterprise,,,,[],,,01/13/2022,04/16/2025
1039,nist_800_53,rev5,System and Information Integrity,SI-07,"Software, Firmware, and Information Integrity",mitigates,T1036,Masquerading,16.1,enterprise,,,,[],,,01/13/2022,04/16/2025
1040,nist_800_53,rev5,System and Information Integrity,SI-07,"Software, Firmware, and Information Integrity",mitigates,T1037,Boot or Logon Initialization Scripts,16.1,enterprise,,,,[],,,01/13/2022,04/16/2025
1041,nist_800_53,rev5,System and Information Integrity,SI-07,"Software, Firmware, and Information Integrity",mitigates,T1040,Network Sniffing,16.1,enterprise,,,,[],,,01/13/2022,04/16/2025
1042,nist_800_53,rev5,System and Information Integrity,SI-07,"Software, Firmware, and Information Integrity",mitigates,T1047,Windows Management Instrumentation,16.1,enterprise,,,,[],,,01/13/2022,04/16/2025
1043,nist_800_53,rev5,System and Information Integrity,SI-07,"Software, Firmware, and Information Integrity",mitigates,T1056.002,GUI Input Capture,16.1,enterprise,,,,[],,,01/13/2022,04/16/2025
1044,nist_800_53,rev5,System and Information Integrity,SI-07,"Software, Firmware, and Information Integrity",mitigates,T1059,Command and Scripting Interpreter,16.1,enterprise,,,,[],,,01/13/2022,04/16/2025
1045,nist_800_53,rev5,System and Information Integrity,SI-07,"Software, Firmware, and Information Integrity",mitigates,T1059.006,Python,16.1,enterprise,,,,[],,,01/13/2022,04/16/2025
1046,nist_800_53,rev5,System and Information Integrity,SI-07,"Software, Firmware, and Information Integrity",mitigates,T1059.010,AutoHotKey & AutoIT,16.1,enterprise,,,,[],,,01/13/2022,04/16/2025
1047,nist_800_53,rev5,System and Information Integrity,SI-07,"Software, Firmware, and Information Integrity",mitigates,T1059.011,Lua,16.1,enterprise,,,,[],,,01/13/2022,04/16/2025
1048,nist_800_53,rev5,System and Information Integrity,SI-07,"Software, Firmware, and Information Integrity",mitigates,T1070.001,Clear Windows Event Logs,16.1,enterprise,,,,[],,,01/13/2022,04/16/2025
1049,nist_800_53,rev5,System and Information Integrity,SI-07,"Software, Firmware, and Information Integrity",mitigates,T1070.003,Clear Command History,16.1,enterprise,,,,[],,,01/13/2022,04/16/2025
1050,nist_800_53,rev5,System and Information Integrity,SI-07,"Software, Firmware, and Information Integrity",mitigates,T1070.010,Relocate Malware,16.1,enterprise,,,,[],,,01/13/2022,04/16/2025
1051,nist_800_53,rev5,System and Information Integrity,SI-07,"Software, Firmware, and Information Integrity",mitigates,T1072,Software Deployment Tools,16.1,enterprise,,,,[],,,01/13/2022,04/16/2025
1052,nist_800_53,rev5,System and Information Integrity,SI-07,"Software, Firmware, and Information Integrity",mitigates,T1098.001,Additional Cloud Credentials,16.1,enterprise,,,,[],,,01/13/2022,04/16/2025
1053,nist_800_53,rev5,System and Information Integrity,SI-07,"Software, Firmware, and Information Integrity",mitigates,T1098.002,Additional Email Delegate Permissions,16.1,enterprise,,,,[],,,01/13/2022,04/16/2025
1054,nist_800_53,rev5,System and Information Integrity,SI-07,"Software, Firmware, and Information Integrity",mitigates,T1098.003,Additional Cloud Roles,16.1,enterprise,,,,[],,,01/13/2022,04/16/2025
1055,nist_800_53,rev5,System and Information Integrity,SI-07,"Software, Firmware, and Information Integrity",mitigates,T1114,Email Collection,16.1,enterprise,,,,[],,,01/13/2022,04/16/2025
1056,nist_800_53,rev5,System and Information Integrity,SI-07,"Software, Firmware, and Information Integrity",mitigates,T1114.002,Remote Email Collection,16.1,enterprise,,,,[],,,01/13/2022,04/16/2025
1057,nist_800_53,rev5,System and Information Integrity,SI-07,"Software, Firmware, and Information Integrity",mitigates,T1114.003,Email Forwarding Rule,16.1,enterprise,,,,[],,,01/13/2022,04/16/2025
1058,nist_800_53,rev5,System and Information Integrity,SI-07,"Software, Firmware, and Information Integrity",mitigates,T1119,Automated Collection,16.1,enterprise,,,,[],,,01/13/2022,04/16/2025
1059,nist_800_53,rev5,System and Information Integrity,SI-07,"Software, Firmware, and Information Integrity",mitigates,T1127.002,ClickOnce,16.1,enterprise,,,,[],,,01/13/2022,04/16/2025
1060,nist_800_53,rev5,System and Information Integrity,SI-07,"Software, Firmware, and Information Integrity",mitigates,T1136,Create Account,16.1,enterprise,,,,[],,,01/13/2022,04/16/2025
1061,nist_800_53,rev5,System and Information Integrity,SI-07,"Software, Firmware, and Information Integrity",mitigates,T1136.002,Domain Account,16.1,enterprise,,,,[],,,01/13/2022,04/16/2025
1062,nist_800_53,rev5,System and Information Integrity,SI-07,"Software, Firmware, and Information Integrity",mitigates,T1136.003,Cloud Account,16.1,enterprise,,,,[],,,01/13/2022,04/16/2025
1063,nist_800_53,rev5,System and Information Integrity,SI-07,"Software, Firmware, and Information Integrity",mitigates,T1176,Browser Extensions,16.1,enterprise,,,,[],,,01/13/2022,04/16/2025
1064,nist_800_53,rev5,System and Information Integrity,SI-07,"Software, Firmware, and Information Integrity",mitigates,T1190,Exploit Public-Facing Application,16.1,enterprise,,,,[],,,01/13/2022,04/16/2025
1065,nist_800_53,rev5,System and Information Integrity,SI-07,"Software, Firmware, and Information Integrity",mitigates,T1195,Supply Chain Compromise,16.1,enterprise,,,,[],,,01/13/2022,04/16/2025
1066,nist_800_53,rev5,System and Information Integrity,SI-07,"Software, Firmware, and Information Integrity",mitigates,T1195.001,Compromise Software Dependencies and Development Tools,16.1,enterprise,,,,[],,,01/13/2022,04/16/2025
1067,nist_800_53,rev5,System and Information Integrity,SI-07,"Software, Firmware, and Information Integrity",mitigates,T1203,Exploitation for Client Execution,16.1,enterprise,,,,[],,,01/13/2022,04/16/2025
1068,nist_800_53,rev5,System and Information Integrity,SI-07,"Software, Firmware, and Information Integrity",mitigates,T1204,User Execution,16.1,enterprise,,,,[],,,01/13/2022,04/16/2025
1069,nist_800_53,rev5,System and Information Integrity,SI-07,"Software, Firmware, and Information Integrity",mitigates,T1204.002,Malicious File,16.1,enterprise,,,,[],,,01/13/2022,04/16/2025
1070,nist_800_53,rev5,System and Information Integrity,SI-07,"Software, Firmware, and Information Integrity",mitigates,T1213,Data from Information Repositories,16.1,enterprise,,,,[],,,01/13/2022,04/16/2025
1071,nist_800_53,rev5,System and Information Integrity,SI-07,"Software, Firmware, and Information Integrity",mitigates,T1213.001,Confluence,16.1,enterprise,,,,[],,,01/13/2022,04/16/2025
1072,nist_800_53,rev5,System and Information Integrity,SI-07,"Software, Firmware, and Information Integrity",mitigates,T1213.002,Sharepoint,16.1,enterprise,,,,[],,,01/13/2022,04/16/2025
1073,nist_800_53,rev5,System and Information Integrity,SI-07,"Software, Firmware, and Information Integrity",mitigates,T1213.004,Customer Relationship Management Software,16.1,enterprise,,,,[],,,01/13/2022,04/16/2025
1074,nist_800_53,rev5,System and Information Integrity,SI-07,"Software, Firmware, and Information Integrity",mitigates,T1213.005,Messaging Applications,16.1,enterprise,,,,[],,,01/13/2022,04/16/2025
1075,nist_800_53,rev5,System and Information Integrity,SI-07,"Software, Firmware, and Information Integrity",mitigates,T1216.002,SyncAppvPublishingServer,16.1,enterprise,,,,[],,,01/13/2022,04/16/2025
1076,nist_800_53,rev5,System and Information Integrity,SI-07,"Software, Firmware, and Information Integrity",mitigates,T1218,System Binary Proxy Execution,16.1,enterprise,,,,[],,,01/13/2022,04/16/2025
1077,nist_800_53,rev5,System and Information Integrity,SI-07,"Software, Firmware, and Information Integrity",mitigates,T1218.011,Rundll32,16.1,enterprise,,,,[],,,01/13/2022,04/16/2025
1078,nist_800_53,rev5,System and Information Integrity,SI-07,"Software, Firmware, and Information Integrity",mitigates,T1218.015,Electron Applications,16.1,enterprise,,,,[],,,01/13/2022,04/16/2025
1079,nist_800_53,rev5,System and Information Integrity,SI-07,"Software, Firmware, and Information Integrity",mitigates,T1219,Remote Access Software,16.1,enterprise,,,,[],,,01/13/2022,04/16/2025
1080,nist_800_53,rev5,System and Information Integrity,SI-07,"Software, Firmware, and Information Integrity",mitigates,T1485,Data Destruction,16.1,enterprise,,,,[],,,01/13/2022,04/16/2025
1081,nist_800_53,rev5,System and Information Integrity,SI-07,"Software, Firmware, and Information Integrity",mitigates,T1485.001,Lifecycle-Triggered Deletion,16.1,enterprise,,,,[],,,01/13/2022,04/16/2025
1082,nist_800_53,rev5,System and Information Integrity,SI-07,"Software, Firmware, and Information Integrity",mitigates,T1490,Inhibit System Recovery,16.1,enterprise,,,,[],,,01/13/2022,04/16/2025
1083,nist_800_53,rev5,System and Information Integrity,SI-07,"Software, Firmware, and Information Integrity",mitigates,T1530,Data from Cloud Storage,16.1,enterprise,,,,[],,,01/13/2022,04/16/2025
1084,nist_800_53,rev5,System and Information Integrity,SI-07,"Software, Firmware, and Information Integrity",mitigates,T1542,Pre-OS Boot,16.1,enterprise,,,,[],,,01/13/2022,04/16/2025
1085,nist_800_53,rev5,System and Information Integrity,SI-07,"Software, Firmware, and Information Integrity",mitigates,T1542.001,System Firmware,16.1,enterprise,,,,[],,,01/13/2022,04/16/2025
1086,nist_800_53,rev5,System and Information Integrity,SI-07,"Software, Firmware, and Information Integrity",mitigates,T1543,Create or Modify System Process,16.1,enterprise,,,,[],,,01/13/2022,04/16/2025
1087,nist_800_53,rev5,System and Information Integrity,SI-07,"Software, Firmware, and Information Integrity",mitigates,T1543.002,Systemd Service,16.1,enterprise,,,,[],,,01/13/2022,04/16/2025
1088,nist_800_53,rev5,System and Information Integrity,SI-07,"Software, Firmware, and Information Integrity",mitigates,T1546,Event Triggered Execution,16.1,enterprise,,,,[],,,01/13/2022,04/16/2025
1089,nist_800_53,rev5,System and Information Integrity,SI-07,"Software, Firmware, and Information Integrity",mitigates,T1547.003,Time Providers,16.1,enterprise,,,,[],,,01/13/2022,04/16/2025
1090,nist_800_53,rev5,System and Information Integrity,SI-07,"Software, Firmware, and Information Integrity",mitigates,T1547.004,Winlogon Helper DLL,16.1,enterprise,,,,[],,,01/13/2022,04/16/2025
1091,nist_800_53,rev5,System and Information Integrity,SI-07,"Software, Firmware, and Information Integrity",mitigates,T1548,Abuse Elevation Control Mechanism,16.1,enterprise,,,,[],,,01/13/2022,04/16/2025
1092,nist_800_53,rev5,System and Information Integrity,SI-07,"Software, Firmware, and Information Integrity",mitigates,T1548.006,TCC Manipulation,16.1,enterprise,,,,[],,,01/13/2022,04/16/2025
1093,nist_800_53,rev5,System and Information Integrity,SI-07,"Software, Firmware, and Information Integrity",mitigates,T1550.001,Application Access Token,16.1,enterprise,,,,[],,,01/13/2022,04/16/2025
1094,nist_800_53,rev5,System and Information Integrity,SI-07,"Software, Firmware, and Information Integrity",mitigates,T1552,Unsecured Credentials,16.1,enterprise,,,,[],,,01/13/2022,04/16/2025
1095,nist_800_53,rev5,System and Information Integrity,SI-07,"Software, Firmware, and Information Integrity",mitigates,T1552.004,Private Keys,16.1,enterprise,,,,[],,,01/13/2022,04/16/2025
1096,nist_800_53,rev5,System and Information Integrity,SI-07,"Software, Firmware, and Information Integrity",mitigates,T1553,Subvert Trust Controls,16.1,enterprise,,,,[],,,01/13/2022,04/16/2025
1097,nist_800_53,rev5,System and Information Integrity,SI-07,"Software, Firmware, and Information Integrity",mitigates,T1554,Compromise Host Software Binary,16.1,enterprise,,,,[],,,01/13/2022,04/16/2025
1098,nist_800_53,rev5,System and Information Integrity,SI-07,"Software, Firmware, and Information Integrity",mitigates,T1556,Modify Authentication Process,16.1,enterprise,,,,[],,,01/13/2022,04/16/2025
1099,nist_800_53,rev5,System and Information Integrity,SI-07,"Software, Firmware, and Information Integrity",mitigates,T1556.001,Domain Controller Authentication,16.1,enterprise,,,,[],,,01/13/2022,04/16/2025
1100,nist_800_53,rev5,System and Information Integrity,SI-07,"Software, Firmware, and Information Integrity",mitigates,T1556.009,Conditional Access Policies,16.1,enterprise,,,,[],,,01/13/2022,04/16/2025
1101,nist_800_53,rev5,System and Information Integrity,SI-07,"Software, Firmware, and Information Integrity",mitigates,T1557,Adversary-in-the-Middle,16.1,enterprise,,,,[],,,01/13/2022,04/16/2025
1102,nist_800_53,rev5,System and Information Integrity,SI-07,"Software, Firmware, and Information Integrity",mitigates,T1557.004,Evil Twin,16.1,enterprise,,,,[],,,01/13/2022,04/16/2025
1103,nist_800_53,rev5,System and Information Integrity,SI-07,"Software, Firmware, and Information Integrity",mitigates,T1558,Steal or Forge Kerberos Tickets,16.1,enterprise,,,,[],,,01/13/2022,04/16/2025
1104,nist_800_53,rev5,System and Information Integrity,SI-07,"Software, Firmware, and Information Integrity",mitigates,T1558.005,Ccache Files,16.1,enterprise,,,,[],,,01/13/2022,04/16/2025
1105,nist_800_53,rev5,System and Information Integrity,SI-07,"Software, Firmware, and Information Integrity",mitigates,T1562,Impair Defenses,16.1,enterprise,,,,[],,,01/13/2022,04/16/2025
1106,nist_800_53,rev5,System and Information Integrity,SI-07,"Software, Firmware, and Information Integrity",mitigates,T1562.004,Disable or Modify System Firewall,16.1,enterprise,,,,[],,,01/13/2022,04/16/2025
1107,nist_800_53,rev5,System and Information Integrity,SI-07,"Software, Firmware, and Information Integrity",mitigates,T1562.006,Indicator Blocking,16.1,enterprise,,,,[],,,01/13/2022,04/16/2025
1108,nist_800_53,rev5,System and Information Integrity,SI-07,"Software, Firmware, and Information Integrity",mitigates,T1564.003,Hidden Window,16.1,enterprise,,,,[],,,01/13/2022,04/16/2025
1109,nist_800_53,rev5,System and Information Integrity,SI-07,"Software, Firmware, and Information Integrity",mitigates,T1564.004,NTFS File Attributes,16.1,enterprise,,,,[],,,01/13/2022,04/16/2025
1110,nist_800_53,rev5,System and Information Integrity,SI-07,"Software, Firmware, and Information Integrity",mitigates,T1565,Data Manipulation,16.1,enterprise,,,,[],,,01/13/2022,04/16/2025
1111,nist_800_53,rev5,System and Information Integrity,SI-07,"Software, Firmware, and Information Integrity",mitigates,T1574.001,DLL Search Order Hijacking,16.1,enterprise,,,,[],,,01/13/2022,04/16/2025
1112,nist_800_53,rev5,System and Information Integrity,SI-07,"Software, Firmware, and Information Integrity",mitigates,T1574.014,AppDomainManager,16.1,enterprise,,,,[],,,01/13/2022,04/16/2025
1113,nist_800_53,rev5,System and Information Integrity,SI-07,"Software, Firmware, and Information Integrity",mitigates,T1611,Escape to Host,16.1,enterprise,,,,[],,,01/13/2022,04/16/2025
1114,nist_800_53,rev5,Access Control,AC-16,Security and Privacy Attributes,mitigates,T1003,OS Credential Dumping,16.1,enterprise,,,,[],,,01/13/2022,04/16/2025
1115,nist_800_53,rev5,Access Control,AC-16,Security and Privacy Attributes,mitigates,T1020.001,Traffic Duplication,16.1,enterprise,,,,[],,,01/13/2022,04/16/2025
1116,nist_800_53,rev5,Access Control,AC-18,Wireless Access,mitigates,T1020.001,Traffic Duplication,16.1,enterprise,,,,[],,,01/13/2022,04/16/2025
1117,nist_800_53,rev5,Access Control,AC-20,Use of External Systems,mitigates,T1020.001,Traffic Duplication,16.1,enterprise,,,,[],,,01/13/2022,04/16/2025
1118,nist_800_53,rev5,Access Control,AC-20,Use of External Systems,mitigates,T1021,Remote Services,16.1,enterprise,,,,[],,,01/13/2022,04/16/2025
1119,nist_800_53,rev5,Access Control,AC-16,Security and Privacy Attributes,mitigates,T1040,Network Sniffing,16.1,enterprise,,,,[],,,01/13/2022,04/16/2025
1120,nist_800_53,rev5,Access Control,AC-18,Wireless Access,mitigates,T1040,Network Sniffing,16.1,enterprise,,,,[],,,01/13/2022,04/16/2025
1121,nist_800_53,rev5,Access Control,AC-16,Security and Privacy Attributes,mitigates,T1070.001,Clear Windows Event Logs,16.1,enterprise,,,,[],,,01/13/2022,04/16/2025
1122,nist_800_53,rev5,Access Control,AC-18,Wireless Access,mitigates,T1070.001,Clear Windows Event Logs,16.1,enterprise,,,,[],,,01/13/2022,04/16/2025
1123,nist_800_53,rev5,Access Control,AC-20,Use of External Systems,mitigates,T1072,Software Deployment Tools,16.1,enterprise,,,,[],,,01/13/2022,04/16/2025
1124,nist_800_53,rev5,Access Control,AC-20,Use of External Systems,mitigates,T1078.004,Cloud Accounts,16.1,enterprise,,,,[],,,01/13/2022,04/16/2025
1125,nist_800_53,rev5,Access Control,AC-20,Use of External Systems,mitigates,T1098.001,Additional Cloud Credentials,16.1,enterprise,,,,[],,,01/13/2022,04/16/2025
1126,nist_800_53,rev5,Access Control,AC-20,Use of External Systems,mitigates,T1098.002,Additional Email Delegate Permissions,16.1,enterprise,,,,[],,,01/13/2022,04/16/2025
1127,nist_800_53,rev5,Access Control,AC-20,Use of External Systems,mitigates,T1098.003,Additional Cloud Roles,16.1,enterprise,,,,[],,,01/13/2022,04/16/2025
1128,nist_800_53,rev5,Access Control,AC-20,Use of External Systems,mitigates,T1098.005,Device Registration,16.1,enterprise,,,,[],,,01/13/2022,04/16/2025
1129,nist_800_53,rev5,Access Control,AC-20,Use of External Systems,mitigates,T1110,Brute Force,16.1,enterprise,,,,[],,,01/13/2022,04/16/2025
1130,nist_800_53,rev5,Access Control,AC-16,Security and Privacy Attributes,mitigates,T1114,Email Collection,16.1,enterprise,,,,[],,,01/13/2022,04/16/2025
1131,nist_800_53,rev5,Access Control,AC-20,Use of External Systems,mitigates,T1114,Email Collection,16.1,enterprise,,,,[],,,01/13/2022,04/16/2025
1132,nist_800_53,rev5,Access Control,AC-16,Security and Privacy Attributes,mitigates,T1114.002,Remote Email Collection,16.1,enterprise,,,,[],,,01/13/2022,04/16/2025
1133,nist_800_53,rev5,Access Control,AC-20,Use of External Systems,mitigates,T1114.002,Remote Email Collection,16.1,enterprise,,,,[],,,01/13/2022,04/16/2025
1134,nist_800_53,rev5,Access Control,AC-16,Security and Privacy Attributes,mitigates,T1114.003,Email Forwarding Rule,16.1,enterprise,,,,[],,,01/13/2022,04/16/2025
1135,nist_800_53,rev5,Access Control,AC-20,Use of External Systems,mitigates,T1114.003,Email Forwarding Rule,16.1,enterprise,,,,[],,,01/13/2022,04/16/2025
1136,nist_800_53,rev5,Access Control,AC-16,Security and Privacy Attributes,mitigates,T1119,Automated Collection,16.1,enterprise,,,,[],,,01/13/2022,04/16/2025
1137,nist_800_53,rev5,Access Control,AC-18,Wireless Access,mitigates,T1119,Automated Collection,16.1,enterprise,,,,[],,,01/13/2022,04/16/2025
1138,nist_800_53,rev5,Access Control,AC-20,Use of External Systems,mitigates,T1119,Automated Collection,16.1,enterprise,,,,[],,,01/13/2022,04/16/2025
1139,nist_800_53,rev5,Access Control,AC-20,Use of External Systems,mitigates,T1136,Create Account,16.1,enterprise,,,,[],,,01/13/2022,04/16/2025
1140,nist_800_53,rev5,Access Control,AC-20,Use of External Systems,mitigates,T1136.002,Domain Account,16.1,enterprise,,,,[],,,01/13/2022,04/16/2025
1141,nist_800_53,rev5,Access Control,AC-20,Use of External Systems,mitigates,T1136.003,Cloud Account,16.1,enterprise,,,,[],,,01/13/2022,04/16/2025
1142,nist_800_53,rev5,Access Control,AC-14,Permitted Actions Without Identification or Authentication,mitigates,T1137.002,Office Test,16.1,enterprise,,,,[],,,01/13/2022,04/16/2025
1143,nist_800_53,rev5,Access Control,AC-16,Security and Privacy Attributes,mitigates,T1213,Data from Information Repositories,16.1,enterprise,,,,[],,,01/13/2022,04/16/2025
1144,nist_800_53,rev5,Access Control,AC-16,Security and Privacy Attributes,mitigates,T1213.001,Confluence,16.1,enterprise,,,,[],,,01/13/2022,04/16/2025
1145,nist_800_53,rev5,Access Control,AC-16,Security and Privacy Attributes,mitigates,T1213.002,Sharepoint,16.1,enterprise,,,,[],,,01/13/2022,04/16/2025
1146,nist_800_53,rev5,Access Control,AC-16,Security and Privacy Attributes,mitigates,T1213.004,Customer Relationship Management Software,16.1,enterprise,,,,[],,,01/13/2022,04/16/2025
1147,nist_800_53,rev5,Access Control,AC-16,Security and Privacy Attributes,mitigates,T1213.005,Messaging Applications,16.1,enterprise,,,,[],,,01/13/2022,04/16/2025
1148,nist_800_53,rev5,Access Control,AC-16,Security and Privacy Attributes,mitigates,T1530,Data from Cloud Storage,16.1,enterprise,,,,[],,,01/13/2022,04/16/2025
1149,nist_800_53,rev5,Access Control,AC-18,Wireless Access,mitigates,T1530,Data from Cloud Storage,16.1,enterprise,,,,[],,,01/13/2022,04/16/2025
1150,nist_800_53,rev5,Access Control,AC-20,Use of External Systems,mitigates,T1530,Data from Cloud Storage,16.1,enterprise,,,,[],,,01/13/2022,04/16/2025
1151,nist_800_53,rev5,Access Control,AC-16,Security and Privacy Attributes,mitigates,T1537,Transfer Data to Cloud Account,16.1,enterprise,,,,[],,,01/13/2022,04/16/2025
1152,nist_800_53,rev5,Access Control,AC-20,Use of External Systems,mitigates,T1537,Transfer Data to Cloud Account,16.1,enterprise,,,,[],,,01/13/2022,04/16/2025
1153,nist_800_53,rev5,Access Control,AC-20,Use of External Systems,mitigates,T1539,Steal Web Session Cookie,16.1,enterprise,,,,[],,,01/13/2022,04/16/2025
1154,nist_800_53,rev5,Access Control,AC-16,Security and Privacy Attributes,mitigates,T1548,Abuse Elevation Control Mechanism,16.1,enterprise,,,,[],,,01/13/2022,04/16/2025
1155,nist_800_53,rev5,Access Control,AC-16,Security and Privacy Attributes,mitigates,T1548.006,TCC Manipulation,16.1,enterprise,,,,[],,,01/13/2022,04/16/2025
1156,nist_800_53,rev5,Access Control,AC-16,Security and Privacy Attributes,mitigates,T1550.001,Application Access Token,16.1,enterprise,,,,[],,,01/13/2022,04/16/2025
1157,nist_800_53,rev5,Access Control,AC-20,Use of External Systems,mitigates,T1550.001,Application Access Token,16.1,enterprise,,,,[],,,01/13/2022,04/16/2025
1158,nist_800_53,rev5,Access Control,AC-16,Security and Privacy Attributes,mitigates,T1552,Unsecured Credentials,16.1,enterprise,,,,[],,,01/13/2022,04/16/2025
1159,nist_800_53,rev5,Access Control,AC-18,Wireless Access,mitigates,T1552,Unsecured Credentials,16.1,enterprise,,,,[],,,01/13/2022,04/16/2025
1160,nist_800_53,rev5,Access Control,AC-20,Use of External Systems,mitigates,T1552,Unsecured Credentials,16.1,enterprise,,,,[],,,01/13/2022,04/16/2025
1161,nist_800_53,rev5,Access Control,AC-16,Security and Privacy Attributes,mitigates,T1552.004,Private Keys,16.1,enterprise,,,,[],,,01/13/2022,04/16/2025
1162,nist_800_53,rev5,Access Control,AC-18,Wireless Access,mitigates,T1552.004,Private Keys,16.1,enterprise,,,,[],,,01/13/2022,04/16/2025
1163,nist_800_53,rev5,Access Control,AC-20,Use of External Systems,mitigates,T1552.004,Private Keys,16.1,enterprise,,,,[],,,01/13/2022,04/16/2025
1164,nist_800_53,rev5,Access Control,AC-20,Use of External Systems,mitigates,T1555,Credentials from Password Stores,16.1,enterprise,,,,[],,,01/13/2022,04/16/2025
1165,nist_800_53,rev5,Access Control,AC-20,Use of External Systems,mitigates,T1556,Modify Authentication Process,16.1,enterprise,,,,[],,,01/13/2022,04/16/2025
1166,nist_800_53,rev5,Access Control,AC-20,Use of External Systems,mitigates,T1556.001,Domain Controller Authentication,16.1,enterprise,,,,[],,,01/13/2022,04/16/2025
1167,nist_800_53,rev5,Access Control,AC-16,Security and Privacy Attributes,mitigates,T1556.009,Conditional Access Policies,16.1,enterprise,,,,[],,,01/13/2022,04/16/2025
1168,nist_800_53,rev5,Access Control,AC-16,Security and Privacy Attributes,mitigates,T1557,Adversary-in-the-Middle,16.1,enterprise,,,,[],,,01/13/2022,04/16/2025
1169,nist_800_53,rev5,Access Control,AC-18,Wireless Access,mitigates,T1557,Adversary-in-the-Middle,16.1,enterprise,,,,[],,,01/13/2022,04/16/2025
1170,nist_800_53,rev5,Access Control,AC-20,Use of External Systems,mitigates,T1557,Adversary-in-the-Middle,16.1,enterprise,,,,[],,,01/13/2022,04/16/2025
1171,nist_800_53,rev5,Access Control,AC-18,Wireless Access,mitigates,T1557.004,Evil Twin,16.1,enterprise,,,,[],,,01/13/2022,04/16/2025
1172,nist_800_53,rev5,Access Control,AC-16,Security and Privacy Attributes,mitigates,T1558,Steal or Forge Kerberos Tickets,16.1,enterprise,,,,[],,,01/13/2022,04/16/2025
1173,nist_800_53,rev5,Access Control,AC-18,Wireless Access,mitigates,T1558,Steal or Forge Kerberos Tickets,16.1,enterprise,,,,[],,,01/13/2022,04/16/2025
1174,nist_800_53,rev5,Access Control,AC-16,Security and Privacy Attributes,mitigates,T1564.004,NTFS File Attributes,16.1,enterprise,,,,[],,,01/13/2022,04/16/2025
1175,nist_800_53,rev5,Access Control,AC-16,Security and Privacy Attributes,mitigates,T1565,Data Manipulation,16.1,enterprise,,,,[],,,01/13/2022,04/16/2025
1176,nist_800_53,rev5,Access Control,AC-18,Wireless Access,mitigates,T1565,Data Manipulation,16.1,enterprise,,,,[],,,01/13/2022,04/16/2025
1177,nist_800_53,rev5,Access Control,AC-20,Use of External Systems,mitigates,T1565,Data Manipulation,16.1,enterprise,,,,[],,,01/13/2022,04/16/2025
1178,nist_800_53,rev5,Access Control,AC-20,Use of External Systems,mitigates,T1578.005,Modify Cloud Compute Configurations,16.1,enterprise,,,,[],,,01/13/2022,04/16/2025
1179,nist_800_53,rev5,Configuration Management,CM-02,Baseline Configuration,mitigates,T1053.002,At,16.1,enterprise,,,,[],,,01/13/2022,04/16/2025
1180,nist_800_53,rev5,Configuration Management,CM-02,Baseline Configuration,mitigates,T1053.005,Scheduled Task,16.1,enterprise,,,,[],,,01/13/2022,04/16/2025
1181,nist_800_53,rev5,Configuration Management,CM-02,Baseline Configuration,mitigates,T1059,Command and Scripting Interpreter,16.1,enterprise,,,,[],,,01/13/2022,04/16/2025
1182,nist_800_53,rev5,Configuration Management,CM-02,Baseline Configuration,mitigates,T1176,Browser Extensions,16.1,enterprise,,,,[],,,01/13/2022,04/16/2025
1183,nist_800_53,rev5,Configuration Management,CM-02,Baseline Configuration,mitigates,T1213,Data from Information Repositories,16.1,enterprise,,,,[],,,01/13/2022,04/16/2025
1184,nist_800_53,rev5,Configuration Management,CM-02,Baseline Configuration,mitigates,T1213.001,Confluence,16.1,enterprise,,,,[],,,01/13/2022,04/16/2025
1185,nist_800_53,rev5,Configuration Management,CM-02,Baseline Configuration,mitigates,T1213.002,Sharepoint,16.1,enterprise,,,,[],,,01/13/2022,04/16/2025
1186,nist_800_53,rev5,Configuration Management,CM-02,Baseline Configuration,mitigates,T1484,Domain or Tenant Policy Modification,16.1,enterprise,,,,[],,,01/13/2022,04/16/2025
1187,nist_800_53,rev5,Configuration Management,CM-02,Baseline Configuration,mitigates,T1528,Steal Application Access Token,16.1,enterprise,,,,[],,,01/13/2022,04/16/2025
1188,nist_800_53,rev5,Configuration Management,CM-02,Baseline Configuration,mitigates,T1530,Data from Cloud Storage,16.1,enterprise,,,,[],,,01/13/2022,04/16/2025
1189,nist_800_53,rev5,Configuration Management,CM-02,Baseline Configuration,mitigates,T1542,Pre-OS Boot,16.1,enterprise,,,,[],,,01/13/2022,04/16/2025
1190,nist_800_53,rev5,Configuration Management,CM-02,Baseline Configuration,mitigates,T1543,Create or Modify System Process,16.1,enterprise,,,,[],,,01/13/2022,04/16/2025
1191,nist_800_53,rev5,Configuration Management,CM-02,Baseline Configuration,mitigates,T1548,Abuse Elevation Control Mechanism,16.1,enterprise,,,,[],,,01/13/2022,04/16/2025
1192,nist_800_53,rev5,Configuration Management,CM-02,Baseline Configuration,mitigates,T1550.001,Application Access Token,16.1,enterprise,,,,[],,,01/13/2022,04/16/2025
1193,nist_800_53,rev5,Configuration Management,CM-02,Baseline Configuration,mitigates,T1552,Unsecured Credentials,16.1,enterprise,,,,[],,,01/13/2022,04/16/2025
1194,nist_800_53,rev5,Configuration Management,CM-02,Baseline Configuration,mitigates,T1552.001,Credentials In Files,16.1,enterprise,,,,[],,,01/13/2022,04/16/2025
1195,nist_800_53,rev5,Configuration Management,CM-02,Baseline Configuration,mitigates,T1552.004,Private Keys,16.1,enterprise,,,,[],,,01/13/2022,04/16/2025
1196,nist_800_53,rev5,Configuration Management,CM-02,Baseline Configuration,mitigates,T1553,Subvert Trust Controls,16.1,enterprise,,,,[],,,01/13/2022,04/16/2025
1197,nist_800_53,rev5,Configuration Management,CM-02,Baseline Configuration,mitigates,T1554,Compromise Host Software Binary,16.1,enterprise,,,,[],,,01/13/2022,04/16/2025
1198,nist_800_53,rev5,Configuration Management,CM-02,Baseline Configuration,mitigates,T1560,Archive Collected Data,16.1,enterprise,,,,[],,,01/13/2022,04/16/2025
1199,nist_800_53,rev5,Configuration Management,CM-02,Baseline Configuration,mitigates,T1562,Impair Defenses,16.1,enterprise,,,,[],,,01/13/2022,04/16/2025
1200,nist_800_53,rev5,Configuration Management,CM-02,Baseline Configuration,mitigates,T1563,Remote Service Session Hijacking,16.1,enterprise,,,,[],,,01/13/2022,04/16/2025
1201,nist_800_53,rev5,Configuration Management,CM-02,Baseline Configuration,mitigates,T1574.001,DLL Search Order Hijacking,16.1,enterprise,,,,[],,,01/13/2022,04/16/2025
1202,nist_800_53,rev5,Configuration Management,CM-02,Baseline Configuration,mitigates,T1001,Data Obfuscation,16.1,enterprise,,,,[],,,01/13/2022,04/16/2025
1203,nist_800_53,rev5,Configuration Management,CM-02,Baseline Configuration,mitigates,T1001.001,Junk Data,16.1,enterprise,,,,[],,,01/13/2022,04/16/2025
1204,nist_800_53,rev5,Configuration Management,CM-02,Baseline Configuration,mitigates,T1001.003,Protocol or Service Impersonation,16.1,enterprise,,,,[],,,01/13/2022,04/16/2025
1205,nist_800_53,rev5,Configuration Management,CM-02,Baseline Configuration,mitigates,T1003,OS Credential Dumping,16.1,enterprise,,,,[],,,01/13/2022,04/16/2025
1206,nist_800_53,rev5,Configuration Management,CM-02,Baseline Configuration,mitigates,T1003.001,LSASS Memory,16.1,enterprise,,,,[],,,01/13/2022,04/16/2025
1207,nist_800_53,rev5,Configuration Management,CM-02,Baseline Configuration,mitigates,T1003.005,Cached Domain Credentials,16.1,enterprise,,,,[],,,01/13/2022,04/16/2025
1208,nist_800_53,rev5,Configuration Management,CM-02,Baseline Configuration,mitigates,T1003.007,Proc Filesystem,16.1,enterprise,,,,[],,,01/13/2022,04/16/2025
1209,nist_800_53,rev5,Configuration Management,CM-02,Baseline Configuration,mitigates,T1020.001,Traffic Duplication,16.1,enterprise,,,,[],,,01/13/2022,04/16/2025
1210,nist_800_53,rev5,Configuration Management,CM-02,Baseline Configuration,mitigates,T1021,Remote Services,16.1,enterprise,,,,[],,,01/13/2022,04/16/2025
1211,nist_800_53,rev5,Configuration Management,CM-02,Baseline Configuration,mitigates,T1027,Obfuscated Files or Information,16.1,enterprise,,,,[],,,01/13/2022,04/16/2025
1212,nist_800_53,rev5,Configuration Management,CM-02,Baseline Configuration,mitigates,T1036,Masquerading,16.1,enterprise,,,,[],,,01/13/2022,04/16/2025
1213,nist_800_53,rev5,Configuration Management,CM-02,Baseline Configuration,mitigates,T1037,Boot or Logon Initialization Scripts,16.1,enterprise,,,,[],,,01/13/2022,04/16/2025
1214,nist_800_53,rev5,Configuration Management,CM-02,Baseline Configuration,mitigates,T1047,Windows Management Instrumentation,16.1,enterprise,,,,[],,,01/13/2022,04/16/2025
1215,nist_800_53,rev5,Configuration Management,CM-02,Baseline Configuration,mitigates,T1053,Scheduled Task/Job,16.1,enterprise,,,,[],,,01/13/2022,04/16/2025
1216,nist_800_53,rev5,Configuration Management,CM-02,Baseline Configuration,mitigates,T1053.002,At,16.1,enterprise,,,,[],,,01/13/2022,04/16/2025
1217,nist_800_53,rev5,Configuration Management,CM-02,Baseline Configuration,mitigates,T1053.005,Scheduled Task,16.1,enterprise,,,,[],,,01/13/2022,04/16/2025
1218,nist_800_53,rev5,Configuration Management,CM-02,Baseline Configuration,mitigates,T1059,Command and Scripting Interpreter,16.1,enterprise,,,,[],,,01/13/2022,04/16/2025
1219,nist_800_53,rev5,Configuration Management,CM-02,Baseline Configuration,mitigates,T1059.006,Python,16.1,enterprise,,,,[],,,01/13/2022,04/16/2025
1220,nist_800_53,rev5,Configuration Management,CM-02,Baseline Configuration,mitigates,T1059.010,AutoHotKey & AutoIT,16.1,enterprise,,,,[],,,01/13/2022,04/16/2025
1221,nist_800_53,rev5,Configuration Management,CM-02,Baseline Configuration,mitigates,T1059.011,Lua,16.1,enterprise,,,,[],,,01/13/2022,04/16/2025
1222,nist_800_53,rev5,Configuration Management,CM-02,Baseline Configuration,mitigates,T1070.001,Clear Windows Event Logs,16.1,enterprise,,,,[],,,01/13/2022,04/16/2025
1223,nist_800_53,rev5,Configuration Management,CM-02,Baseline Configuration,mitigates,T1070.003,Clear Command History,16.1,enterprise,,,,[],,,01/13/2022,04/16/2025
1224,nist_800_53,rev5,Configuration Management,CM-02,Baseline Configuration,mitigates,T1071,Application Layer Protocol,16.1,enterprise,,,,[],,,01/13/2022,04/16/2025
1225,nist_800_53,rev5,Configuration Management,CM-02,Baseline Configuration,mitigates,T1071.002,File Transfer Protocols,16.1,enterprise,,,,[],,,01/13/2022,04/16/2025
1226,nist_800_53,rev5,Configuration Management,CM-02,Baseline Configuration,mitigates,T1071.003,Mail Protocols,16.1,enterprise,,,,[],,,01/13/2022,04/16/2025
1227,nist_800_53,rev5,Configuration Management,CM-02,Baseline Configuration,mitigates,T1072,Software Deployment Tools,16.1,enterprise,,,,[],,,01/13/2022,04/16/2025
1228,nist_800_53,rev5,Configuration Management,CM-02,Baseline Configuration,mitigates,T1092,Communication Through Removable Media,16.1,enterprise,,,,[],,,01/13/2022,04/16/2025
1229,nist_800_53,rev5,Configuration Management,CM-02,Baseline Configuration,mitigates,T1102,Web Service,16.1,enterprise,,,,[],,,01/13/2022,04/16/2025
1230,nist_800_53,rev5,Configuration Management,CM-02,Baseline Configuration,mitigates,T1105,Ingress Tool Transfer,16.1,enterprise,,,,[],,,01/13/2022,04/16/2025
1231,nist_800_53,rev5,Configuration Management,CM-02,Baseline Configuration,mitigates,T1110,Brute Force,16.1,enterprise,,,,[],,,01/13/2022,04/16/2025
1232,nist_800_53,rev5,Configuration Management,CM-02,Baseline Configuration,mitigates,T1114,Email Collection,16.1,enterprise,,,,[],,,01/13/2022,04/16/2025
1233,nist_800_53,rev5,Configuration Management,CM-02,Baseline Configuration,mitigates,T1114.002,Remote Email Collection,16.1,enterprise,,,,[],,,01/13/2022,04/16/2025
1234,nist_800_53,rev5,Configuration Management,CM-02,Baseline Configuration,mitigates,T1119,Automated Collection,16.1,enterprise,,,,[],,,01/13/2022,04/16/2025
1235,nist_800_53,rev5,Configuration Management,CM-02,Baseline Configuration,mitigates,T1127.002,ClickOnce,16.1,enterprise,,,,[],,,01/13/2022,04/16/2025
1236,nist_800_53,rev5,Configuration Management,CM-02,Baseline Configuration,mitigates,T1137.002,Office Test,16.1,enterprise,,,,[],,,01/13/2022,04/16/2025
1237,nist_800_53,rev5,Configuration Management,CM-02,Baseline Configuration,mitigates,T1176,Browser Extensions,16.1,enterprise,,,,[],,,01/13/2022,04/16/2025
1238,nist_800_53,rev5,Configuration Management,CM-02,Baseline Configuration,mitigates,T1195,Supply Chain Compromise,16.1,enterprise,,,,[],,,01/13/2022,04/16/2025
1239,nist_800_53,rev5,Configuration Management,CM-02,Baseline Configuration,mitigates,T1204,User Execution,16.1,enterprise,,,,[],,,01/13/2022,04/16/2025
1240,nist_800_53,rev5,Configuration Management,CM-02,Baseline Configuration,mitigates,T1204.002,Malicious File,16.1,enterprise,,,,[],,,01/13/2022,04/16/2025
1241,nist_800_53,rev5,Configuration Management,CM-02,Baseline Configuration,mitigates,T1213,Data from Information Repositories,16.1,enterprise,,,,[],,,01/13/2022,04/16/2025
1242,nist_800_53,rev5,Configuration Management,CM-02,Baseline Configuration,mitigates,T1213.001,Confluence,16.1,enterprise,,,,[],,,01/13/2022,04/16/2025
1243,nist_800_53,rev5,Configuration Management,CM-02,Baseline Configuration,mitigates,T1213.002,Sharepoint,16.1,enterprise,,,,[],,,01/13/2022,04/16/2025
1244,nist_800_53,rev5,Configuration Management,CM-02,Baseline Configuration,mitigates,T1213.005,Messaging Applications,16.1,enterprise,,,,[],,,01/13/2022,04/16/2025
1245,nist_800_53,rev5,Configuration Management,CM-02,Baseline Configuration,mitigates,T1216.002,SyncAppvPublishingServer,16.1,enterprise,,,,[],,,01/13/2022,04/16/2025
1246,nist_800_53,rev5,Configuration Management,CM-02,Baseline Configuration,mitigates,T1218,System Binary Proxy Execution,16.1,enterprise,,,,[],,,01/13/2022,04/16/2025
1247,nist_800_53,rev5,Configuration Management,CM-02,Baseline Configuration,mitigates,T1218.015,Electron Applications,16.1,enterprise,,,,[],,,01/13/2022,04/16/2025
1248,nist_800_53,rev5,Configuration Management,CM-02,Baseline Configuration,mitigates,T1219,Remote Access Software,16.1,enterprise,,,,[],,,01/13/2022,04/16/2025
1249,nist_800_53,rev5,Configuration Management,CM-02,Baseline Configuration,mitigates,T1484,Domain or Tenant Policy Modification,16.1,enterprise,,,,[],,,01/13/2022,04/16/2025
1250,nist_800_53,rev5,Configuration Management,CM-02,Baseline Configuration,mitigates,T1485,Data Destruction,16.1,enterprise,,,,[],,,01/13/2022,04/16/2025
1251,nist_800_53,rev5,Configuration Management,CM-02,Baseline Configuration,mitigates,T1490,Inhibit System Recovery,16.1,enterprise,,,,[],,,01/13/2022,04/16/2025
1252,nist_800_53,rev5,Configuration Management,CM-02,Baseline Configuration,mitigates,T1505.003,Web Shell,16.1,enterprise,,,,[],,,01/13/2022,04/16/2025
1253,nist_800_53,rev5,Configuration Management,CM-02,Baseline Configuration,mitigates,T1528,Steal Application Access Token,16.1,enterprise,,,,[],,,01/13/2022,04/16/2025
1254,nist_800_53,rev5,Configuration Management,CM-02,Baseline Configuration,mitigates,T1530,Data from Cloud Storage,16.1,enterprise,,,,[],,,01/13/2022,04/16/2025
1255,nist_800_53,rev5,Configuration Management,CM-02,Baseline Configuration,mitigates,T1539,Steal Web Session Cookie,16.1,enterprise,,,,[],,,01/13/2022,04/16/2025
1256,nist_800_53,rev5,Configuration Management,CM-02,Baseline Configuration,mitigates,T1543,Create or Modify System Process,16.1,enterprise,,,,[],,,01/13/2022,04/16/2025
1257,nist_800_53,rev5,Configuration Management,CM-02,Baseline Configuration,mitigates,T1543.002,Systemd Service,16.1,enterprise,,,,[],,,01/13/2022,04/16/2025
1258,nist_800_53,rev5,Configuration Management,CM-02,Baseline Configuration,mitigates,T1543.003,Windows Service,16.1,enterprise,,,,[],,,01/13/2022,04/16/2025
1259,nist_800_53,rev5,Configuration Management,CM-02,Baseline Configuration,mitigates,T1546,Event Triggered Execution,16.1,enterprise,,,,[],,,01/13/2022,04/16/2025
1260,nist_800_53,rev5,Configuration Management,CM-02,Baseline Configuration,mitigates,T1546.003,Windows Management Instrumentation Event Subscription,16.1,enterprise,,,,[],,,01/13/2022,04/16/2025
1261,nist_800_53,rev5,Configuration Management,CM-02,Baseline Configuration,mitigates,T1547.003,Time Providers,16.1,enterprise,,,,[],,,01/13/2022,04/16/2025
1262,nist_800_53,rev5,Configuration Management,CM-02,Baseline Configuration,mitigates,T1548,Abuse Elevation Control Mechanism,16.1,enterprise,,,,[],,,01/13/2022,04/16/2025
1263,nist_800_53,rev5,Configuration Management,CM-02,Baseline Configuration,mitigates,T1548.006,TCC Manipulation,16.1,enterprise,,,,[],,,01/13/2022,04/16/2025
1264,nist_800_53,rev5,Configuration Management,CM-02,Baseline Configuration,mitigates,T1550.001,Application Access Token,16.1,enterprise,,,,[],,,01/13/2022,04/16/2025
1265,nist_800_53,rev5,Configuration Management,CM-02,Baseline Configuration,mitigates,T1552,Unsecured Credentials,16.1,enterprise,,,,[],,,01/13/2022,04/16/2025
1266,nist_800_53,rev5,Configuration Management,CM-02,Baseline Configuration,mitigates,T1552.001,Credentials In Files,16.1,enterprise,,,,[],,,01/13/2022,04/16/2025
1267,nist_800_53,rev5,Configuration Management,CM-02,Baseline Configuration,mitigates,T1552.004,Private Keys,16.1,enterprise,,,,[],,,01/13/2022,04/16/2025
1268,nist_800_53,rev5,Configuration Management,CM-02,Baseline Configuration,mitigates,T1553,Subvert Trust Controls,16.1,enterprise,,,,[],,,01/13/2022,04/16/2025
1269,nist_800_53,rev5,Configuration Management,CM-02,Baseline Configuration,mitigates,T1554,Compromise Host Software Binary,16.1,enterprise,,,,[],,,01/13/2022,04/16/2025
1270,nist_800_53,rev5,Configuration Management,CM-02,Baseline Configuration,mitigates,T1555.005,Password Managers,16.1,enterprise,,,,[],,,01/13/2022,04/16/2025
1271,nist_800_53,rev5,Configuration Management,CM-02,Baseline Configuration,mitigates,T1556,Modify Authentication Process,16.1,enterprise,,,,[],,,01/13/2022,04/16/2025
1272,nist_800_53,rev5,Configuration Management,CM-02,Baseline Configuration,mitigates,T1557,Adversary-in-the-Middle,16.1,enterprise,,,,[],,,01/13/2022,04/16/2025
1273,nist_800_53,rev5,Configuration Management,CM-02,Baseline Configuration,mitigates,T1557.004,Evil Twin,16.1,enterprise,,,,[],,,01/13/2022,04/16/2025
1274,nist_800_53,rev5,Configuration Management,CM-02,Baseline Configuration,mitigates,T1558,Steal or Forge Kerberos Tickets,16.1,enterprise,,,,[],,,01/13/2022,04/16/2025
1275,nist_800_53,rev5,Configuration Management,CM-02,Baseline Configuration,mitigates,T1562,Impair Defenses,16.1,enterprise,,,,[],,,01/13/2022,04/16/2025
1276,nist_800_53,rev5,Configuration Management,CM-02,Baseline Configuration,mitigates,T1562.004,Disable or Modify System Firewall,16.1,enterprise,,,,[],,,01/13/2022,04/16/2025
1277,nist_800_53,rev5,Configuration Management,CM-02,Baseline Configuration,mitigates,T1562.006,Indicator Blocking,16.1,enterprise,,,,[],,,01/13/2022,04/16/2025
1278,nist_800_53,rev5,Configuration Management,CM-02,Baseline Configuration,mitigates,T1563,Remote Service Session Hijacking,16.1,enterprise,,,,[],,,01/13/2022,04/16/2025
1279,nist_800_53,rev5,Configuration Management,CM-02,Baseline Configuration,mitigates,T1565,Data Manipulation,16.1,enterprise,,,,[],,,01/13/2022,04/16/2025
1280,nist_800_53,rev5,Configuration Management,CM-02,Baseline Configuration,mitigates,T1566,Phishing,16.1,enterprise,,,,[],,,01/13/2022,04/16/2025
1281,nist_800_53,rev5,Configuration Management,CM-02,Baseline Configuration,mitigates,T1566.001,Spearphishing Attachment,16.1,enterprise,,,,[],,,01/13/2022,04/16/2025
1282,nist_800_53,rev5,Configuration Management,CM-02,Baseline Configuration,mitigates,T1566.002,Spearphishing Link,16.1,enterprise,,,,[],,,01/13/2022,04/16/2025
1283,nist_800_53,rev5,Configuration Management,CM-02,Baseline Configuration,mitigates,T1572,Protocol Tunneling,16.1,enterprise,,,,[],,,01/13/2022,04/16/2025
1284,nist_800_53,rev5,Configuration Management,CM-02,Baseline Configuration,mitigates,T1573,Encrypted Channel,16.1,enterprise,,,,[],,,01/13/2022,04/16/2025
1285,nist_800_53,rev5,Configuration Management,CM-02,Baseline Configuration,mitigates,T1574.001,DLL Search Order Hijacking,16.1,enterprise,,,,[],,,01/13/2022,04/16/2025
1286,nist_800_53,rev5,Configuration Management,CM-02,Baseline Configuration,mitigates,T1598.003,Spearphishing Link,16.1,enterprise,,,,[],,,01/13/2022,04/16/2025
1287,nist_800_53,rev5,System and Services Acquisition,SA-11,Developer Testing and Evaluation,mitigates,T1078.001,Default Accounts,16.1,enterprise,,,,[],,,01/13/2022,04/16/2025
1288,nist_800_53,rev5,System and Services Acquisition,SA-11,Developer Testing and Evaluation,mitigates,T1078.003,Local Accounts,16.1,enterprise,,,,[],,,01/13/2022,04/16/2025
1289,nist_800_53,rev5,System and Services Acquisition,SA-11,Developer Testing and Evaluation,mitigates,T1078.004,Cloud Accounts,16.1,enterprise,,,,[],,,01/13/2022,04/16/2025
1290,nist_800_53,rev5,System and Services Acquisition,SA-11,Developer Testing and Evaluation,mitigates,T1195.001,Compromise Software Dependencies and Development Tools,16.1,enterprise,,,,[],,,01/13/2022,04/16/2025
1291,nist_800_53,rev5,System and Services Acquisition,SA-11,Developer Testing and Evaluation,mitigates,T1213.003,Code Repositories,16.1,enterprise,,,,[],,,01/13/2022,04/16/2025
1292,nist_800_53,rev5,System and Services Acquisition,SA-11,Developer Testing and Evaluation,mitigates,T1528,Steal Application Access Token,16.1,enterprise,,,,[],,,01/13/2022,04/16/2025
1293,nist_800_53,rev5,System and Services Acquisition,SA-11,Developer Testing and Evaluation,mitigates,T1542,Pre-OS Boot,16.1,enterprise,,,,[],,,01/13/2022,04/16/2025
1294,nist_800_53,rev5,System and Services Acquisition,SA-11,Developer Testing and Evaluation,mitigates,T1542.001,System Firmware,16.1,enterprise,,,,[],,,01/13/2022,04/16/2025
1295,nist_800_53,rev5,System and Services Acquisition,SA-11,Developer Testing and Evaluation,mitigates,T1552,Unsecured Credentials,16.1,enterprise,,,,[],,,01/13/2022,04/16/2025
1296,nist_800_53,rev5,System and Services Acquisition,SA-11,Developer Testing and Evaluation,mitigates,T1552.001,Credentials In Files,16.1,enterprise,,,,[],,,01/13/2022,04/16/2025
1297,nist_800_53,rev5,System and Services Acquisition,SA-11,Developer Testing and Evaluation,mitigates,T1552.004,Private Keys,16.1,enterprise,,,,[],,,01/13/2022,04/16/2025
1298,nist_800_53,rev5,System and Services Acquisition,SA-11,Developer Testing and Evaluation,mitigates,T1553,Subvert Trust Controls,16.1,enterprise,,,,[],,,01/13/2022,04/16/2025
1299,nist_800_53,rev5,System and Services Acquisition,SA-08,Security and Privacy Engineering Principles,mitigates,T1078,Valid Accounts,16.1,enterprise,,,,[],,,01/13/2022,04/16/2025
1300,nist_800_53,rev5,System and Services Acquisition,SA-08,Security and Privacy Engineering Principles,mitigates,T1078.001,Default Accounts,16.1,enterprise,,,,[],,,01/13/2022,04/16/2025
1301,nist_800_53,rev5,System and Services Acquisition,SA-08,Security and Privacy Engineering Principles,mitigates,T1078.003,Local Accounts,16.1,enterprise,,,,[],,,01/13/2022,04/16/2025
1302,nist_800_53,rev5,System and Services Acquisition,SA-08,Security and Privacy Engineering Principles,mitigates,T1078.004,Cloud Accounts,16.1,enterprise,,,,[],,,01/13/2022,04/16/2025
1303,nist_800_53,rev5,System and Services Acquisition,SA-08,Security and Privacy Engineering Principles,mitigates,T1190,Exploit Public-Facing Application,16.1,enterprise,,,,[],,,01/13/2022,04/16/2025
1304,nist_800_53,rev5,System and Services Acquisition,SA-08,Security and Privacy Engineering Principles,mitigates,T1213.003,Code Repositories,16.1,enterprise,,,,[],,,01/13/2022,04/16/2025
1305,nist_800_53,rev5,Identification and Authentication,IA-02,Identification and Authentication (Organizational Users),mitigates,T1003.001,LSASS Memory,16.1,enterprise,,,,[],,,01/13/2022,04/16/2025
1306,nist_800_53,rev5,Identification and Authentication,IA-02,Identification and Authentication (Organizational Users),mitigates,T1003.005,Cached Domain Credentials,16.1,enterprise,,,,[],,,01/13/2022,04/16/2025
1307,nist_800_53,rev5,Identification and Authentication,IA-02,Identification and Authentication (Organizational Users),mitigates,T1003.007,Proc Filesystem,16.1,enterprise,,,,[],,,01/13/2022,04/16/2025
1308,nist_800_53,rev5,Identification and Authentication,IA-02,Identification and Authentication (Organizational Users),mitigates,T1021,Remote Services,16.1,enterprise,,,,[],,,01/13/2022,04/16/2025
1309,nist_800_53,rev5,Identification and Authentication,IA-02,Identification and Authentication (Organizational Users),mitigates,T1036.010,Masquerade Account Name,16.1,enterprise,,,,[],,,01/13/2022,04/16/2025
1310,nist_800_53,rev5,Identification and Authentication,IA-02,Identification and Authentication (Organizational Users),mitigates,T1040,Network Sniffing,16.1,enterprise,,,,[],,,01/13/2022,04/16/2025
1311,nist_800_53,rev5,Identification and Authentication,IA-02,Identification and Authentication (Organizational Users),mitigates,T1047,Windows Management Instrumentation,16.1,enterprise,,,,[],,,01/13/2022,04/16/2025
1312,nist_800_53,rev5,Identification and Authentication,IA-02,Identification and Authentication (Organizational Users),mitigates,T1053,Scheduled Task/Job,16.1,enterprise,,,,[],,,01/13/2022,04/16/2025
1313,nist_800_53,rev5,Identification and Authentication,IA-02,Identification and Authentication (Organizational Users),mitigates,T1053.002,At,16.1,enterprise,,,,[],,,01/13/2022,04/16/2025
1314,nist_800_53,rev5,Identification and Authentication,IA-02,Identification and Authentication (Organizational Users),mitigates,T1053.005,Scheduled Task,16.1,enterprise,,,,[],,,01/13/2022,04/16/2025
1315,nist_800_53,rev5,Identification and Authentication,IA-02,Identification and Authentication (Organizational Users),mitigates,T1059,Command and Scripting Interpreter,16.1,enterprise,,,,[],,,01/13/2022,04/16/2025
1316,nist_800_53,rev5,Identification and Authentication,IA-02,Identification and Authentication (Organizational Users),mitigates,T1072,Software Deployment Tools,16.1,enterprise,,,,[],,,01/13/2022,04/16/2025
1317,nist_800_53,rev5,Identification and Authentication,IA-02,Identification and Authentication (Organizational Users),mitigates,T1078,Valid Accounts,16.1,enterprise,,,,[],,,01/13/2022,04/16/2025
1318,nist_800_53,rev5,Identification and Authentication,IA-02,Identification and Authentication (Organizational Users),mitigates,T1078.003,Local Accounts,16.1,enterprise,,,,[],,,01/13/2022,04/16/2025
1319,nist_800_53,rev5,Identification and Authentication,IA-02,Identification and Authentication (Organizational Users),mitigates,T1078.004,Cloud Accounts,16.1,enterprise,,,,[],,,01/13/2022,04/16/2025
1320,nist_800_53,rev5,Identification and Authentication,IA-02,Identification and Authentication (Organizational Users),mitigates,T1098,Account Manipulation,16.1,enterprise,,,,[],,,01/13/2022,04/16/2025
1321,nist_800_53,rev5,Identification and Authentication,IA-02,Identification and Authentication (Organizational Users),mitigates,T1098.001,Additional Cloud Credentials,16.1,enterprise,,,,[],,,01/13/2022,04/16/2025
1322,nist_800_53,rev5,Identification and Authentication,IA-02,Identification and Authentication (Organizational Users),mitigates,T1098.002,Additional Email Delegate Permissions,16.1,enterprise,,,,[],,,01/13/2022,04/16/2025
1323,nist_800_53,rev5,Identification and Authentication,IA-02,Identification and Authentication (Organizational Users),mitigates,T1098.003,Additional Cloud Roles,16.1,enterprise,,,,[],,,01/13/2022,04/16/2025
1324,nist_800_53,rev5,Identification and Authentication,IA-02,Identification and Authentication (Organizational Users),mitigates,T1098.007,Additional Local or Domain Groups,16.1,enterprise,,,,[],,,01/13/2022,04/16/2025
1325,nist_800_53,rev5,Identification and Authentication,IA-02,Identification and Authentication (Organizational Users),mitigates,T1110,Brute Force,16.1,enterprise,,,,[],,,01/13/2022,04/16/2025
1326,nist_800_53,rev5,Identification and Authentication,IA-02,Identification and Authentication (Organizational Users),mitigates,T1114,Email Collection,16.1,enterprise,,,,[],,,01/13/2022,04/16/2025
1327,nist_800_53,rev5,Identification and Authentication,IA-02,Identification and Authentication (Organizational Users),mitigates,T1114.002,Remote Email Collection,16.1,enterprise,,,,[],,,01/13/2022,04/16/2025
1328,nist_800_53,rev5,Identification and Authentication,IA-02,Identification and Authentication (Organizational Users),mitigates,T1134.001,Token Impersonation/Theft,16.1,enterprise,,,,[],,,01/13/2022,04/16/2025
1329,nist_800_53,rev5,Identification and Authentication,IA-02,Identification and Authentication (Organizational Users),mitigates,T1134.003,Make and Impersonate Token,16.1,enterprise,,,,[],,,01/13/2022,04/16/2025
1330,nist_800_53,rev5,Identification and Authentication,IA-02,Identification and Authentication (Organizational Users),mitigates,T1136,Create Account,16.1,enterprise,,,,[],,,01/13/2022,04/16/2025
1331,nist_800_53,rev5,Identification and Authentication,IA-02,Identification and Authentication (Organizational Users),mitigates,T1136.002,Domain Account,16.1,enterprise,,,,[],,,01/13/2022,04/16/2025
1332,nist_800_53,rev5,Identification and Authentication,IA-02,Identification and Authentication (Organizational Users),mitigates,T1136.003,Cloud Account,16.1,enterprise,,,,[],,,01/13/2022,04/16/2025
1333,nist_800_53,rev5,Identification and Authentication,IA-02,Identification and Authentication (Organizational Users),mitigates,T1190,Exploit Public-Facing Application,16.1,enterprise,,,,[],,,01/13/2022,04/16/2025
1334,nist_800_53,rev5,Identification and Authentication,IA-02,Identification and Authentication (Organizational Users),mitigates,T1213,Data from Information Repositories,16.1,enterprise,,,,[],,,01/13/2022,04/16/2025
1335,nist_800_53,rev5,Identification and Authentication,IA-02,Identification and Authentication (Organizational Users),mitigates,T1213.001,Confluence,16.1,enterprise,,,,[],,,01/13/2022,04/16/2025
1336,nist_800_53,rev5,Identification and Authentication,IA-02,Identification and Authentication (Organizational Users),mitigates,T1213.002,Sharepoint,16.1,enterprise,,,,[],,,01/13/2022,04/16/2025
1337,nist_800_53,rev5,Identification and Authentication,IA-02,Identification and Authentication (Organizational Users),mitigates,T1213.003,Code Repositories,16.1,enterprise,,,,[],,,01/13/2022,04/16/2025
1338,nist_800_53,rev5,Identification and Authentication,IA-02,Identification and Authentication (Organizational Users),mitigates,T1213.004,Customer Relationship Management Software,16.1,enterprise,,,,[],,,01/13/2022,04/16/2025
1339,nist_800_53,rev5,Identification and Authentication,IA-02,Identification and Authentication (Organizational Users),mitigates,T1213.005,Messaging Applications,16.1,enterprise,,,,[],,,01/13/2022,04/16/2025
1340,nist_800_53,rev5,Identification and Authentication,IA-02,Identification and Authentication (Organizational Users),mitigates,T1218,System Binary Proxy Execution,16.1,enterprise,,,,[],,,01/13/2022,04/16/2025
1341,nist_800_53,rev5,Identification and Authentication,IA-02,Identification and Authentication (Organizational Users),mitigates,T1484,Domain or Tenant Policy Modification,16.1,enterprise,,,,[],,,01/13/2022,04/16/2025
1342,nist_800_53,rev5,Identification and Authentication,IA-02,Identification and Authentication (Organizational Users),mitigates,T1489,Service Stop,16.1,enterprise,,,,[],,,01/13/2022,04/16/2025
1343,nist_800_53,rev5,Identification and Authentication,IA-02,Identification and Authentication (Organizational Users),mitigates,T1528,Steal Application Access Token,16.1,enterprise,,,,[],,,01/13/2022,04/16/2025
1344,nist_800_53,rev5,Identification and Authentication,IA-02,Identification and Authentication (Organizational Users),mitigates,T1530,Data from Cloud Storage,16.1,enterprise,,,,[],,,01/13/2022,04/16/2025
1345,nist_800_53,rev5,Identification and Authentication,IA-02,Identification and Authentication (Organizational Users),mitigates,T1537,Transfer Data to Cloud Account,16.1,enterprise,,,,[],,,01/13/2022,04/16/2025
1346,nist_800_53,rev5,Identification and Authentication,IA-02,Identification and Authentication (Organizational Users),mitigates,T1539,Steal Web Session Cookie,16.1,enterprise,,,,[],,,01/13/2022,04/16/2025
1347,nist_800_53,rev5,Identification and Authentication,IA-02,Identification and Authentication (Organizational Users),mitigates,T1542,Pre-OS Boot,16.1,enterprise,,,,[],,,01/13/2022,04/16/2025
1348,nist_800_53,rev5,Identification and Authentication,IA-02,Identification and Authentication (Organizational Users),mitigates,T1542.001,System Firmware,16.1,enterprise,,,,[],,,01/13/2022,04/16/2025
1349,nist_800_53,rev5,Identification and Authentication,IA-02,Identification and Authentication (Organizational Users),mitigates,T1543,Create or Modify System Process,16.1,enterprise,,,,[],,,01/13/2022,04/16/2025
1350,nist_800_53,rev5,Identification and Authentication,IA-02,Identification and Authentication (Organizational Users),mitigates,T1543.002,Systemd Service,16.1,enterprise,,,,[],,,01/13/2022,04/16/2025
1351,nist_800_53,rev5,Identification and Authentication,IA-02,Identification and Authentication (Organizational Users),mitigates,T1543.003,Windows Service,16.1,enterprise,,,,[],,,01/13/2022,04/16/2025
1352,nist_800_53,rev5,Identification and Authentication,IA-02,Identification and Authentication (Organizational Users),mitigates,T1543.005,Container Service,16.1,enterprise,,,,[],,,01/13/2022,04/16/2025
1353,nist_800_53,rev5,Identification and Authentication,IA-02,Identification and Authentication (Organizational Users),mitigates,T1546.003,Windows Management Instrumentation Event Subscription,16.1,enterprise,,,,[],,,01/13/2022,04/16/2025
1354,nist_800_53,rev5,Identification and Authentication,IA-02,Identification and Authentication (Organizational Users),mitigates,T1547.004,Winlogon Helper DLL,16.1,enterprise,,,,[],,,01/13/2022,04/16/2025
1355,nist_800_53,rev5,Identification and Authentication,IA-02,Identification and Authentication (Organizational Users),mitigates,T1547.009,Shortcut Modification,16.1,enterprise,,,,[],,,01/13/2022,04/16/2025
1356,nist_800_53,rev5,Identification and Authentication,IA-02,Identification and Authentication (Organizational Users),mitigates,T1548,Abuse Elevation Control Mechanism,16.1,enterprise,,,,[],,,01/13/2022,04/16/2025
1357,nist_800_53,rev5,Identification and Authentication,IA-02,Identification and Authentication (Organizational Users),mitigates,T1550,Use Alternate Authentication Material,16.1,enterprise,,,,[],,,01/13/2022,04/16/2025
1358,nist_800_53,rev5,Identification and Authentication,IA-02,Identification and Authentication (Organizational Users),mitigates,T1550.001,Application Access Token,16.1,enterprise,,,,[],,,01/13/2022,04/16/2025
1359,nist_800_53,rev5,Identification and Authentication,IA-02,Identification and Authentication (Organizational Users),mitigates,T1552,Unsecured Credentials,16.1,enterprise,,,,[],,,01/13/2022,04/16/2025
1360,nist_800_53,rev5,Identification and Authentication,IA-02,Identification and Authentication (Organizational Users),mitigates,T1552.001,Credentials In Files,16.1,enterprise,,,,[],,,01/13/2022,04/16/2025
1361,nist_800_53,rev5,Identification and Authentication,IA-02,Identification and Authentication (Organizational Users),mitigates,T1552.004,Private Keys,16.1,enterprise,,,,[],,,01/13/2022,04/16/2025
1362,nist_800_53,rev5,Identification and Authentication,IA-02,Identification and Authentication (Organizational Users),mitigates,T1555.005,Password Managers,16.1,enterprise,,,,[],,,01/13/2022,04/16/2025
1363,nist_800_53,rev5,Identification and Authentication,IA-02,Identification and Authentication (Organizational Users),mitigates,T1556,Modify Authentication Process,16.1,enterprise,,,,[],,,01/13/2022,04/16/2025
1364,nist_800_53,rev5,Identification and Authentication,IA-02,Identification and Authentication (Organizational Users),mitigates,T1556.001,Domain Controller Authentication,16.1,enterprise,,,,[],,,01/13/2022,04/16/2025
1365,nist_800_53,rev5,Identification and Authentication,IA-02,Identification and Authentication (Organizational Users),mitigates,T1556.006,Multi-Factor Authentication,16.1,enterprise,,,,[],,,01/13/2022,04/16/2025
1366,nist_800_53,rev5,Identification and Authentication,IA-02,Identification and Authentication (Organizational Users),mitigates,T1556.007,Hybrid Identity,16.1,enterprise,,,,[],,,01/13/2022,04/16/2025
1367,nist_800_53,rev5,Identification and Authentication,IA-02,Identification and Authentication (Organizational Users),mitigates,T1556.009,Conditional Access Policies,16.1,enterprise,,,,[],,,01/13/2022,04/16/2025
1368,nist_800_53,rev5,Identification and Authentication,IA-02,Identification and Authentication (Organizational Users),mitigates,T1558,Steal or Forge Kerberos Tickets,16.1,enterprise,,,,[],,,01/13/2022,04/16/2025
1369,nist_800_53,rev5,Identification and Authentication,IA-02,Identification and Authentication (Organizational Users),mitigates,T1558.005,Ccache Files,16.1,enterprise,,,,[],,,01/13/2022,04/16/2025
1370,nist_800_53,rev5,Identification and Authentication,IA-02,Identification and Authentication (Organizational Users),mitigates,T1562,Impair Defenses,16.1,enterprise,,,,[],,,01/13/2022,04/16/2025
1371,nist_800_53,rev5,Identification and Authentication,IA-02,Identification and Authentication (Organizational Users),mitigates,T1562.004,Disable or Modify System Firewall,16.1,enterprise,,,,[],,,01/13/2022,04/16/2025
1372,nist_800_53,rev5,Identification and Authentication,IA-02,Identification and Authentication (Organizational Users),mitigates,T1562.006,Indicator Blocking,16.1,enterprise,,,,[],,,01/13/2022,04/16/2025
1373,nist_800_53,rev5,Identification and Authentication,IA-02,Identification and Authentication (Organizational Users),mitigates,T1562.007,Disable or Modify Cloud Firewall,16.1,enterprise,,,,[],,,01/13/2022,04/16/2025
1374,nist_800_53,rev5,Identification and Authentication,IA-02,Identification and Authentication (Organizational Users),mitigates,T1563,Remote Service Session Hijacking,16.1,enterprise,,,,[],,,01/13/2022,04/16/2025
1375,nist_800_53,rev5,Identification and Authentication,IA-02,Identification and Authentication (Organizational Users),mitigates,T1610,Deploy Container,16.1,enterprise,,,,[],,,01/13/2022,04/16/2025
1376,nist_800_53,rev5,Identification and Authentication,IA-02,Identification and Authentication (Organizational Users),mitigates,T1611,Escape to Host,16.1,enterprise,,,,[],,,01/13/2022,04/16/2025
1377,nist_800_53,rev5,Identification and Authentication,IA-02,Identification and Authentication (Organizational Users),mitigates,T1621,Multi-Factor Authentication Request Generation,16.1,enterprise,,,,[],,,01/13/2022,04/16/2025
1378,nist_800_53,rev5,Identification and Authentication,IA-02,Identification and Authentication (Organizational Users),mitigates,T1648,Serverless Execution,16.1,enterprise,,,,[],,,01/13/2022,04/16/2025
1379,nist_800_53,rev5,Identification and Authentication,IA-02,Identification and Authentication (Organizational Users),mitigates,T1649,Steal or Forge Authentication Certificates,16.1,enterprise,,,,[],,,01/13/2022,04/16/2025
1380,nist_800_53,rev5,Identification and Authentication,IA-02,Identification and Authentication (Organizational Users),mitigates,T1651,Cloud Administration Command,16.1,enterprise,,,,[],,,01/13/2022,04/16/2025
1381,nist_800_53,rev5,Configuration Management,CM-07,Least Functionality,mitigates,T1003.001,LSASS Memory,16.1,enterprise,,,,[],,,01/13/2022,04/16/2025
1382,nist_800_53,rev5,Configuration Management,CM-07,Least Functionality,mitigates,T1003.005,Cached Domain Credentials,16.1,enterprise,,,,[],,,01/13/2022,04/16/2025
1383,nist_800_53,rev5,Configuration Management,CM-07,Least Functionality,mitigates,T1020.001,Traffic Duplication,16.1,enterprise,,,,[],,,01/13/2022,04/16/2025
1384,nist_800_53,rev5,Configuration Management,CM-07,Least Functionality,mitigates,T1021,Remote Services,16.1,enterprise,,,,[],,,01/13/2022,04/16/2025
1385,nist_800_53,rev5,Configuration Management,CM-07,Least Functionality,mitigates,T1027,Obfuscated Files or Information,16.1,enterprise,,,,[],,,01/13/2022,04/16/2025
1386,nist_800_53,rev5,Configuration Management,CM-07,Least Functionality,mitigates,T1036,Masquerading,16.1,enterprise,,,,[],,,01/13/2022,04/16/2025
1387,nist_800_53,rev5,Configuration Management,CM-07,Least Functionality,mitigates,T1037,Boot or Logon Initialization Scripts,16.1,enterprise,,,,[],,,01/13/2022,04/16/2025
1388,nist_800_53,rev5,Configuration Management,CM-07,Least Functionality,mitigates,T1040,Network Sniffing,16.1,enterprise,,,,[],,,01/13/2022,04/16/2025
1389,nist_800_53,rev5,Configuration Management,CM-07,Least Functionality,mitigates,T1047,Windows Management Instrumentation,16.1,enterprise,,,,[],,,01/13/2022,04/16/2025
1390,nist_800_53,rev5,Configuration Management,CM-07,Least Functionality,mitigates,T1053,Scheduled Task/Job,16.1,enterprise,,,,[],,,01/13/2022,04/16/2025
1391,nist_800_53,rev5,Configuration Management,CM-07,Least Functionality,mitigates,T1053.002,At,16.1,enterprise,,,,[],,,01/13/2022,04/16/2025
1392,nist_800_53,rev5,Configuration Management,CM-07,Least Functionality,mitigates,T1053.005,Scheduled Task,16.1,enterprise,,,,[],,,01/13/2022,04/16/2025
1393,nist_800_53,rev5,Configuration Management,CM-07,Least Functionality,mitigates,T1059,Command and Scripting Interpreter,16.1,enterprise,,,,[],,,01/13/2022,04/16/2025
1394,nist_800_53,rev5,Configuration Management,CM-07,Least Functionality,mitigates,T1059.010,AutoHotKey & AutoIT,16.1,enterprise,,,,[],,,01/13/2022,04/16/2025
1395,nist_800_53,rev5,Configuration Management,CM-07,Least Functionality,mitigates,T1071,Application Layer Protocol,16.1,enterprise,,,,[],,,01/13/2022,04/16/2025
1396,nist_800_53,rev5,Configuration Management,CM-07,Least Functionality,mitigates,T1071.002,File Transfer Protocols,16.1,enterprise,,,,[],,,01/13/2022,04/16/2025
1397,nist_800_53,rev5,Configuration Management,CM-07,Least Functionality,mitigates,T1071.003,Mail Protocols,16.1,enterprise,,,,[],,,01/13/2022,04/16/2025
1398,nist_800_53,rev5,Configuration Management,CM-07,Least Functionality,mitigates,T1072,Software Deployment Tools,16.1,enterprise,,,,[],,,01/13/2022,04/16/2025
1399,nist_800_53,rev5,Configuration Management,CM-07,Least Functionality,mitigates,T1078,Valid Accounts,16.1,enterprise,,,,[],,,01/13/2022,04/16/2025
1400,nist_800_53,rev5,Configuration Management,CM-07,Least Functionality,mitigates,T1078.004,Cloud Accounts,16.1,enterprise,,,,[],,,01/13/2022,04/16/2025
1401,nist_800_53,rev5,Configuration Management,CM-07,Least Functionality,mitigates,T1087,Account Discovery,16.1,enterprise,,,,[],,,01/13/2022,04/16/2025
1402,nist_800_53,rev5,Configuration Management,CM-07,Least Functionality,mitigates,T1087.001,Local Account,16.1,enterprise,,,,[],,,01/13/2022,04/16/2025
1403,nist_800_53,rev5,Configuration Management,CM-07,Least Functionality,mitigates,T1087.002,Domain Account,16.1,enterprise,,,,[],,,01/13/2022,04/16/2025
1404,nist_800_53,rev5,Configuration Management,CM-07,Least Functionality,mitigates,T1090.003,Multi-hop Proxy,16.1,enterprise,,,,[],,,01/13/2022,04/16/2025
1405,nist_800_53,rev5,Configuration Management,CM-07,Least Functionality,mitigates,T1092,Communication Through Removable Media,16.1,enterprise,,,,[],,,01/13/2022,04/16/2025
1406,nist_800_53,rev5,Configuration Management,CM-07,Least Functionality,mitigates,T1098,Account Manipulation,16.1,enterprise,,,,[],,,01/13/2022,04/16/2025
1407,nist_800_53,rev5,Configuration Management,CM-07,Least Functionality,mitigates,T1098.001,Additional Cloud Credentials,16.1,enterprise,,,,[],,,01/13/2022,04/16/2025
1408,nist_800_53,rev5,Configuration Management,CM-07,Least Functionality,mitigates,T1098.007,Additional Local or Domain Groups,16.1,enterprise,,,,[],,,01/13/2022,04/16/2025
1409,nist_800_53,rev5,Configuration Management,CM-07,Least Functionality,mitigates,T1102,Web Service,16.1,enterprise,,,,[],,,01/13/2022,04/16/2025
1410,nist_800_53,rev5,Configuration Management,CM-07,Least Functionality,mitigates,T1105,Ingress Tool Transfer,16.1,enterprise,,,,[],,,01/13/2022,04/16/2025
1411,nist_800_53,rev5,Configuration Management,CM-07,Least Functionality,mitigates,T1127.002,ClickOnce,16.1,enterprise,,,,[],,,01/13/2022,04/16/2025
1412,nist_800_53,rev5,Configuration Management,CM-07,Least Functionality,mitigates,T1136,Create Account,16.1,enterprise,,,,[],,,01/13/2022,04/16/2025
1413,nist_800_53,rev5,Configuration Management,CM-07,Least Functionality,mitigates,T1136.002,Domain Account,16.1,enterprise,,,,[],,,01/13/2022,04/16/2025
1414,nist_800_53,rev5,Configuration Management,CM-07,Least Functionality,mitigates,T1136.003,Cloud Account,16.1,enterprise,,,,[],,,01/13/2022,04/16/2025
1415,nist_800_53,rev5,Configuration Management,CM-07,Least Functionality,mitigates,T1176,Browser Extensions,16.1,enterprise,,,,[],,,01/13/2022,04/16/2025
1416,nist_800_53,rev5,Configuration Management,CM-07,Least Functionality,mitigates,T1190,Exploit Public-Facing Application,16.1,enterprise,,,,[],,,01/13/2022,04/16/2025
1417,nist_800_53,rev5,Configuration Management,CM-07,Least Functionality,mitigates,T1195,Supply Chain Compromise,16.1,enterprise,,,,[],,,01/13/2022,04/16/2025
1418,nist_800_53,rev5,Configuration Management,CM-07,Least Functionality,mitigates,T1195.001,Compromise Software Dependencies and Development Tools,16.1,enterprise,,,,[],,,01/13/2022,04/16/2025
1419,nist_800_53,rev5,Configuration Management,CM-07,Least Functionality,mitigates,T1204,User Execution,16.1,enterprise,,,,[],,,01/13/2022,04/16/2025
1420,nist_800_53,rev5,Configuration Management,CM-07,Least Functionality,mitigates,T1204.002,Malicious File,16.1,enterprise,,,,[],,,01/13/2022,04/16/2025
1421,nist_800_53,rev5,Configuration Management,CM-07,Least Functionality,mitigates,T1213,Data from Information Repositories,16.1,enterprise,,,,[],,,01/13/2022,04/16/2025
1422,nist_800_53,rev5,Configuration Management,CM-07,Least Functionality,mitigates,T1213.001,Confluence,16.1,enterprise,,,,[],,,01/13/2022,04/16/2025
1423,nist_800_53,rev5,Configuration Management,CM-07,Least Functionality,mitigates,T1213.002,Sharepoint,16.1,enterprise,,,,[],,,01/13/2022,04/16/2025
1424,nist_800_53,rev5,Configuration Management,CM-07,Least Functionality,mitigates,T1213.004,Customer Relationship Management Software,16.1,enterprise,,,,[],,,01/13/2022,04/16/2025
1425,nist_800_53,rev5,Configuration Management,CM-07,Least Functionality,mitigates,T1213.005,Messaging Applications,16.1,enterprise,,,,[],,,01/13/2022,04/16/2025
1426,nist_800_53,rev5,Configuration Management,CM-07,Least Functionality,mitigates,T1216.002,SyncAppvPublishingServer,16.1,enterprise,,,,[],,,01/13/2022,04/16/2025
1427,nist_800_53,rev5,Configuration Management,CM-07,Least Functionality,mitigates,T1218,System Binary Proxy Execution,16.1,enterprise,,,,[],,,01/13/2022,04/16/2025
1428,nist_800_53,rev5,Configuration Management,CM-07,Least Functionality,mitigates,T1218.015,Electron Applications,16.1,enterprise,,,,[],,,01/13/2022,04/16/2025
1429,nist_800_53,rev5,Configuration Management,CM-07,Least Functionality,mitigates,T1219,Remote Access Software,16.1,enterprise,,,,[],,,01/13/2022,04/16/2025
1430,nist_800_53,rev5,Configuration Management,CM-07,Least Functionality,mitigates,T1484,Domain or Tenant Policy Modification,16.1,enterprise,,,,[],,,01/13/2022,04/16/2025
1431,nist_800_53,rev5,Configuration Management,CM-07,Least Functionality,mitigates,T1489,Service Stop,16.1,enterprise,,,,[],,,01/13/2022,04/16/2025
1432,nist_800_53,rev5,Configuration Management,CM-07,Least Functionality,mitigates,T1490,Inhibit System Recovery,16.1,enterprise,,,,[],,,01/13/2022,04/16/2025
1433,nist_800_53,rev5,Configuration Management,CM-07,Least Functionality,mitigates,T1530,Data from Cloud Storage,16.1,enterprise,,,,[],,,01/13/2022,04/16/2025
1434,nist_800_53,rev5,Configuration Management,CM-07,Least Functionality,mitigates,T1537,Transfer Data to Cloud Account,16.1,enterprise,,,,[],,,01/13/2022,04/16/2025
1435,nist_800_53,rev5,Configuration Management,CM-07,Least Functionality,mitigates,T1543,Create or Modify System Process,16.1,enterprise,,,,[],,,01/13/2022,04/16/2025
1436,nist_800_53,rev5,Configuration Management,CM-07,Least Functionality,mitigates,T1547.004,Winlogon Helper DLL,16.1,enterprise,,,,[],,,01/13/2022,04/16/2025
1437,nist_800_53,rev5,Configuration Management,CM-07,Least Functionality,mitigates,T1547.009,Shortcut Modification,16.1,enterprise,,,,[],,,01/13/2022,04/16/2025
1438,nist_800_53,rev5,Configuration Management,CM-07,Least Functionality,mitigates,T1548,Abuse Elevation Control Mechanism,16.1,enterprise,,,,[],,,01/13/2022,04/16/2025
1439,nist_800_53,rev5,Configuration Management,CM-07,Least Functionality,mitigates,T1548.006,TCC Manipulation,16.1,enterprise,,,,[],,,01/13/2022,04/16/2025
1440,nist_800_53,rev5,Configuration Management,CM-07,Least Functionality,mitigates,T1552,Unsecured Credentials,16.1,enterprise,,,,[],,,01/13/2022,04/16/2025
1441,nist_800_53,rev5,Configuration Management,CM-07,Least Functionality,mitigates,T1553,Subvert Trust Controls,16.1,enterprise,,,,[],,,01/13/2022,04/16/2025
1442,nist_800_53,rev5,Configuration Management,CM-07,Least Functionality,mitigates,T1556,Modify Authentication Process,16.1,enterprise,,,,[],,,01/13/2022,04/16/2025
1443,nist_800_53,rev5,Configuration Management,CM-07,Least Functionality,mitigates,T1556.009,Conditional Access Policies,16.1,enterprise,,,,[],,,01/13/2022,04/16/2025
1444,nist_800_53,rev5,Configuration Management,CM-07,Least Functionality,mitigates,T1557,Adversary-in-the-Middle,16.1,enterprise,,,,[],,,01/13/2022,04/16/2025
1445,nist_800_53,rev5,Configuration Management,CM-07,Least Functionality,mitigates,T1562,Impair Defenses,16.1,enterprise,,,,[],,,01/13/2022,04/16/2025
1446,nist_800_53,rev5,Configuration Management,CM-07,Least Functionality,mitigates,T1562.004,Disable or Modify System Firewall,16.1,enterprise,,,,[],,,01/13/2022,04/16/2025
1447,nist_800_53,rev5,Configuration Management,CM-07,Least Functionality,mitigates,T1562.006,Indicator Blocking,16.1,enterprise,,,,[],,,01/13/2022,04/16/2025
1448,nist_800_53,rev5,Configuration Management,CM-07,Least Functionality,mitigates,T1563,Remote Service Session Hijacking,16.1,enterprise,,,,[],,,01/13/2022,04/16/2025
1449,nist_800_53,rev5,Configuration Management,CM-07,Least Functionality,mitigates,T1564.003,Hidden Window,16.1,enterprise,,,,[],,,01/13/2022,04/16/2025
1450,nist_800_53,rev5,Configuration Management,CM-07,Least Functionality,mitigates,T1565,Data Manipulation,16.1,enterprise,,,,[],,,01/13/2022,04/16/2025
1451,nist_800_53,rev5,Configuration Management,CM-07,Least Functionality,mitigates,T1572,Protocol Tunneling,16.1,enterprise,,,,[],,,01/13/2022,04/16/2025
1452,nist_800_53,rev5,Configuration Management,CM-07,Least Functionality,mitigates,T1573,Encrypted Channel,16.1,enterprise,,,,[],,,01/13/2022,04/16/2025
1453,nist_800_53,rev5,Configuration Management,CM-07,Least Functionality,mitigates,T1574.001,DLL Search Order Hijacking,16.1,enterprise,,,,[],,,01/13/2022,04/16/2025
1454,nist_800_53,rev5,Configuration Management,CM-07,Least Functionality,mitigates,T1574.014,AppDomainManager,16.1,enterprise,,,,[],,,01/13/2022,04/16/2025
1455,nist_800_53,rev5,Configuration Management,CM-07,Least Functionality,mitigates,T1590.002,DNS,16.1,enterprise,,,,[],,,01/13/2022,04/16/2025
1456,nist_800_53,rev5,Configuration Management,CM-07,Least Functionality,mitigates,T1610,Deploy Container,16.1,enterprise,,,,[],,,01/13/2022,04/16/2025
1457,nist_800_53,rev5,Configuration Management,CM-07,Least Functionality,mitigates,T1611,Escape to Host,16.1,enterprise,,,,[],,,01/13/2022,04/16/2025
1458,nist_800_53,rev5,Configuration Management,CM-07,Least Functionality,mitigates,T1648,Serverless Execution,16.1,enterprise,,,,[],,,01/13/2022,04/16/2025
1459,nist_800_53,rev5,System and Information Integrity,SI-04,System Monitoring,mitigates,T1001.001,Junk Data,16.1,enterprise,,,,[],,,01/13/2022,04/16/2025
1460,nist_800_53,rev5,System and Information Integrity,SI-04,System Monitoring,mitigates,T1001.003,Protocol or Service Impersonation,16.1,enterprise,,,,[],,,01/13/2022,04/16/2025
1461,nist_800_53,rev5,System and Information Integrity,SI-04,System Monitoring,mitigates,T1003,OS Credential Dumping,16.1,enterprise,,,,[],,,01/13/2022,04/16/2025
1462,nist_800_53,rev5,System and Information Integrity,SI-04,System Monitoring,mitigates,T1003.001,LSASS Memory,16.1,enterprise,,,,[],,,01/13/2022,04/16/2025
1463,nist_800_53,rev5,System and Information Integrity,SI-04,System Monitoring,mitigates,T1003.005,Cached Domain Credentials,16.1,enterprise,,,,[],,,01/13/2022,04/16/2025
1464,nist_800_53,rev5,System and Information Integrity,SI-04,System Monitoring,mitigates,T1003.007,Proc Filesystem,16.1,enterprise,,,,[],,,01/13/2022,04/16/2025
1465,nist_800_53,rev5,System and Information Integrity,SI-04,System Monitoring,mitigates,T1020.001,Traffic Duplication,16.1,enterprise,,,,[],,,01/13/2022,04/16/2025
1466,nist_800_53,rev5,System and Information Integrity,SI-04,System Monitoring,mitigates,T1021,Remote Services,16.1,enterprise,,,,[],,,01/13/2022,04/16/2025
1467,nist_800_53,rev5,System and Information Integrity,SI-04,System Monitoring,mitigates,T1027,Obfuscated Files or Information,16.1,enterprise,,,,[],,,01/13/2022,04/16/2025
1468,nist_800_53,rev5,System and Information Integrity,SI-04,System Monitoring,mitigates,T1027.011,Fileless Storage,16.1,enterprise,,,,[],,,01/13/2022,04/16/2025
1469,nist_800_53,rev5,System and Information Integrity,SI-04,System Monitoring,mitigates,T1036,Masquerading,16.1,enterprise,,,,[],,,01/13/2022,04/16/2025
1470,nist_800_53,rev5,System and Information Integrity,SI-04,System Monitoring,mitigates,T1036.010,Masquerade Account Name,16.1,enterprise,,,,[],,,01/13/2022,04/16/2025
1471,nist_800_53,rev5,System and Information Integrity,SI-04,System Monitoring,mitigates,T1037,Boot or Logon Initialization Scripts,16.1,enterprise,,,,[],,,01/13/2022,04/16/2025
1472,nist_800_53,rev5,System and Information Integrity,SI-04,System Monitoring,mitigates,T1040,Network Sniffing,16.1,enterprise,,,,[],,,01/13/2022,04/16/2025
1473,nist_800_53,rev5,System and Information Integrity,SI-04,System Monitoring,mitigates,T1047,Windows Management Instrumentation,16.1,enterprise,,,,[],,,01/13/2022,04/16/2025
1474,nist_800_53,rev5,System and Information Integrity,SI-04,System Monitoring,mitigates,T1053,Scheduled Task/Job,16.1,enterprise,,,,[],,,01/13/2022,04/16/2025
1475,nist_800_53,rev5,System and Information Integrity,SI-04,System Monitoring,mitigates,T1053.002,At,16.1,enterprise,,,,[],,,01/13/2022,04/16/2025
1476,nist_800_53,rev5,System and Information Integrity,SI-04,System Monitoring,mitigates,T1053.005,Scheduled Task,16.1,enterprise,,,,[],,,01/13/2022,04/16/2025
1477,nist_800_53,rev5,System and Information Integrity,SI-04,System Monitoring,mitigates,T1056.002,GUI Input Capture,16.1,enterprise,,,,[],,,01/13/2022,04/16/2025
1478,nist_800_53,rev5,System and Information Integrity,SI-04,System Monitoring,mitigates,T1059,Command and Scripting Interpreter,16.1,enterprise,,,,[],,,01/13/2022,04/16/2025
1479,nist_800_53,rev5,System and Information Integrity,SI-04,System Monitoring,mitigates,T1059.006,Python,16.1,enterprise,,,,[],,,01/13/2022,04/16/2025
1480,nist_800_53,rev5,System and Information Integrity,SI-04,System Monitoring,mitigates,T1059.010,AutoHotKey & AutoIT,16.1,enterprise,,,,[],,,01/13/2022,04/16/2025
1481,nist_800_53,rev5,System and Information Integrity,SI-04,System Monitoring,mitigates,T1059.011,Lua,16.1,enterprise,,,,[],,,01/13/2022,04/16/2025
1482,nist_800_53,rev5,System and Information Integrity,SI-04,System Monitoring,mitigates,T1070.001,Clear Windows Event Logs,16.1,enterprise,,,,[],,,01/13/2022,04/16/2025
1483,nist_800_53,rev5,System and Information Integrity,SI-04,System Monitoring,mitigates,T1070.003,Clear Command History,16.1,enterprise,,,,[],,,01/13/2022,04/16/2025
1484,nist_800_53,rev5,System and Information Integrity,SI-04,System Monitoring,mitigates,T1070.010,Relocate Malware,16.1,enterprise,,,,[],,,01/13/2022,04/16/2025
1485,nist_800_53,rev5,System and Information Integrity,SI-04,System Monitoring,mitigates,T1071,Application Layer Protocol,16.1,enterprise,,,,[],,,01/13/2022,04/16/2025
1486,nist_800_53,rev5,System and Information Integrity,SI-04,System Monitoring,mitigates,T1071.002,File Transfer Protocols,16.1,enterprise,,,,[],,,01/13/2022,04/16/2025
1487,nist_800_53,rev5,System and Information Integrity,SI-04,System Monitoring,mitigates,T1071.003,Mail Protocols,16.1,enterprise,,,,[],,,01/13/2022,04/16/2025
1488,nist_800_53,rev5,System and Information Integrity,SI-04,System Monitoring,mitigates,T1071.005,Publish/Subscribe Protocols,16.1,enterprise,,,,[],,,01/13/2022,04/16/2025
1489,nist_800_53,rev5,System and Information Integrity,SI-04,System Monitoring,mitigates,T1072,Software Deployment Tools,16.1,enterprise,,,,[],,,01/13/2022,04/16/2025
1490,nist_800_53,rev5,System and Information Integrity,SI-04,System Monitoring,mitigates,T1078,Valid Accounts,16.1,enterprise,,,,[],,,01/13/2022,04/16/2025
1491,nist_800_53,rev5,System and Information Integrity,SI-04,System Monitoring,mitigates,T1078.001,Default Accounts,16.1,enterprise,,,,[],,,01/13/2022,04/16/2025
1492,nist_800_53,rev5,System and Information Integrity,SI-04,System Monitoring,mitigates,T1078.003,Local Accounts,16.1,enterprise,,,,[],,,01/13/2022,04/16/2025
1493,nist_800_53,rev5,System and Information Integrity,SI-04,System Monitoring,mitigates,T1078.004,Cloud Accounts,16.1,enterprise,,,,[],,,01/13/2022,04/16/2025
1494,nist_800_53,rev5,System and Information Integrity,SI-04,System Monitoring,mitigates,T1087,Account Discovery,16.1,enterprise,,,,[],,,01/13/2022,04/16/2025
1495,nist_800_53,rev5,System and Information Integrity,SI-04,System Monitoring,mitigates,T1087.001,Local Account,16.1,enterprise,,,,[],,,01/13/2022,04/16/2025
1496,nist_800_53,rev5,System and Information Integrity,SI-04,System Monitoring,mitigates,T1087.002,Domain Account,16.1,enterprise,,,,[],,,01/13/2022,04/16/2025
1497,nist_800_53,rev5,System and Information Integrity,SI-04,System Monitoring,mitigates,T1092,Communication Through Removable Media,16.1,enterprise,,,,[],,,01/13/2022,04/16/2025
1498,nist_800_53,rev5,System and Information Integrity,SI-04,System Monitoring,mitigates,T1098,Account Manipulation,16.1,enterprise,,,,[],,,01/13/2022,04/16/2025
1499,nist_800_53,rev5,System and Information Integrity,SI-04,System Monitoring,mitigates,T1098.001,Additional Cloud Credentials,16.1,enterprise,,,,[],,,01/13/2022,04/16/2025
1500,nist_800_53,rev5,System and Information Integrity,SI-04,System Monitoring,mitigates,T1098.002,Additional Email Delegate Permissions,16.1,enterprise,,,,[],,,01/13/2022,04/16/2025
1501,nist_800_53,rev5,System and Information Integrity,SI-04,System Monitoring,mitigates,T1098.003,Additional Cloud Roles,16.1,enterprise,,,,[],,,01/13/2022,04/16/2025
1502,nist_800_53,rev5,System and Information Integrity,SI-04,System Monitoring,mitigates,T1098.007,Additional Local or Domain Groups,16.1,enterprise,,,,[],,,01/13/2022,04/16/2025
1503,nist_800_53,rev5,System and Information Integrity,SI-04,System Monitoring,mitigates,T1102,Web Service,16.1,enterprise,,,,[],,,01/13/2022,04/16/2025
1504,nist_800_53,rev5,System and Information Integrity,SI-04,System Monitoring,mitigates,T1105,Ingress Tool Transfer,16.1,enterprise,,,,[],,,01/13/2022,04/16/2025
1505,nist_800_53,rev5,System and Information Integrity,SI-04,System Monitoring,mitigates,T1110,Brute Force,16.1,enterprise,,,,[],,,01/13/2022,04/16/2025
1506,nist_800_53,rev5,System and Information Integrity,SI-04,System Monitoring,mitigates,T1114,Email Collection,16.1,enterprise,,,,[],,,01/13/2022,04/16/2025
1507,nist_800_53,rev5,System and Information Integrity,SI-04,System Monitoring,mitigates,T1114.002,Remote Email Collection,16.1,enterprise,,,,[],,,01/13/2022,04/16/2025
1508,nist_800_53,rev5,System and Information Integrity,SI-04,System Monitoring,mitigates,T1114.003,Email Forwarding Rule,16.1,enterprise,,,,[],,,01/13/2022,04/16/2025
1509,nist_800_53,rev5,System and Information Integrity,SI-04,System Monitoring,mitigates,T1119,Automated Collection,16.1,enterprise,,,,[],,,01/13/2022,04/16/2025
1510,nist_800_53,rev5,System and Information Integrity,SI-04,System Monitoring,mitigates,T1127.002,ClickOnce,16.1,enterprise,,,,[],,,01/13/2022,04/16/2025
1511,nist_800_53,rev5,System and Information Integrity,SI-04,System Monitoring,mitigates,T1136,Create Account,16.1,enterprise,,,,[],,,01/13/2022,04/16/2025
1512,nist_800_53,rev5,System and Information Integrity,SI-04,System Monitoring,mitigates,T1136.002,Domain Account,16.1,enterprise,,,,[],,,01/13/2022,04/16/2025
1513,nist_800_53,rev5,System and Information Integrity,SI-04,System Monitoring,mitigates,T1136.003,Cloud Account,16.1,enterprise,,,,[],,,01/13/2022,04/16/2025
1514,nist_800_53,rev5,System and Information Integrity,SI-04,System Monitoring,mitigates,T1176,Browser Extensions,16.1,enterprise,,,,[],,,01/13/2022,04/16/2025
1515,nist_800_53,rev5,System and Information Integrity,SI-04,System Monitoring,mitigates,T1190,Exploit Public-Facing Application,16.1,enterprise,,,,[],,,01/13/2022,04/16/2025
1516,nist_800_53,rev5,System and Information Integrity,SI-04,System Monitoring,mitigates,T1195,Supply Chain Compromise,16.1,enterprise,,,,[],,,01/13/2022,04/16/2025
1517,nist_800_53,rev5,System and Information Integrity,SI-04,System Monitoring,mitigates,T1195.001,Compromise Software Dependencies and Development Tools,16.1,enterprise,,,,[],,,01/13/2022,04/16/2025
1518,nist_800_53,rev5,System and Information Integrity,SI-04,System Monitoring,mitigates,T1203,Exploitation for Client Execution,16.1,enterprise,,,,[],,,01/13/2022,04/16/2025
1519,nist_800_53,rev5,System and Information Integrity,SI-04,System Monitoring,mitigates,T1204,User Execution,16.1,enterprise,,,,[],,,01/13/2022,04/16/2025
1520,nist_800_53,rev5,System and Information Integrity,SI-04,System Monitoring,mitigates,T1204.002,Malicious File,16.1,enterprise,,,,[],,,01/13/2022,04/16/2025
1521,nist_800_53,rev5,System and Information Integrity,SI-04,System Monitoring,mitigates,T1213,Data from Information Repositories,16.1,enterprise,,,,[],,,01/13/2022,04/16/2025
1522,nist_800_53,rev5,System and Information Integrity,SI-04,System Monitoring,mitigates,T1213.001,Confluence,16.1,enterprise,,,,[],,,01/13/2022,04/16/2025
1523,nist_800_53,rev5,System and Information Integrity,SI-04,System Monitoring,mitigates,T1213.002,Sharepoint,16.1,enterprise,,,,[],,,01/13/2022,04/16/2025
1524,nist_800_53,rev5,System and Information Integrity,SI-04,System Monitoring,mitigates,T1213.004,Customer Relationship Management Software,16.1,enterprise,,,,[],,,01/13/2022,04/16/2025
1525,nist_800_53,rev5,System and Information Integrity,SI-04,System Monitoring,mitigates,T1213.005,Messaging Applications,16.1,enterprise,,,,[],,,01/13/2022,04/16/2025
1526,nist_800_53,rev5,System and Information Integrity,SI-04,System Monitoring,mitigates,T1218,System Binary Proxy Execution,16.1,enterprise,,,,[],,,01/13/2022,04/16/2025
1527,nist_800_53,rev5,System and Information Integrity,SI-04,System Monitoring,mitigates,T1218.011,Rundll32,16.1,enterprise,,,,[],,,01/13/2022,04/16/2025
1528,nist_800_53,rev5,System and Information Integrity,SI-04,System Monitoring,mitigates,T1218.015,Electron Applications,16.1,enterprise,,,,[],,,01/13/2022,04/16/2025
1529,nist_800_53,rev5,System and Information Integrity,SI-04,System Monitoring,mitigates,T1219,Remote Access Software,16.1,enterprise,,,,[],,,01/13/2022,04/16/2025
1530,nist_800_53,rev5,System and Information Integrity,SI-04,System Monitoring,mitigates,T1484,Domain or Tenant Policy Modification,16.1,enterprise,,,,[],,,01/13/2022,04/16/2025
1531,nist_800_53,rev5,System and Information Integrity,SI-04,System Monitoring,mitigates,T1485,Data Destruction,16.1,enterprise,,,,[],,,01/13/2022,04/16/2025
1532,nist_800_53,rev5,System and Information Integrity,SI-04,System Monitoring,mitigates,T1489,Service Stop,16.1,enterprise,,,,[],,,01/13/2022,04/16/2025
1533,nist_800_53,rev5,System and Information Integrity,SI-04,System Monitoring,mitigates,T1490,Inhibit System Recovery,16.1,enterprise,,,,[],,,01/13/2022,04/16/2025
1534,nist_800_53,rev5,System and Information Integrity,SI-04,System Monitoring,mitigates,T1505.003,Web Shell,16.1,enterprise,,,,[],,,01/13/2022,04/16/2025
1535,nist_800_53,rev5,System and Information Integrity,SI-04,System Monitoring,mitigates,T1528,Steal Application Access Token,16.1,enterprise,,,,[],,,01/13/2022,04/16/2025
1536,nist_800_53,rev5,System and Information Integrity,SI-04,System Monitoring,mitigates,T1530,Data from Cloud Storage,16.1,enterprise,,,,[],,,01/13/2022,04/16/2025
1537,nist_800_53,rev5,System and Information Integrity,SI-04,System Monitoring,mitigates,T1537,Transfer Data to Cloud Account,16.1,enterprise,,,,[],,,01/13/2022,04/16/2025
1538,nist_800_53,rev5,System and Information Integrity,SI-04,System Monitoring,mitigates,T1539,Steal Web Session Cookie,16.1,enterprise,,,,[],,,01/13/2022,04/16/2025
1539,nist_800_53,rev5,System and Information Integrity,SI-04,System Monitoring,mitigates,T1543,Create or Modify System Process,16.1,enterprise,,,,[],,,01/13/2022,04/16/2025
1540,nist_800_53,rev5,System and Information Integrity,SI-04,System Monitoring,mitigates,T1543.002,Systemd Service,16.1,enterprise,,,,[],,,01/13/2022,04/16/2025
1541,nist_800_53,rev5,System and Information Integrity,SI-04,System Monitoring,mitigates,T1546.003,Windows Management Instrumentation Event Subscription,16.1,enterprise,,,,[],,,01/13/2022,04/16/2025
1542,nist_800_53,rev5,System and Information Integrity,SI-04,System Monitoring,mitigates,T1546.016,Installer Packages,16.1,enterprise,,,,[],,,01/13/2022,04/16/2025
1543,nist_800_53,rev5,System and Information Integrity,SI-04,System Monitoring,mitigates,T1547.003,Time Providers,16.1,enterprise,,,,[],,,01/13/2022,04/16/2025
1544,nist_800_53,rev5,System and Information Integrity,SI-04,System Monitoring,mitigates,T1547.004,Winlogon Helper DLL,16.1,enterprise,,,,[],,,01/13/2022,04/16/2025
1545,nist_800_53,rev5,System and Information Integrity,SI-04,System Monitoring,mitigates,T1547.009,Shortcut Modification,16.1,enterprise,,,,[],,,01/13/2022,04/16/2025
1546,nist_800_53,rev5,System and Information Integrity,SI-04,System Monitoring,mitigates,T1548,Abuse Elevation Control Mechanism,16.1,enterprise,,,,[],,,01/13/2022,04/16/2025
1547,nist_800_53,rev5,System and Information Integrity,SI-04,System Monitoring,mitigates,T1548.006,TCC Manipulation,16.1,enterprise,,,,[],,,01/13/2022,04/16/2025
1548,nist_800_53,rev5,System and Information Integrity,SI-04,System Monitoring,mitigates,T1550.001,Application Access Token,16.1,enterprise,,,,[],,,01/13/2022,04/16/2025
1549,nist_800_53,rev5,System and Information Integrity,SI-04,System Monitoring,mitigates,T1552,Unsecured Credentials,16.1,enterprise,,,,[],,,01/13/2022,04/16/2025
1550,nist_800_53,rev5,System and Information Integrity,SI-04,System Monitoring,mitigates,T1552.001,Credentials In Files,16.1,enterprise,,,,[],,,01/13/2022,04/16/2025
1551,nist_800_53,rev5,System and Information Integrity,SI-04,System Monitoring,mitigates,T1552.004,Private Keys,16.1,enterprise,,,,[],,,01/13/2022,04/16/2025
1552,nist_800_53,rev5,System and Information Integrity,SI-04,System Monitoring,mitigates,T1553,Subvert Trust Controls,16.1,enterprise,,,,[],,,01/13/2022,04/16/2025
1553,nist_800_53,rev5,System and Information Integrity,SI-04,System Monitoring,mitigates,T1555,Credentials from Password Stores,16.1,enterprise,,,,[],,,01/13/2022,04/16/2025
1554,nist_800_53,rev5,System and Information Integrity,SI-04,System Monitoring,mitigates,T1555.002,Securityd Memory,16.1,enterprise,,,,[],,,01/13/2022,04/16/2025
1555,nist_800_53,rev5,System and Information Integrity,SI-04,System Monitoring,mitigates,T1555.005,Password Managers,16.1,enterprise,,,,[],,,01/13/2022,04/16/2025
1556,nist_800_53,rev5,System and Information Integrity,SI-04,System Monitoring,mitigates,T1556,Modify Authentication Process,16.1,enterprise,,,,[],,,01/13/2022,04/16/2025
1557,nist_800_53,rev5,System and Information Integrity,SI-04,System Monitoring,mitigates,T1556.001,Domain Controller Authentication,16.1,enterprise,,,,[],,,01/13/2022,04/16/2025
1558,nist_800_53,rev5,System and Information Integrity,SI-04,System Monitoring,mitigates,T1556.009,Conditional Access Policies,16.1,enterprise,,,,[],,,01/13/2022,04/16/2025
1559,nist_800_53,rev5,System and Information Integrity,SI-04,System Monitoring,mitigates,T1557,Adversary-in-the-Middle,16.1,enterprise,,,,[],,,01/13/2022,04/16/2025
1560,nist_800_53,rev5,System and Information Integrity,SI-04,System Monitoring,mitigates,T1557.004,Evil Twin,16.1,enterprise,,,,[],,,01/13/2022,04/16/2025
1561,nist_800_53,rev5,System and Information Integrity,SI-04,System Monitoring,mitigates,T1558,Steal or Forge Kerberos Tickets,16.1,enterprise,,,,[],,,01/13/2022,04/16/2025
1562,nist_800_53,rev5,System and Information Integrity,SI-04,System Monitoring,mitigates,T1558.005,Ccache Files,16.1,enterprise,,,,[],,,01/13/2022,04/16/2025
1563,nist_800_53,rev5,System and Information Integrity,SI-04,System Monitoring,mitigates,T1560,Archive Collected Data,16.1,enterprise,,,,[],,,01/13/2022,04/16/2025
1564,nist_800_53,rev5,System and Information Integrity,SI-04,System Monitoring,mitigates,T1562,Impair Defenses,16.1,enterprise,,,,[],,,01/13/2022,04/16/2025
1565,nist_800_53,rev5,System and Information Integrity,SI-04,System Monitoring,mitigates,T1562.004,Disable or Modify System Firewall,16.1,enterprise,,,,[],,,01/13/2022,04/16/2025
1566,nist_800_53,rev5,System and Information Integrity,SI-04,System Monitoring,mitigates,T1562.006,Indicator Blocking,16.1,enterprise,,,,[],,,01/13/2022,04/16/2025
1567,nist_800_53,rev5,System and Information Integrity,SI-04,System Monitoring,mitigates,T1563,Remote Service Session Hijacking,16.1,enterprise,,,,[],,,01/13/2022,04/16/2025
1568,nist_800_53,rev5,System and Information Integrity,SI-04,System Monitoring,mitigates,T1564.004,NTFS File Attributes,16.1,enterprise,,,,[],,,01/13/2022,04/16/2025
1569,nist_800_53,rev5,System and Information Integrity,SI-04,System Monitoring,mitigates,T1565,Data Manipulation,16.1,enterprise,,,,[],,,01/13/2022,04/16/2025
1570,nist_800_53,rev5,System and Information Integrity,SI-04,System Monitoring,mitigates,T1566,Phishing,16.1,enterprise,,,,[],,,01/13/2022,04/16/2025
1571,nist_800_53,rev5,System and Information Integrity,SI-04,System Monitoring,mitigates,T1566.001,Spearphishing Attachment,16.1,enterprise,,,,[],,,01/13/2022,04/16/2025
1572,nist_800_53,rev5,System and Information Integrity,SI-04,System Monitoring,mitigates,T1566.002,Spearphishing Link,16.1,enterprise,,,,[],,,01/13/2022,04/16/2025
1573,nist_800_53,rev5,System and Information Integrity,SI-04,System Monitoring,mitigates,T1566.003,Spearphishing via Service,16.1,enterprise,,,,[],,,01/13/2022,04/16/2025
1574,nist_800_53,rev5,System and Information Integrity,SI-04,System Monitoring,mitigates,T1572,Protocol Tunneling,16.1,enterprise,,,,[],,,01/13/2022,04/16/2025
1575,nist_800_53,rev5,System and Information Integrity,SI-04,System Monitoring,mitigates,T1573,Encrypted Channel,16.1,enterprise,,,,[],,,01/13/2022,04/16/2025
1576,nist_800_53,rev5,System and Information Integrity,SI-04,System Monitoring,mitigates,T1574.001,DLL Search Order Hijacking,16.1,enterprise,,,,[],,,01/13/2022,04/16/2025
1577,nist_800_53,rev5,System and Information Integrity,SI-04,System Monitoring,mitigates,T1574.014,AppDomainManager,16.1,enterprise,,,,[],,,01/13/2022,04/16/2025
1578,nist_800_53,rev5,System and Information Integrity,SI-04,System Monitoring,mitigates,T1598.003,Spearphishing Link,16.1,enterprise,,,,[],,,01/13/2022,04/16/2025
1579,nist_800_53,rev5,System and Information Integrity,SI-04,System Monitoring,mitigates,T1610,Deploy Container,16.1,enterprise,,,,[],,,01/13/2022,04/16/2025
1580,nist_800_53,rev5,System and Information Integrity,SI-04,System Monitoring,mitigates,T1611,Escape to Host,16.1,enterprise,,,,[],,,01/13/2022,04/16/2025
1581,nist_800_53,rev5,System and Information Integrity,SI-04,System Monitoring,mitigates,T1648,Serverless Execution,16.1,enterprise,,,,[],,,01/13/2022,04/16/2025
1582,nist_800_53,rev5,System and Information Integrity,SI-04,System Monitoring,mitigates,T1651,Cloud Administration Command,16.1,enterprise,,,,[],,,01/13/2022,04/16/2025
1583,nist_800_53,rev5,Access Control,AC-04,Information Flow Enforcement,mitigates,T1001.001,Junk Data,16.1,enterprise,,,,[],,,01/13/2022,04/16/2025
1584,nist_800_53,rev5,Access Control,AC-04,Information Flow Enforcement,mitigates,T1001.003,Protocol or Service Impersonation,16.1,enterprise,,,,[],,,01/13/2022,04/16/2025
1585,nist_800_53,rev5,Access Control,AC-02,Account Management,mitigates,T1003,OS Credential Dumping,16.1,enterprise,,,,[],,,01/13/2022,04/16/2025
1586,nist_800_53,rev5,Access Control,AC-03,Access Enforcement,mitigates,T1003,OS Credential Dumping,16.1,enterprise,,,,[],,,01/13/2022,04/16/2025
1587,nist_800_53,rev5,Access Control,AC-04,Information Flow Enforcement,mitigates,T1003,OS Credential Dumping,16.1,enterprise,,,,[],,,01/13/2022,04/16/2025
1588,nist_800_53,rev5,Access Control,AC-05,Separation of Duties,mitigates,T1003,OS Credential Dumping,16.1,enterprise,,,,[],,,01/13/2022,04/16/2025
1589,nist_800_53,rev5,Access Control,AC-06,Least Privilege,mitigates,T1003,OS Credential Dumping,16.1,enterprise,,,,[],,,01/13/2022,04/16/2025
1590,nist_800_53,rev5,Access Control,AC-02,Account Management,mitigates,T1003.001,LSASS Memory,16.1,enterprise,,,,[],,,01/13/2022,04/16/2025
1591,nist_800_53,rev5,Access Control,AC-03,Access Enforcement,mitigates,T1003.001,LSASS Memory,16.1,enterprise,,,,[],,,01/13/2022,04/16/2025
1592,nist_800_53,rev5,Access Control,AC-04,Information Flow Enforcement,mitigates,T1003.001,LSASS Memory,16.1,enterprise,,,,[],,,01/13/2022,04/16/2025
1593,nist_800_53,rev5,Access Control,AC-05,Separation of Duties,mitigates,T1003.001,LSASS Memory,16.1,enterprise,,,,[],,,01/13/2022,04/16/2025
1594,nist_800_53,rev5,Access Control,AC-06,Least Privilege,mitigates,T1003.001,LSASS Memory,16.1,enterprise,,,,[],,,01/13/2022,04/16/2025
1595,nist_800_53,rev5,Access Control,AC-02,Account Management,mitigates,T1003.005,Cached Domain Credentials,16.1,enterprise,,,,[],,,01/13/2022,04/16/2025
1596,nist_800_53,rev5,Access Control,AC-03,Access Enforcement,mitigates,T1003.005,Cached Domain Credentials,16.1,enterprise,,,,[],,,01/13/2022,04/16/2025
1597,nist_800_53,rev5,Access Control,AC-04,Information Flow Enforcement,mitigates,T1003.005,Cached Domain Credentials,16.1,enterprise,,,,[],,,01/13/2022,04/16/2025
1598,nist_800_53,rev5,Access Control,AC-05,Separation of Duties,mitigates,T1003.005,Cached Domain Credentials,16.1,enterprise,,,,[],,,01/13/2022,04/16/2025
1599,nist_800_53,rev5,Access Control,AC-06,Least Privilege,mitigates,T1003.005,Cached Domain Credentials,16.1,enterprise,,,,[],,,01/13/2022,04/16/2025
1600,nist_800_53,rev5,Access Control,AC-02,Account Management,mitigates,T1003.007,Proc Filesystem,16.1,enterprise,,,,[],,,01/13/2022,04/16/2025
1601,nist_800_53,rev5,Access Control,AC-03,Access Enforcement,mitigates,T1003.007,Proc Filesystem,16.1,enterprise,,,,[],,,01/13/2022,04/16/2025
1602,nist_800_53,rev5,Access Control,AC-05,Separation of Duties,mitigates,T1003.007,Proc Filesystem,16.1,enterprise,,,,[],,,01/13/2022,04/16/2025
1603,nist_800_53,rev5,Access Control,AC-06,Least Privilege,mitigates,T1003.007,Proc Filesystem,16.1,enterprise,,,,[],,,01/13/2022,04/16/2025
1604,nist_800_53,rev5,Access Control,AC-06,Least Privilege,mitigates,T1020.001,Traffic Duplication,16.1,enterprise,,,,[],,,01/13/2022,04/16/2025
1605,nist_800_53,rev5,Access Control,AC-03,Access Enforcement,mitigates,T1020.001,Traffic Duplication,16.1,enterprise,,,,[],,,01/13/2022,04/16/2025
1606,nist_800_53,rev5,Access Control,AC-02,Account Management,mitigates,T1020.001,Traffic Duplication,16.1,enterprise,,,,[],,,01/13/2022,04/16/2025
1607,nist_800_53,rev5,Access Control,AC-04,Information Flow Enforcement,mitigates,T1020.001,Traffic Duplication,16.1,enterprise,,,,[],,,01/13/2022,04/16/2025
1608,nist_800_53,rev5,Access Control,AC-02,Account Management,mitigates,T1021,Remote Services,16.1,enterprise,,,,[],,,01/13/2022,04/16/2025
1609,nist_800_53,rev5,Access Control,AC-03,Access Enforcement,mitigates,T1021,Remote Services,16.1,enterprise,,,,[],,,01/13/2022,04/16/2025
1610,nist_800_53,rev5,Access Control,AC-05,Separation of Duties,mitigates,T1021,Remote Services,16.1,enterprise,,,,[],,,01/13/2022,04/16/2025
1611,nist_800_53,rev5,Access Control,AC-06,Least Privilege,mitigates,T1021,Remote Services,16.1,enterprise,,,,[],,,01/13/2022,04/16/2025
1612,nist_800_53,rev5,Access Control,AC-07,Unsuccessful Logon Attempts,mitigates,T1021,Remote Services,16.1,enterprise,,,,[],,,01/13/2022,04/16/2025
1613,nist_800_53,rev5,Access Control,AC-03,Access Enforcement,mitigates,T1027,Obfuscated Files or Information,16.1,enterprise,,,,[],,,01/13/2022,04/16/2025
1614,nist_800_53,rev5,Access Control,AC-02,Account Management,mitigates,T1036,Masquerading,16.1,enterprise,,,,[],,,01/13/2022,04/16/2025
1615,nist_800_53,rev5,Access Control,AC-03,Access Enforcement,mitigates,T1036,Masquerading,16.1,enterprise,,,,[],,,01/13/2022,04/16/2025
1616,nist_800_53,rev5,Access Control,AC-06,Least Privilege,mitigates,T1036,Masquerading,16.1,enterprise,,,,[],,,01/13/2022,04/16/2025
1617,nist_800_53,rev5,Access Control,AC-02,Account Management,mitigates,T1036.010,Masquerade Account Name,16.1,enterprise,,,,[],,,01/13/2022,04/16/2025
1618,nist_800_53,rev5,Access Control,AC-03,Access Enforcement,mitigates,T1036.010,Masquerade Account Name,16.1,enterprise,,,,[],,,01/13/2022,04/16/2025
1619,nist_800_53,rev5,Access Control,AC-03,Access Enforcement,mitigates,T1037,Boot or Logon Initialization Scripts,16.1,enterprise,,,,[],,,01/13/2022,04/16/2025
1620,nist_800_53,rev5,Access Control,AC-02,Account Management,mitigates,T1047,Windows Management Instrumentation,16.1,enterprise,,,,[],,,01/13/2022,04/16/2025
1621,nist_800_53,rev5,Access Control,AC-03,Access Enforcement,mitigates,T1047,Windows Management Instrumentation,16.1,enterprise,,,,[],,,01/13/2022,04/16/2025
1622,nist_800_53,rev5,Access Control,AC-05,Separation of Duties,mitigates,T1047,Windows Management Instrumentation,16.1,enterprise,,,,[],,,01/13/2022,04/16/2025
1623,nist_800_53,rev5,Access Control,AC-06,Least Privilege,mitigates,T1047,Windows Management Instrumentation,16.1,enterprise,,,,[],,,01/13/2022,04/16/2025
1624,nist_800_53,rev5,Access Control,AC-02,Account Management,mitigates,T1053,Scheduled Task/Job,16.1,enterprise,,,,[],,,01/13/2022,04/16/2025
1625,nist_800_53,rev5,Access Control,AC-03,Access Enforcement,mitigates,T1053,Scheduled Task/Job,16.1,enterprise,,,,[],,,01/13/2022,04/16/2025
1626,nist_800_53,rev5,Access Control,AC-05,Separation of Duties,mitigates,T1053,Scheduled Task/Job,16.1,enterprise,,,,[],,,01/13/2022,04/16/2025
1627,nist_800_53,rev5,Access Control,AC-06,Least Privilege,mitigates,T1053,Scheduled Task/Job,16.1,enterprise,,,,[],,,01/13/2022,04/16/2025
1628,nist_800_53,rev5,Access Control,AC-02,Account Management,mitigates,T1053.002,At,16.1,enterprise,,,,[],,,01/13/2022,04/16/2025
1629,nist_800_53,rev5,Access Control,AC-05,Separation of Duties,mitigates,T1053.002,At,16.1,enterprise,,,,[],,,01/13/2022,04/16/2025
1630,nist_800_53,rev5,Access Control,AC-06,Least Privilege,mitigates,T1053.002,At,16.1,enterprise,,,,[],,,01/13/2022,04/16/2025
1631,nist_800_53,rev5,Access Control,AC-03,Access Enforcement,mitigates,T1053.002,At,16.1,enterprise,,,,[],,,01/13/2022,04/16/2025
1632,nist_800_53,rev5,Access Control,AC-02,Account Management,mitigates,T1053.005,Scheduled Task,16.1,enterprise,,,,[],,,01/13/2022,04/16/2025
1633,nist_800_53,rev5,Access Control,AC-03,Access Enforcement,mitigates,T1053.005,Scheduled Task,16.1,enterprise,,,,[],,,01/13/2022,04/16/2025
1634,nist_800_53,rev5,Access Control,AC-05,Separation of Duties,mitigates,T1053.005,Scheduled Task,16.1,enterprise,,,,[],,,01/13/2022,04/16/2025
1635,nist_800_53,rev5,Access Control,AC-06,Least Privilege,mitigates,T1053.005,Scheduled Task,16.1,enterprise,,,,[],,,01/13/2022,04/16/2025
1636,nist_800_53,rev5,Access Control,AC-02,Account Management,mitigates,T1059,Command and Scripting Interpreter,16.1,enterprise,,,,[],,,01/13/2022,04/16/2025
1637,nist_800_53,rev5,Access Control,AC-03,Access Enforcement,mitigates,T1059,Command and Scripting Interpreter,16.1,enterprise,,,,[],,,01/13/2022,04/16/2025
1638,nist_800_53,rev5,Access Control,AC-05,Separation of Duties,mitigates,T1059,Command and Scripting Interpreter,16.1,enterprise,,,,[],,,01/13/2022,04/16/2025
1639,nist_800_53,rev5,Access Control,AC-06,Least Privilege,mitigates,T1059,Command and Scripting Interpreter,16.1,enterprise,,,,[],,,01/13/2022,04/16/2025
1640,nist_800_53,rev5,Access Control,AC-02,Account Management,mitigates,T1059.006,Python,16.1,enterprise,,,,[],,,01/13/2022,04/16/2025
1641,nist_800_53,rev5,Access Control,AC-03,Access Enforcement,mitigates,T1059.006,Python,16.1,enterprise,,,,[],,,01/13/2022,04/16/2025
1642,nist_800_53,rev5,Access Control,AC-06,Least Privilege,mitigates,T1059.006,Python,16.1,enterprise,,,,[],,,01/13/2022,04/16/2025
1643,nist_800_53,rev5,Access Control,AC-02,Account Management,mitigates,T1059.010,AutoHotKey & AutoIT,16.1,enterprise,,,,[],,,01/13/2022,04/16/2025
1644,nist_800_53,rev5,Access Control,AC-03,Access Enforcement,mitigates,T1059.010,AutoHotKey & AutoIT,16.1,enterprise,,,,[],,,01/13/2022,04/16/2025
1645,nist_800_53,rev5,Access Control,AC-06,Least Privilege,mitigates,T1059.010,AutoHotKey & AutoIT,16.1,enterprise,,,,[],,,01/13/2022,04/16/2025
1646,nist_800_53,rev5,Access Control,AC-02,Account Management,mitigates,T1059.011,Lua,16.1,enterprise,,,,[],,,01/13/2022,04/16/2025
1647,nist_800_53,rev5,Access Control,AC-03,Access Enforcement,mitigates,T1059.011,Lua,16.1,enterprise,,,,[],,,01/13/2022,04/16/2025
1648,nist_800_53,rev5,Access Control,AC-06,Least Privilege,mitigates,T1059.011,Lua,16.1,enterprise,,,,[],,,01/13/2022,04/16/2025
1649,nist_800_53,rev5,Access Control,AC-02,Account Management,mitigates,T1070.001,Clear Windows Event Logs,16.1,enterprise,,,,[],,,01/13/2022,04/16/2025
1650,nist_800_53,rev5,Access Control,AC-03,Access Enforcement,mitigates,T1070.001,Clear Windows Event Logs,16.1,enterprise,,,,[],,,01/13/2022,04/16/2025
1651,nist_800_53,rev5,Access Control,AC-05,Separation of Duties,mitigates,T1070.001,Clear Windows Event Logs,16.1,enterprise,,,,[],,,01/13/2022,04/16/2025
1652,nist_800_53,rev5,Access Control,AC-06,Least Privilege,mitigates,T1070.001,Clear Windows Event Logs,16.1,enterprise,,,,[],,,01/13/2022,04/16/2025
1653,nist_800_53,rev5,Access Control,AC-02,Account Management,mitigates,T1070.003,Clear Command History,16.1,enterprise,,,,[],,,01/13/2022,04/16/2025
1654,nist_800_53,rev5,Access Control,AC-03,Access Enforcement,mitigates,T1070.003,Clear Command History,16.1,enterprise,,,,[],,,01/13/2022,04/16/2025
1655,nist_800_53,rev5,Access Control,AC-05,Separation of Duties,mitigates,T1070.003,Clear Command History,16.1,enterprise,,,,[],,,01/13/2022,04/16/2025
1656,nist_800_53,rev5,Access Control,AC-06,Least Privilege,mitigates,T1070.003,Clear Command History,16.1,enterprise,,,,[],,,01/13/2022,04/16/2025
1657,nist_800_53,rev5,Access Control,AC-04,Information Flow Enforcement,mitigates,T1071,Application Layer Protocol,16.1,enterprise,,,,[],,,01/13/2022,04/16/2025
1658,nist_800_53,rev5,Access Control,AC-04,Information Flow Enforcement,mitigates,T1071.002,File Transfer Protocols,16.1,enterprise,,,,[],,,01/13/2022,04/16/2025
1659,nist_800_53,rev5,Access Control,AC-04,Information Flow Enforcement,mitigates,T1071.003,Mail Protocols,16.1,enterprise,,,,[],,,01/13/2022,04/16/2025
1660,nist_800_53,rev5,Access Control,AC-04,Information Flow Enforcement,mitigates,T1071.005,Publish/Subscribe Protocols,16.1,enterprise,,,,[],,,01/13/2022,04/16/2025
1661,nist_800_53,rev5,Access Control,AC-12,Session Termination,mitigates,T1072,Software Deployment Tools,16.1,enterprise,,,,[],,,01/13/2022,04/16/2025
1662,nist_800_53,rev5,Access Control,AC-02,Account Management,mitigates,T1072,Software Deployment Tools,16.1,enterprise,,,,[],,,01/13/2022,04/16/2025
1663,nist_800_53,rev5,Access Control,AC-03,Access Enforcement,mitigates,T1072,Software Deployment Tools,16.1,enterprise,,,,[],,,01/13/2022,04/16/2025
1664,nist_800_53,rev5,Access Control,AC-04,Information Flow Enforcement,mitigates,T1072,Software Deployment Tools,16.1,enterprise,,,,[],,,01/13/2022,04/16/2025
1665,nist_800_53,rev5,Access Control,AC-05,Separation of Duties,mitigates,T1072,Software Deployment Tools,16.1,enterprise,,,,[],,,01/13/2022,04/16/2025
1666,nist_800_53,rev5,Access Control,AC-06,Least Privilege,mitigates,T1072,Software Deployment Tools,16.1,enterprise,,,,[],,,01/13/2022,04/16/2025
1667,nist_800_53,rev5,Access Control,AC-02,Account Management,mitigates,T1078,Valid Accounts,16.1,enterprise,,,,[],,,01/13/2022,04/16/2025
1668,nist_800_53,rev5,Access Control,AC-03,Access Enforcement,mitigates,T1078,Valid Accounts,16.1,enterprise,,,,[],,,01/13/2022,04/16/2025
1669,nist_800_53,rev5,Access Control,AC-05,Separation of Duties,mitigates,T1078,Valid Accounts,16.1,enterprise,,,,[],,,01/13/2022,04/16/2025
1670,nist_800_53,rev5,Access Control,AC-06,Least Privilege,mitigates,T1078,Valid Accounts,16.1,enterprise,,,,[],,,01/13/2022,04/16/2025
1671,nist_800_53,rev5,Access Control,AC-02,Account Management,mitigates,T1078.001,Default Accounts,16.1,enterprise,,,,[],,,01/13/2022,04/16/2025
1672,nist_800_53,rev5,Access Control,AC-05,Separation of Duties,mitigates,T1078.001,Default Accounts,16.1,enterprise,,,,[],,,01/13/2022,04/16/2025
1673,nist_800_53,rev5,Access Control,AC-06,Least Privilege,mitigates,T1078.001,Default Accounts,16.1,enterprise,,,,[],,,01/13/2022,04/16/2025
1674,nist_800_53,rev5,Access Control,AC-02,Account Management,mitigates,T1078.003,Local Accounts,16.1,enterprise,,,,[],,,01/13/2022,04/16/2025
1675,nist_800_53,rev5,Access Control,AC-03,Access Enforcement,mitigates,T1078.003,Local Accounts,16.1,enterprise,,,,[],,,01/13/2022,04/16/2025
1676,nist_800_53,rev5,Access Control,AC-05,Separation of Duties,mitigates,T1078.003,Local Accounts,16.1,enterprise,,,,[],,,01/13/2022,04/16/2025
1677,nist_800_53,rev5,Access Control,AC-06,Least Privilege,mitigates,T1078.003,Local Accounts,16.1,enterprise,,,,[],,,01/13/2022,04/16/2025
1678,nist_800_53,rev5,Access Control,AC-02,Account Management,mitigates,T1078.004,Cloud Accounts,16.1,enterprise,,,,[],,,01/13/2022,04/16/2025
1679,nist_800_53,rev5,Access Control,AC-03,Access Enforcement,mitigates,T1078.004,Cloud Accounts,16.1,enterprise,,,,[],,,01/13/2022,04/16/2025
1680,nist_800_53,rev5,Access Control,AC-05,Separation of Duties,mitigates,T1078.004,Cloud Accounts,16.1,enterprise,,,,[],,,01/13/2022,04/16/2025
1681,nist_800_53,rev5,Access Control,AC-06,Least Privilege,mitigates,T1078.004,Cloud Accounts,16.1,enterprise,,,,[],,,01/13/2022,04/16/2025
1682,nist_800_53,rev5,Access Control,AC-07,Unsuccessful Logon Attempts,mitigates,T1078.004,Cloud Accounts,16.1,enterprise,,,,[],,,01/13/2022,04/16/2025
1683,nist_800_53,rev5,Access Control,AC-02,Account Management,mitigates,T1087,Account Discovery,16.1,enterprise,,,,[],,,01/13/2022,04/16/2025
1684,nist_800_53,rev5,Access Control,AC-03,Access Enforcement,mitigates,T1090.003,Multi-hop Proxy,16.1,enterprise,,,,[],,,01/13/2022,04/16/2025
1685,nist_800_53,rev5,Access Control,AC-04,Information Flow Enforcement,mitigates,T1090.003,Multi-hop Proxy,16.1,enterprise,,,,[],,,01/13/2022,04/16/2025
1686,nist_800_53,rev5,Access Control,AC-02,Account Management,mitigates,T1098,Account Manipulation,16.1,enterprise,,,,[],,,01/13/2022,04/16/2025
1687,nist_800_53,rev5,Access Control,AC-03,Access Enforcement,mitigates,T1098,Account Manipulation,16.1,enterprise,,,,[],,,01/13/2022,04/16/2025
1688,nist_800_53,rev5,Access Control,AC-04,Information Flow Enforcement,mitigates,T1098,Account Manipulation,16.1,enterprise,,,,[],,,01/13/2022,04/16/2025
1689,nist_800_53,rev5,Access Control,AC-05,Separation of Duties,mitigates,T1098,Account Manipulation,16.1,enterprise,,,,[],,,01/13/2022,04/16/2025
1690,nist_800_53,rev5,Access Control,AC-06,Least Privilege,mitigates,T1098,Account Manipulation,16.1,enterprise,,,,[],,,01/13/2022,04/16/2025
1691,nist_800_53,rev5,Access Control,AC-02,Account Management,mitigates,T1098.001,Additional Cloud Credentials,16.1,enterprise,,,,[],,,01/13/2022,04/16/2025
1692,nist_800_53,rev5,Access Control,AC-03,Access Enforcement,mitigates,T1098.001,Additional Cloud Credentials,16.1,enterprise,,,,[],,,01/13/2022,04/16/2025
1693,nist_800_53,rev5,Access Control,AC-04,Information Flow Enforcement,mitigates,T1098.001,Additional Cloud Credentials,16.1,enterprise,,,,[],,,01/13/2022,04/16/2025
1694,nist_800_53,rev5,Access Control,AC-05,Separation of Duties,mitigates,T1098.001,Additional Cloud Credentials,16.1,enterprise,,,,[],,,01/13/2022,04/16/2025
1695,nist_800_53,rev5,Access Control,AC-06,Least Privilege,mitigates,T1098.001,Additional Cloud Credentials,16.1,enterprise,,,,[],,,01/13/2022,04/16/2025
1696,nist_800_53,rev5,Access Control,AC-02,Account Management,mitigates,T1098.002,Additional Email Delegate Permissions,16.1,enterprise,,,,[],,,01/13/2022,04/16/2025
1697,nist_800_53,rev5,Access Control,AC-03,Access Enforcement,mitigates,T1098.002,Additional Email Delegate Permissions,16.1,enterprise,,,,[],,,01/13/2022,04/16/2025
1698,nist_800_53,rev5,Access Control,AC-05,Separation of Duties,mitigates,T1098.002,Additional Email Delegate Permissions,16.1,enterprise,,,,[],,,01/13/2022,04/16/2025
1699,nist_800_53,rev5,Access Control,AC-06,Least Privilege,mitigates,T1098.002,Additional Email Delegate Permissions,16.1,enterprise,,,,[],,,01/13/2022,04/16/2025
1700,nist_800_53,rev5,Access Control,AC-02,Account Management,mitigates,T1098.003,Additional Cloud Roles,16.1,enterprise,,,,[],,,01/13/2022,04/16/2025
1701,nist_800_53,rev5,Access Control,AC-05,Separation of Duties,mitigates,T1098.003,Additional Cloud Roles,16.1,enterprise,,,,[],,,01/13/2022,04/16/2025
1702,nist_800_53,rev5,Access Control,AC-03,Access Enforcement,mitigates,T1098.003,Additional Cloud Roles,16.1,enterprise,,,,[],,,01/13/2022,04/16/2025
1703,nist_800_53,rev5,Access Control,AC-06,Least Privilege,mitigates,T1098.003,Additional Cloud Roles,16.1,enterprise,,,,[],,,01/13/2022,04/16/2025
1704,nist_800_53,rev5,Access Control,AC-02,Account Management,mitigates,T1098.005,Device Registration,16.1,enterprise,,,,[],,,01/13/2022,04/16/2025
1705,nist_800_53,rev5,Access Control,AC-03,Access Enforcement,mitigates,T1098.005,Device Registration,16.1,enterprise,,,,[],,,01/13/2022,04/16/2025
1706,nist_800_53,rev5,Access Control,AC-05,Separation of Duties,mitigates,T1098.005,Device Registration,16.1,enterprise,,,,[],,,01/13/2022,04/16/2025
1707,nist_800_53,rev5,Access Control,AC-06,Least Privilege,mitigates,T1098.005,Device Registration,16.1,enterprise,,,,[],,,01/13/2022,04/16/2025
1708,nist_800_53,rev5,Access Control,AC-02,Account Management,mitigates,T1098.007,Additional Local or Domain Groups,16.1,enterprise,,,,[],,,01/13/2022,04/16/2025
1709,nist_800_53,rev5,Access Control,AC-03,Access Enforcement,mitigates,T1098.007,Additional Local or Domain Groups,16.1,enterprise,,,,[],,,01/13/2022,04/16/2025
1710,nist_800_53,rev5,Access Control,AC-04,Information Flow Enforcement,mitigates,T1098.007,Additional Local or Domain Groups,16.1,enterprise,,,,[],,,01/13/2022,04/16/2025
1711,nist_800_53,rev5,Access Control,AC-05,Separation of Duties,mitigates,T1098.007,Additional Local or Domain Groups,16.1,enterprise,,,,[],,,01/13/2022,04/16/2025
1712,nist_800_53,rev5,Access Control,AC-06,Least Privilege,mitigates,T1098.007,Additional Local or Domain Groups,16.1,enterprise,,,,[],,,01/13/2022,04/16/2025
1713,nist_800_53,rev5,Access Control,AC-04,Information Flow Enforcement,mitigates,T1102,Web Service,16.1,enterprise,,,,[],,,01/13/2022,04/16/2025
1714,nist_800_53,rev5,Access Control,AC-04,Information Flow Enforcement,mitigates,T1105,Ingress Tool Transfer,16.1,enterprise,,,,[],,,01/13/2022,04/16/2025
1715,nist_800_53,rev5,Access Control,AC-02,Account Management,mitigates,T1110,Brute Force,16.1,enterprise,,,,[],,,01/13/2022,04/16/2025
1716,nist_800_53,rev5,Access Control,AC-03,Access Enforcement,mitigates,T1110,Brute Force,16.1,enterprise,,,,[],,,01/13/2022,04/16/2025
1717,nist_800_53,rev5,Access Control,AC-05,Separation of Duties,mitigates,T1110,Brute Force,16.1,enterprise,,,,[],,,01/13/2022,04/16/2025
1718,nist_800_53,rev5,Access Control,AC-07,Unsuccessful Logon Attempts,mitigates,T1110,Brute Force,16.1,enterprise,,,,[],,,01/13/2022,04/16/2025
1719,nist_800_53,rev5,Access Control,AC-03,Access Enforcement,mitigates,T1114,Email Collection,16.1,enterprise,,,,[],,,01/13/2022,04/16/2025
1720,nist_800_53,rev5,Access Control,AC-04,Information Flow Enforcement,mitigates,T1114,Email Collection,16.1,enterprise,,,,[],,,01/13/2022,04/16/2025
1721,nist_800_53,rev5,Access Control,AC-03,Access Enforcement,mitigates,T1114.002,Remote Email Collection,16.1,enterprise,,,,[],,,01/13/2022,04/16/2025
1722,nist_800_53,rev5,Access Control,AC-04,Information Flow Enforcement,mitigates,T1114.002,Remote Email Collection,16.1,enterprise,,,,[],,,01/13/2022,04/16/2025
1723,nist_800_53,rev5,Access Control,AC-04,Information Flow Enforcement,mitigates,T1114.003,Email Forwarding Rule,16.1,enterprise,,,,[],,,01/13/2022,04/16/2025
1724,nist_800_53,rev5,Access Control,AC-02,Account Management,mitigates,T1134.001,Token Impersonation/Theft,16.1,enterprise,,,,[],,,01/13/2022,04/16/2025
1725,nist_800_53,rev5,Access Control,AC-03,Access Enforcement,mitigates,T1134.001,Token Impersonation/Theft,16.1,enterprise,,,,[],,,01/13/2022,04/16/2025
1726,nist_800_53,rev5,Access Control,AC-05,Separation of Duties,mitigates,T1134.001,Token Impersonation/Theft,16.1,enterprise,,,,[],,,01/13/2022,04/16/2025
1727,nist_800_53,rev5,Access Control,AC-06,Least Privilege,mitigates,T1134.001,Token Impersonation/Theft,16.1,enterprise,,,,[],,,01/13/2022,04/16/2025
1728,nist_800_53,rev5,Access Control,AC-02,Account Management,mitigates,T1134.003,Make and Impersonate Token,16.1,enterprise,,,,[],,,01/13/2022,04/16/2025
1729,nist_800_53,rev5,Access Control,AC-03,Access Enforcement,mitigates,T1134.003,Make and Impersonate Token,16.1,enterprise,,,,[],,,01/13/2022,04/16/2025
1730,nist_800_53,rev5,Access Control,AC-05,Separation of Duties,mitigates,T1134.003,Make and Impersonate Token,16.1,enterprise,,,,[],,,01/13/2022,04/16/2025
1731,nist_800_53,rev5,Access Control,AC-06,Least Privilege,mitigates,T1134.003,Make and Impersonate Token,16.1,enterprise,,,,[],,,01/13/2022,04/16/2025
1732,nist_800_53,rev5,Access Control,AC-02,Account Management,mitigates,T1136,Create Account,16.1,enterprise,,,,[],,,01/13/2022,04/16/2025
1733,nist_800_53,rev5,Access Control,AC-03,Access Enforcement,mitigates,T1136,Create Account,16.1,enterprise,,,,[],,,01/13/2022,04/16/2025
1734,nist_800_53,rev5,Access Control,AC-04,Information Flow Enforcement,mitigates,T1136,Create Account,16.1,enterprise,,,,[],,,01/13/2022,04/16/2025
1735,nist_800_53,rev5,Access Control,AC-05,Separation of Duties,mitigates,T1136,Create Account,16.1,enterprise,,,,[],,,01/13/2022,04/16/2025
1736,nist_800_53,rev5,Access Control,AC-06,Least Privilege,mitigates,T1136,Create Account,16.1,enterprise,,,,[],,,01/13/2022,04/16/2025
1737,nist_800_53,rev5,Access Control,AC-02,Account Management,mitigates,T1136.002,Domain Account,16.1,enterprise,,,,[],,,01/13/2022,04/16/2025
1738,nist_800_53,rev5,Access Control,AC-03,Access Enforcement,mitigates,T1136.002,Domain Account,16.1,enterprise,,,,[],,,01/13/2022,04/16/2025
1739,nist_800_53,rev5,Access Control,AC-04,Information Flow Enforcement,mitigates,T1136.002,Domain Account,16.1,enterprise,,,,[],,,01/13/2022,04/16/2025
1740,nist_800_53,rev5,Access Control,AC-05,Separation of Duties,mitigates,T1136.002,Domain Account,16.1,enterprise,,,,[],,,01/13/2022,04/16/2025
1741,nist_800_53,rev5,Access Control,AC-06,Least Privilege,mitigates,T1136.002,Domain Account,16.1,enterprise,,,,[],,,01/13/2022,04/16/2025
1742,nist_800_53,rev5,Access Control,AC-02,Account Management,mitigates,T1136.003,Cloud Account,16.1,enterprise,,,,[],,,01/13/2022,04/16/2025
1743,nist_800_53,rev5,Access Control,AC-03,Access Enforcement,mitigates,T1136.003,Cloud Account,16.1,enterprise,,,,[],,,01/13/2022,04/16/2025
1744,nist_800_53,rev5,Access Control,AC-04,Information Flow Enforcement,mitigates,T1136.003,Cloud Account,16.1,enterprise,,,,[],,,01/13/2022,04/16/2025
1745,nist_800_53,rev5,Access Control,AC-05,Separation of Duties,mitigates,T1136.003,Cloud Account,16.1,enterprise,,,,[],,,01/13/2022,04/16/2025
1746,nist_800_53,rev5,Access Control,AC-06,Least Privilege,mitigates,T1136.003,Cloud Account,16.1,enterprise,,,,[],,,01/13/2022,04/16/2025
1747,nist_800_53,rev5,Access Control,AC-10,Concurrent Session Control,mitigates,T1137.002,Office Test,16.1,enterprise,,,,[],,,01/13/2022,04/16/2025
1748,nist_800_53,rev5,Access Control,AC-06,Least Privilege,mitigates,T1137.002,Office Test,16.1,enterprise,,,,[],,,01/13/2022,04/16/2025
1749,nist_800_53,rev5,Access Control,AC-06,Least Privilege,mitigates,T1176,Browser Extensions,16.1,enterprise,,,,[],,,01/13/2022,04/16/2025
1750,nist_800_53,rev5,Access Control,AC-02,Account Management,mitigates,T1190,Exploit Public-Facing Application,16.1,enterprise,,,,[],,,01/13/2022,04/16/2025
1751,nist_800_53,rev5,Access Control,AC-03,Access Enforcement,mitigates,T1190,Exploit Public-Facing Application,16.1,enterprise,,,,[],,,01/13/2022,04/16/2025
1752,nist_800_53,rev5,Access Control,AC-04,Information Flow Enforcement,mitigates,T1190,Exploit Public-Facing Application,16.1,enterprise,,,,[],,,01/13/2022,04/16/2025
1753,nist_800_53,rev5,Access Control,AC-05,Separation of Duties,mitigates,T1190,Exploit Public-Facing Application,16.1,enterprise,,,,[],,,01/13/2022,04/16/2025
1754,nist_800_53,rev5,Access Control,AC-06,Least Privilege,mitigates,T1190,Exploit Public-Facing Application,16.1,enterprise,,,,[],,,01/13/2022,04/16/2025
1755,nist_800_53,rev5,Access Control,AC-02,Account Management,mitigates,T1195,Supply Chain Compromise,16.1,enterprise,,,,[],,,01/13/2022,04/16/2025
1756,nist_800_53,rev5,Access Control,AC-03,Access Enforcement,mitigates,T1195,Supply Chain Compromise,16.1,enterprise,,,,[],,,01/13/2022,04/16/2025
1757,nist_800_53,rev5,Access Control,AC-06,Least Privilege,mitigates,T1195,Supply Chain Compromise,16.1,enterprise,,,,[],,,01/13/2022,04/16/2025
1758,nist_800_53,rev5,Access Control,AC-04,Information Flow Enforcement,mitigates,T1203,Exploitation for Client Execution,16.1,enterprise,,,,[],,,01/13/2022,04/16/2025
1759,nist_800_53,rev5,Access Control,AC-06,Least Privilege,mitigates,T1203,Exploitation for Client Execution,16.1,enterprise,,,,[],,,01/13/2022,04/16/2025
1760,nist_800_53,rev5,Access Control,AC-04,Information Flow Enforcement,mitigates,T1204,User Execution,16.1,enterprise,,,,[],,,01/13/2022,04/16/2025
1761,nist_800_53,rev5,Access Control,AC-04,Information Flow Enforcement,mitigates,T1204.002,Malicious File,16.1,enterprise,,,,[],,,01/13/2022,04/16/2025
1762,nist_800_53,rev5,Access Control,AC-02,Account Management,mitigates,T1213,Data from Information Repositories,16.1,enterprise,,,,[],,,01/13/2022,04/16/2025
1763,nist_800_53,rev5,Access Control,AC-03,Access Enforcement,mitigates,T1213,Data from Information Repositories,16.1,enterprise,,,,[],,,01/13/2022,04/16/2025
1764,nist_800_53,rev5,Access Control,AC-04,Information Flow Enforcement,mitigates,T1213,Data from Information Repositories,16.1,enterprise,,,,[],,,01/13/2022,04/16/2025
1765,nist_800_53,rev5,Access Control,AC-05,Separation of Duties,mitigates,T1213,Data from Information Repositories,16.1,enterprise,,,,[],,,01/13/2022,04/16/2025
1766,nist_800_53,rev5,Access Control,AC-06,Least Privilege,mitigates,T1213,Data from Information Repositories,16.1,enterprise,,,,[],,,01/13/2022,04/16/2025
1767,nist_800_53,rev5,Access Control,AC-02,Account Management,mitigates,T1213.001,Confluence,16.1,enterprise,,,,[],,,01/13/2022,04/16/2025
1768,nist_800_53,rev5,Access Control,AC-03,Access Enforcement,mitigates,T1213.001,Confluence,16.1,enterprise,,,,[],,,01/13/2022,04/16/2025
1769,nist_800_53,rev5,Access Control,AC-04,Information Flow Enforcement,mitigates,T1213.001,Confluence,16.1,enterprise,,,,[],,,01/13/2022,04/16/2025
1770,nist_800_53,rev5,Access Control,AC-05,Separation of Duties,mitigates,T1213.001,Confluence,16.1,enterprise,,,,[],,,01/13/2022,04/16/2025
1771,nist_800_53,rev5,Access Control,AC-06,Least Privilege,mitigates,T1213.001,Confluence,16.1,enterprise,,,,[],,,01/13/2022,04/16/2025
1772,nist_800_53,rev5,Access Control,AC-02,Account Management,mitigates,T1213.002,Sharepoint,16.1,enterprise,,,,[],,,01/13/2022,04/16/2025
1773,nist_800_53,rev5,Access Control,AC-03,Access Enforcement,mitigates,T1213.002,Sharepoint,16.1,enterprise,,,,[],,,01/13/2022,04/16/2025
1774,nist_800_53,rev5,Access Control,AC-04,Information Flow Enforcement,mitigates,T1213.002,Sharepoint,16.1,enterprise,,,,[],,,01/13/2022,04/16/2025
1775,nist_800_53,rev5,Access Control,AC-05,Separation of Duties,mitigates,T1213.002,Sharepoint,16.1,enterprise,,,,[],,,01/13/2022,04/16/2025
1776,nist_800_53,rev5,Access Control,AC-06,Least Privilege,mitigates,T1213.002,Sharepoint,16.1,enterprise,,,,[],,,01/13/2022,04/16/2025
1777,nist_800_53,rev5,Access Control,AC-02,Account Management,mitigates,T1213.003,Code Repositories,16.1,enterprise,,,,[],,,01/13/2022,04/16/2025
1778,nist_800_53,rev5,Access Control,AC-03,Access Enforcement,mitigates,T1213.003,Code Repositories,16.1,enterprise,,,,[],,,01/13/2022,04/16/2025
1779,nist_800_53,rev5,Access Control,AC-05,Separation of Duties,mitigates,T1213.003,Code Repositories,16.1,enterprise,,,,[],,,01/13/2022,04/16/2025
1780,nist_800_53,rev5,Access Control,AC-06,Least Privilege,mitigates,T1213.003,Code Repositories,16.1,enterprise,,,,[],,,01/13/2022,04/16/2025
1781,nist_800_53,rev5,Access Control,AC-02,Account Management,mitigates,T1213.004,Customer Relationship Management Software,16.1,enterprise,,,,[],,,01/13/2022,04/16/2025
1782,nist_800_53,rev5,Access Control,AC-03,Access Enforcement,mitigates,T1213.004,Customer Relationship Management Software,16.1,enterprise,,,,[],,,01/13/2022,04/16/2025
1783,nist_800_53,rev5,Access Control,AC-04,Information Flow Enforcement,mitigates,T1213.004,Customer Relationship Management Software,16.1,enterprise,,,,[],,,01/13/2022,04/16/2025
1784,nist_800_53,rev5,Access Control,AC-05,Separation of Duties,mitigates,T1213.004,Customer Relationship Management Software,16.1,enterprise,,,,[],,,01/13/2022,04/16/2025
1785,nist_800_53,rev5,Access Control,AC-06,Least Privilege,mitigates,T1213.004,Customer Relationship Management Software,16.1,enterprise,,,,[],,,01/13/2022,04/16/2025
1786,nist_800_53,rev5,Access Control,AC-02,Account Management,mitigates,T1213.005,Messaging Applications,16.1,enterprise,,,,[],,,01/13/2022,04/16/2025
1787,nist_800_53,rev5,Access Control,AC-03,Access Enforcement,mitigates,T1213.005,Messaging Applications,16.1,enterprise,,,,[],,,01/13/2022,04/16/2025
1788,nist_800_53,rev5,Access Control,AC-04,Information Flow Enforcement,mitigates,T1213.005,Messaging Applications,16.1,enterprise,,,,[],,,01/13/2022,04/16/2025
1789,nist_800_53,rev5,Access Control,AC-06,Least Privilege,mitigates,T1213.005,Messaging Applications,16.1,enterprise,,,,[],,,01/13/2022,04/16/2025
1790,nist_800_53,rev5,Access Control,AC-02,Account Management,mitigates,T1218,System Binary Proxy Execution,16.1,enterprise,,,,[],,,01/13/2022,04/16/2025
1791,nist_800_53,rev5,Access Control,AC-06,Least Privilege,mitigates,T1218,System Binary Proxy Execution,16.1,enterprise,,,,[],,,01/13/2022,04/16/2025
1792,nist_800_53,rev5,Access Control,AC-03,Access Enforcement,mitigates,T1218,System Binary Proxy Execution,16.1,enterprise,,,,[],,,01/13/2022,04/16/2025
1793,nist_800_53,rev5,Access Control,AC-05,Separation of Duties,mitigates,T1218,System Binary Proxy Execution,16.1,enterprise,,,,[],,,01/13/2022,04/16/2025
1794,nist_800_53,rev5,Access Control,AC-04,Information Flow Enforcement,mitigates,T1218,System Binary Proxy Execution,16.1,enterprise,,,,[],,,01/13/2022,04/16/2025
1795,nist_800_53,rev5,Access Control,AC-02,Account Management,mitigates,T1218.015,Electron Applications,16.1,enterprise,,,,[],,,01/13/2022,04/16/2025
1796,nist_800_53,rev5,Access Control,AC-06,Least Privilege,mitigates,T1218.015,Electron Applications,16.1,enterprise,,,,[],,,01/13/2022,04/16/2025
1797,nist_800_53,rev5,Access Control,AC-03,Access Enforcement,mitigates,T1219,Remote Access Software,16.1,enterprise,,,,[],,,01/13/2022,04/16/2025
1798,nist_800_53,rev5,Access Control,AC-04,Information Flow Enforcement,mitigates,T1219,Remote Access Software,16.1,enterprise,,,,[],,,01/13/2022,04/16/2025
1799,nist_800_53,rev5,Access Control,AC-02,Account Management,mitigates,T1484,Domain or Tenant Policy Modification,16.1,enterprise,,,,[],,,01/13/2022,04/16/2025
1800,nist_800_53,rev5,Access Control,AC-03,Access Enforcement,mitigates,T1484,Domain or Tenant Policy Modification,16.1,enterprise,,,,[],,,01/13/2022,04/16/2025
1801,nist_800_53,rev5,Access Control,AC-04,Information Flow Enforcement,mitigates,T1484,Domain or Tenant Policy Modification,16.1,enterprise,,,,[],,,01/13/2022,04/16/2025
1802,nist_800_53,rev5,Access Control,AC-05,Separation of Duties,mitigates,T1484,Domain or Tenant Policy Modification,16.1,enterprise,,,,[],,,01/13/2022,04/16/2025
1803,nist_800_53,rev5,Access Control,AC-06,Least Privilege,mitigates,T1484,Domain or Tenant Policy Modification,16.1,enterprise,,,,[],,,01/13/2022,04/16/2025
1804,nist_800_53,rev5,Access Control,AC-03,Access Enforcement,mitigates,T1485,Data Destruction,16.1,enterprise,,,,[],,,01/13/2022,04/16/2025
1805,nist_800_53,rev5,Access Control,AC-06,Least Privilege,mitigates,T1485,Data Destruction,16.1,enterprise,,,,[],,,01/13/2022,04/16/2025
1806,nist_800_53,rev5,Access Control,AC-02,Account Management,mitigates,T1485.001,Lifecycle-Triggered Deletion,16.1,enterprise,,,,[],,,01/13/2022,04/16/2025
1807,nist_800_53,rev5,Access Control,AC-03,Access Enforcement,mitigates,T1485.001,Lifecycle-Triggered Deletion,16.1,enterprise,,,,[],,,01/13/2022,04/16/2025
1808,nist_800_53,rev5,Access Control,AC-06,Least Privilege,mitigates,T1485.001,Lifecycle-Triggered Deletion,16.1,enterprise,,,,[],,,01/13/2022,04/16/2025
1809,nist_800_53,rev5,Access Control,AC-02,Account Management,mitigates,T1489,Service Stop,16.1,enterprise,,,,[],,,01/13/2022,04/16/2025
1810,nist_800_53,rev5,Access Control,AC-03,Access Enforcement,mitigates,T1489,Service Stop,16.1,enterprise,,,,[],,,01/13/2022,04/16/2025
1811,nist_800_53,rev5,Access Control,AC-04,Information Flow Enforcement,mitigates,T1489,Service Stop,16.1,enterprise,,,,[],,,01/13/2022,04/16/2025
1812,nist_800_53,rev5,Access Control,AC-05,Separation of Duties,mitigates,T1489,Service Stop,16.1,enterprise,,,,[],,,01/13/2022,04/16/2025
1813,nist_800_53,rev5,Access Control,AC-06,Least Privilege,mitigates,T1489,Service Stop,16.1,enterprise,,,,[],,,01/13/2022,04/16/2025
1814,nist_800_53,rev5,Access Control,AC-02,Account Management,mitigates,T1490,Inhibit System Recovery,16.1,enterprise,,,,[],,,01/13/2022,04/16/2025
1815,nist_800_53,rev5,Access Control,AC-03,Access Enforcement,mitigates,T1490,Inhibit System Recovery,16.1,enterprise,,,,[],,,01/13/2022,04/16/2025
1816,nist_800_53,rev5,Access Control,AC-06,Least Privilege,mitigates,T1490,Inhibit System Recovery,16.1,enterprise,,,,[],,,01/13/2022,04/16/2025
1817,nist_800_53,rev5,Access Control,AC-02,Account Management,mitigates,T1505.003,Web Shell,16.1,enterprise,,,,[],,,01/13/2022,04/16/2025
1818,nist_800_53,rev5,Access Control,AC-03,Access Enforcement,mitigates,T1505.003,Web Shell,16.1,enterprise,,,,[],,,01/13/2022,04/16/2025
1819,nist_800_53,rev5,Access Control,AC-05,Separation of Duties,mitigates,T1505.003,Web Shell,16.1,enterprise,,,,[],,,01/13/2022,04/16/2025
1820,nist_800_53,rev5,Access Control,AC-06,Least Privilege,mitigates,T1505.003,Web Shell,16.1,enterprise,,,,[],,,01/13/2022,04/16/2025
1821,nist_800_53,rev5,Access Control,AC-10,Concurrent Session Control,mitigates,T1528,Steal Application Access Token,16.1,enterprise,,,,[],,,01/13/2022,04/16/2025
1822,nist_800_53,rev5,Access Control,AC-02,Account Management,mitigates,T1528,Steal Application Access Token,16.1,enterprise,,,,[],,,01/13/2022,04/16/2025
1823,nist_800_53,rev5,Access Control,AC-03,Access Enforcement,mitigates,T1528,Steal Application Access Token,16.1,enterprise,,,,[],,,01/13/2022,04/16/2025
1824,nist_800_53,rev5,Access Control,AC-04,Information Flow Enforcement,mitigates,T1528,Steal Application Access Token,16.1,enterprise,,,,[],,,01/13/2022,04/16/2025
1825,nist_800_53,rev5,Access Control,AC-05,Separation of Duties,mitigates,T1528,Steal Application Access Token,16.1,enterprise,,,,[],,,01/13/2022,04/16/2025
1826,nist_800_53,rev5,Access Control,AC-06,Least Privilege,mitigates,T1528,Steal Application Access Token,16.1,enterprise,,,,[],,,01/13/2022,04/16/2025
1827,nist_800_53,rev5,Access Control,AC-02,Account Management,mitigates,T1530,Data from Cloud Storage,16.1,enterprise,,,,[],,,01/13/2022,04/16/2025
1828,nist_800_53,rev5,Access Control,AC-03,Access Enforcement,mitigates,T1530,Data from Cloud Storage,16.1,enterprise,,,,[],,,01/13/2022,04/16/2025
1829,nist_800_53,rev5,Access Control,AC-04,Information Flow Enforcement,mitigates,T1530,Data from Cloud Storage,16.1,enterprise,,,,[],,,01/13/2022,04/16/2025
1830,nist_800_53,rev5,Access Control,AC-05,Separation of Duties,mitigates,T1530,Data from Cloud Storage,16.1,enterprise,,,,[],,,01/13/2022,04/16/2025
1831,nist_800_53,rev5,Access Control,AC-06,Least Privilege,mitigates,T1530,Data from Cloud Storage,16.1,enterprise,,,,[],,,01/13/2022,04/16/2025
1832,nist_800_53,rev5,Access Control,AC-07,Unsuccessful Logon Attempts,mitigates,T1530,Data from Cloud Storage,16.1,enterprise,,,,[],,,01/13/2022,04/16/2025
1833,nist_800_53,rev5,Access Control,AC-02,Account Management,mitigates,T1537,Transfer Data to Cloud Account,16.1,enterprise,,,,[],,,01/13/2022,04/16/2025
1834,nist_800_53,rev5,Access Control,AC-03,Access Enforcement,mitigates,T1537,Transfer Data to Cloud Account,16.1,enterprise,,,,[],,,01/13/2022,04/16/2025
1835,nist_800_53,rev5,Access Control,AC-04,Information Flow Enforcement,mitigates,T1537,Transfer Data to Cloud Account,16.1,enterprise,,,,[],,,01/13/2022,04/16/2025
1836,nist_800_53,rev5,Access Control,AC-05,Separation of Duties,mitigates,T1537,Transfer Data to Cloud Account,16.1,enterprise,,,,[],,,01/13/2022,04/16/2025
1837,nist_800_53,rev5,Access Control,AC-06,Least Privilege,mitigates,T1537,Transfer Data to Cloud Account,16.1,enterprise,,,,[],,,01/13/2022,04/16/2025
1838,nist_800_53,rev5,Access Control,AC-03,Access Enforcement,mitigates,T1539,Steal Web Session Cookie,16.1,enterprise,,,,[],,,01/13/2022,04/16/2025
1839,nist_800_53,rev5,Access Control,AC-06,Least Privilege,mitigates,T1539,Steal Web Session Cookie,16.1,enterprise,,,,[],,,01/13/2022,04/16/2025
1840,nist_800_53,rev5,Access Control,AC-02,Account Management,mitigates,T1542,Pre-OS Boot,16.1,enterprise,,,,[],,,01/13/2022,04/16/2025
1841,nist_800_53,rev5,Access Control,AC-03,Access Enforcement,mitigates,T1542,Pre-OS Boot,16.1,enterprise,,,,[],,,01/13/2022,04/16/2025
1842,nist_800_53,rev5,Access Control,AC-05,Separation of Duties,mitigates,T1542,Pre-OS Boot,16.1,enterprise,,,,[],,,01/13/2022,04/16/2025
1843,nist_800_53,rev5,Access Control,AC-06,Least Privilege,mitigates,T1542,Pre-OS Boot,16.1,enterprise,,,,[],,,01/13/2022,04/16/2025
1844,nist_800_53,rev5,Access Control,AC-02,Account Management,mitigates,T1542.001,System Firmware,16.1,enterprise,,,,[],,,01/13/2022,04/16/2025
1845,nist_800_53,rev5,Access Control,AC-03,Access Enforcement,mitigates,T1542.001,System Firmware,16.1,enterprise,,,,[],,,01/13/2022,04/16/2025
1846,nist_800_53,rev5,Access Control,AC-05,Separation of Duties,mitigates,T1542.001,System Firmware,16.1,enterprise,,,,[],,,01/13/2022,04/16/2025
1847,nist_800_53,rev5,Access Control,AC-06,Least Privilege,mitigates,T1542.001,System Firmware,16.1,enterprise,,,,[],,,01/13/2022,04/16/2025
1848,nist_800_53,rev5,Access Control,AC-02,Account Management,mitigates,T1543,Create or Modify System Process,16.1,enterprise,,,,[],,,01/13/2022,04/16/2025
1849,nist_800_53,rev5,Access Control,AC-03,Access Enforcement,mitigates,T1543,Create or Modify System Process,16.1,enterprise,,,,[],,,01/13/2022,04/16/2025
1850,nist_800_53,rev5,Access Control,AC-05,Separation of Duties,mitigates,T1543,Create or Modify System Process,16.1,enterprise,,,,[],,,01/13/2022,04/16/2025
1851,nist_800_53,rev5,Access Control,AC-06,Least Privilege,mitigates,T1543,Create or Modify System Process,16.1,enterprise,,,,[],,,01/13/2022,04/16/2025
1852,nist_800_53,rev5,Access Control,AC-02,Account Management,mitigates,T1543.002,Systemd Service,16.1,enterprise,,,,[],,,01/13/2022,04/16/2025
1853,nist_800_53,rev5,Access Control,AC-03,Access Enforcement,mitigates,T1543.002,Systemd Service,16.1,enterprise,,,,[],,,01/13/2022,04/16/2025
1854,nist_800_53,rev5,Access Control,AC-05,Separation of Duties,mitigates,T1543.002,Systemd Service,16.1,enterprise,,,,[],,,01/13/2022,04/16/2025
1855,nist_800_53,rev5,Access Control,AC-06,Least Privilege,mitigates,T1543.002,Systemd Service,16.1,enterprise,,,,[],,,01/13/2022,04/16/2025
1856,nist_800_53,rev5,Access Control,AC-02,Account Management,mitigates,T1543.003,Windows Service,16.1,enterprise,,,,[],,,01/13/2022,04/16/2025
1857,nist_800_53,rev5,Access Control,AC-03,Access Enforcement,mitigates,T1543.003,Windows Service,16.1,enterprise,,,,[],,,01/13/2022,04/16/2025
1858,nist_800_53,rev5,Access Control,AC-05,Separation of Duties,mitigates,T1543.003,Windows Service,16.1,enterprise,,,,[],,,01/13/2022,04/16/2025
1859,nist_800_53,rev5,Access Control,AC-06,Least Privilege,mitigates,T1543.003,Windows Service,16.1,enterprise,,,,[],,,01/13/2022,04/16/2025
1860,nist_800_53,rev5,Access Control,AC-02,Account Management,mitigates,T1543.005,Container Service,16.1,enterprise,,,,[],,,01/13/2022,04/16/2025
1861,nist_800_53,rev5,Access Control,AC-03,Access Enforcement,mitigates,T1543.005,Container Service,16.1,enterprise,,,,[],,,01/13/2022,04/16/2025
1862,nist_800_53,rev5,Access Control,AC-05,Separation of Duties,mitigates,T1543.005,Container Service,16.1,enterprise,,,,[],,,01/13/2022,04/16/2025
1863,nist_800_53,rev5,Access Control,AC-06,Least Privilege,mitigates,T1543.005,Container Service,16.1,enterprise,,,,[],,,01/13/2022,04/16/2025
1864,nist_800_53,rev5,Access Control,AC-02,Account Management,mitigates,T1546,Event Triggered Execution,16.1,enterprise,,,,[],,,01/13/2022,04/16/2025
1865,nist_800_53,rev5,Access Control,AC-03,Access Enforcement,mitigates,T1546,Event Triggered Execution,16.1,enterprise,,,,[],,,01/13/2022,04/16/2025
1866,nist_800_53,rev5,Access Control,AC-06,Least Privilege,mitigates,T1546,Event Triggered Execution,16.1,enterprise,,,,[],,,01/13/2022,04/16/2025
1867,nist_800_53,rev5,Access Control,AC-02,Account Management,mitigates,T1546.003,Windows Management Instrumentation Event Subscription,16.1,enterprise,,,,[],,,01/13/2022,04/16/2025
1868,nist_800_53,rev5,Access Control,AC-03,Access Enforcement,mitigates,T1546.003,Windows Management Instrumentation Event Subscription,16.1,enterprise,,,,[],,,01/13/2022,04/16/2025
1869,nist_800_53,rev5,Access Control,AC-05,Separation of Duties,mitigates,T1546.003,Windows Management Instrumentation Event Subscription,16.1,enterprise,,,,[],,,01/13/2022,04/16/2025
1870,nist_800_53,rev5,Access Control,AC-06,Least Privilege,mitigates,T1546.003,Windows Management Instrumentation Event Subscription,16.1,enterprise,,,,[],,,01/13/2022,04/16/2025
1871,nist_800_53,rev5,Access Control,AC-06,Least Privilege,mitigates,T1546.016,Installer Packages,16.1,enterprise,,,,[],,,01/13/2022,04/16/2025
1872,nist_800_53,rev5,Access Control,AC-03,Access Enforcement,mitigates,T1547.003,Time Providers,16.1,enterprise,,,,[],,,01/13/2022,04/16/2025
1873,nist_800_53,rev5,Access Control,AC-04,Information Flow Enforcement,mitigates,T1547.003,Time Providers,16.1,enterprise,,,,[],,,01/13/2022,04/16/2025
1874,nist_800_53,rev5,Access Control,AC-06,Least Privilege,mitigates,T1547.003,Time Providers,16.1,enterprise,,,,[],,,01/13/2022,04/16/2025
1875,nist_800_53,rev5,Access Control,AC-02,Account Management,mitigates,T1547.004,Winlogon Helper DLL,16.1,enterprise,,,,[],,,01/13/2022,04/16/2025
1876,nist_800_53,rev5,Access Control,AC-03,Access Enforcement,mitigates,T1547.004,Winlogon Helper DLL,16.1,enterprise,,,,[],,,01/13/2022,04/16/2025
1877,nist_800_53,rev5,Access Control,AC-05,Separation of Duties,mitigates,T1547.004,Winlogon Helper DLL,16.1,enterprise,,,,[],,,01/13/2022,04/16/2025
1878,nist_800_53,rev5,Access Control,AC-06,Least Privilege,mitigates,T1547.004,Winlogon Helper DLL,16.1,enterprise,,,,[],,,01/13/2022,04/16/2025
1879,nist_800_53,rev5,Access Control,AC-02,Account Management,mitigates,T1547.009,Shortcut Modification,16.1,enterprise,,,,[],,,01/13/2022,04/16/2025
1880,nist_800_53,rev5,Access Control,AC-03,Access Enforcement,mitigates,T1547.009,Shortcut Modification,16.1,enterprise,,,,[],,,01/13/2022,04/16/2025
1881,nist_800_53,rev5,Access Control,AC-05,Separation of Duties,mitigates,T1547.009,Shortcut Modification,16.1,enterprise,,,,[],,,01/13/2022,04/16/2025
1882,nist_800_53,rev5,Access Control,AC-06,Least Privilege,mitigates,T1547.009,Shortcut Modification,16.1,enterprise,,,,[],,,01/13/2022,04/16/2025
1883,nist_800_53,rev5,Access Control,AC-02,Account Management,mitigates,T1548,Abuse Elevation Control Mechanism,16.1,enterprise,,,,[],,,01/13/2022,04/16/2025
1884,nist_800_53,rev5,Access Control,AC-03,Access Enforcement,mitigates,T1548,Abuse Elevation Control Mechanism,16.1,enterprise,,,,[],,,01/13/2022,04/16/2025
1885,nist_800_53,rev5,Access Control,AC-05,Separation of Duties,mitigates,T1548,Abuse Elevation Control Mechanism,16.1,enterprise,,,,[],,,01/13/2022,04/16/2025
1886,nist_800_53,rev5,Access Control,AC-06,Least Privilege,mitigates,T1548,Abuse Elevation Control Mechanism,16.1,enterprise,,,,[],,,01/13/2022,04/16/2025
1887,nist_800_53,rev5,Access Control,AC-03,Access Enforcement,mitigates,T1548.005,Temporary Elevated Cloud Access,16.1,enterprise,,,,[],,,01/13/2022,04/16/2025
1888,nist_800_53,rev5,Access Control,AC-02,Account Management,mitigates,T1548.005,Temporary Elevated Cloud Access,16.1,enterprise,,,,[],,,01/13/2022,04/16/2025
1889,nist_800_53,rev5,Access Control,AC-06,Least Privilege,mitigates,T1548.005,Temporary Elevated Cloud Access,16.1,enterprise,,,,[],,,01/13/2022,04/16/2025
1890,nist_800_53,rev5,Access Control,AC-02,Account Management,mitigates,T1548.006,TCC Manipulation,16.1,enterprise,,,,[],,,01/13/2022,04/16/2025
1891,nist_800_53,rev5,Access Control,AC-03,Access Enforcement,mitigates,T1548.006,TCC Manipulation,16.1,enterprise,,,,[],,,01/13/2022,04/16/2025
1892,nist_800_53,rev5,Access Control,AC-05,Separation of Duties,mitigates,T1548.006,TCC Manipulation,16.1,enterprise,,,,[],,,01/13/2022,04/16/2025
1893,nist_800_53,rev5,Access Control,AC-06,Least Privilege,mitigates,T1548.006,TCC Manipulation,16.1,enterprise,,,,[],,,01/13/2022,04/16/2025
1894,nist_800_53,rev5,Access Control,AC-02,Account Management,mitigates,T1550,Use Alternate Authentication Material,16.1,enterprise,,,,[],,,01/13/2022,04/16/2025
1895,nist_800_53,rev5,Access Control,AC-03,Access Enforcement,mitigates,T1550,Use Alternate Authentication Material,16.1,enterprise,,,,[],,,01/13/2022,04/16/2025
1896,nist_800_53,rev5,Access Control,AC-05,Separation of Duties,mitigates,T1550,Use Alternate Authentication Material,16.1,enterprise,,,,[],,,01/13/2022,04/16/2025
1897,nist_800_53,rev5,Access Control,AC-06,Least Privilege,mitigates,T1550,Use Alternate Authentication Material,16.1,enterprise,,,,[],,,01/13/2022,04/16/2025
1898,nist_800_53,rev5,Access Control,AC-02,Account Management,mitigates,T1552,Unsecured Credentials,16.1,enterprise,,,,[],,,01/13/2022,04/16/2025
1899,nist_800_53,rev5,Access Control,AC-03,Access Enforcement,mitigates,T1552,Unsecured Credentials,16.1,enterprise,,,,[],,,01/13/2022,04/16/2025
1900,nist_800_53,rev5,Access Control,AC-04,Information Flow Enforcement,mitigates,T1552,Unsecured Credentials,16.1,enterprise,,,,[],,,01/13/2022,04/16/2025
1901,nist_800_53,rev5,Access Control,AC-05,Separation of Duties,mitigates,T1552,Unsecured Credentials,16.1,enterprise,,,,[],,,01/13/2022,04/16/2025
1902,nist_800_53,rev5,Access Control,AC-06,Least Privilege,mitigates,T1552,Unsecured Credentials,16.1,enterprise,,,,[],,,01/13/2022,04/16/2025
1903,nist_800_53,rev5,Access Control,AC-02,Account Management,mitigates,T1552.001,Credentials In Files,16.1,enterprise,,,,[],,,01/13/2022,04/16/2025
1904,nist_800_53,rev5,Access Control,AC-04,Information Flow Enforcement,mitigates,T1552.001,Credentials In Files,16.1,enterprise,,,,[],,,01/13/2022,04/16/2025
1905,nist_800_53,rev5,Access Control,AC-05,Separation of Duties,mitigates,T1552.001,Credentials In Files,16.1,enterprise,,,,[],,,01/13/2022,04/16/2025
1906,nist_800_53,rev5,Access Control,AC-06,Least Privilege,mitigates,T1552.001,Credentials In Files,16.1,enterprise,,,,[],,,01/13/2022,04/16/2025
1907,nist_800_53,rev5,Access Control,AC-02,Account Management,mitigates,T1552.004,Private Keys,16.1,enterprise,,,,[],,,01/13/2022,04/16/2025
1908,nist_800_53,rev5,Access Control,AC-06,Least Privilege,mitigates,T1553,Subvert Trust Controls,16.1,enterprise,,,,[],,,01/13/2022,04/16/2025
1909,nist_800_53,rev5,Access Control,AC-03,Access Enforcement,mitigates,T1553,Subvert Trust Controls,16.1,enterprise,,,,[],,,01/13/2022,04/16/2025
1910,nist_800_53,rev5,Access Control,AC-02,Account Management,mitigates,T1553,Subvert Trust Controls,16.1,enterprise,,,,[],,,01/13/2022,04/16/2025
1911,nist_800_53,rev5,Access Control,AC-06,Least Privilege,mitigates,T1555,Credentials from Password Stores,16.1,enterprise,,,,[],,,01/13/2022,04/16/2025
1912,nist_800_53,rev5,Access Control,AC-03,Access Enforcement,mitigates,T1555,Credentials from Password Stores,16.1,enterprise,,,,[],,,01/13/2022,04/16/2025
1913,nist_800_53,rev5,Access Control,AC-03,Access Enforcement,mitigates,T1555.002,Securityd Memory,16.1,enterprise,,,,[],,,01/13/2022,04/16/2025
1914,nist_800_53,rev5,Access Control,AC-06,Least Privilege,mitigates,T1555.002,Securityd Memory,16.1,enterprise,,,,[],,,01/13/2022,04/16/2025
1915,nist_800_53,rev5,Access Control,AC-03,Access Enforcement,mitigates,T1555.005,Password Managers,16.1,enterprise,,,,[],,,01/13/2022,04/16/2025
1916,nist_800_53,rev5,Access Control,AC-02,Account Management,mitigates,T1555.005,Password Managers,16.1,enterprise,,,,[],,,01/13/2022,04/16/2025
1917,nist_800_53,rev5,Access Control,AC-02,Account Management,mitigates,T1556,Modify Authentication Process,16.1,enterprise,,,,[],,,01/13/2022,04/16/2025
1918,nist_800_53,rev5,Access Control,AC-03,Access Enforcement,mitigates,T1556,Modify Authentication Process,16.1,enterprise,,,,[],,,01/13/2022,04/16/2025
1919,nist_800_53,rev5,Access Control,AC-05,Separation of Duties,mitigates,T1556,Modify Authentication Process,16.1,enterprise,,,,[],,,01/13/2022,04/16/2025
1920,nist_800_53,rev5,Access Control,AC-06,Least Privilege,mitigates,T1556,Modify Authentication Process,16.1,enterprise,,,,[],,,01/13/2022,04/16/2025
1921,nist_800_53,rev5,Access Control,AC-07,Unsuccessful Logon Attempts,mitigates,T1556,Modify Authentication Process,16.1,enterprise,,,,[],,,01/13/2022,04/16/2025
1922,nist_800_53,rev5,Access Control,AC-02,Account Management,mitigates,T1556.001,Domain Controller Authentication,16.1,enterprise,,,,[],,,01/13/2022,04/16/2025
1923,nist_800_53,rev5,Access Control,AC-03,Access Enforcement,mitigates,T1556.001,Domain Controller Authentication,16.1,enterprise,,,,[],,,01/13/2022,04/16/2025
1924,nist_800_53,rev5,Access Control,AC-05,Separation of Duties,mitigates,T1556.001,Domain Controller Authentication,16.1,enterprise,,,,[],,,01/13/2022,04/16/2025
1925,nist_800_53,rev5,Access Control,AC-06,Least Privilege,mitigates,T1556.001,Domain Controller Authentication,16.1,enterprise,,,,[],,,01/13/2022,04/16/2025
1926,nist_800_53,rev5,Access Control,AC-07,Unsuccessful Logon Attempts,mitigates,T1556.001,Domain Controller Authentication,16.1,enterprise,,,,[],,,01/13/2022,04/16/2025
1927,nist_800_53,rev5,Access Control,AC-02,Account Management,mitigates,T1556.006,Multi-Factor Authentication,16.1,enterprise,,,,[],,,01/13/2022,04/16/2025
1928,nist_800_53,rev5,Access Control,AC-03,Access Enforcement,mitigates,T1556.006,Multi-Factor Authentication,16.1,enterprise,,,,[],,,01/13/2022,04/16/2025
1929,nist_800_53,rev5,Access Control,AC-06,Least Privilege,mitigates,T1556.006,Multi-Factor Authentication,16.1,enterprise,,,,[],,,01/13/2022,04/16/2025
1930,nist_800_53,rev5,Access Control,AC-02,Account Management,mitigates,T1556.007,Hybrid Identity,16.1,enterprise,,,,[],,,01/13/2022,04/16/2025
1931,nist_800_53,rev5,Access Control,AC-03,Access Enforcement,mitigates,T1556.007,Hybrid Identity,16.1,enterprise,,,,[],,,01/13/2022,04/16/2025
1932,nist_800_53,rev5,Access Control,AC-06,Least Privilege,mitigates,T1556.007,Hybrid Identity,16.1,enterprise,,,,[],,,01/13/2022,04/16/2025
1933,nist_800_53,rev5,Access Control,AC-03,Access Enforcement,mitigates,T1556.009,Conditional Access Policies,16.1,enterprise,,,,[],,,01/13/2022,04/16/2025
1934,nist_800_53,rev5,Access Control,AC-05,Separation of Duties,mitigates,T1556.009,Conditional Access Policies,16.1,enterprise,,,,[],,,01/13/2022,04/16/2025
1935,nist_800_53,rev5,Access Control,AC-06,Least Privilege,mitigates,T1556.009,Conditional Access Policies,16.1,enterprise,,,,[],,,01/13/2022,04/16/2025
1936,nist_800_53,rev5,Access Control,AC-03,Access Enforcement,mitigates,T1557,Adversary-in-the-Middle,16.1,enterprise,,,,[],,,01/13/2022,04/16/2025
1937,nist_800_53,rev5,Access Control,AC-04,Information Flow Enforcement,mitigates,T1557,Adversary-in-the-Middle,16.1,enterprise,,,,[],,,01/13/2022,04/16/2025
1938,nist_800_53,rev5,Access Control,AC-03,Access Enforcement,mitigates,T1557.004,Evil Twin,16.1,enterprise,,,,[],,,01/13/2022,04/16/2025
1939,nist_800_53,rev5,Access Control,AC-04,Information Flow Enforcement,mitigates,T1557.004,Evil Twin,16.1,enterprise,,,,[],,,01/13/2022,04/16/2025
1940,nist_800_53,rev5,Access Control,AC-02,Account Management,mitigates,T1558,Steal or Forge Kerberos Tickets,16.1,enterprise,,,,[],,,01/13/2022,04/16/2025
1941,nist_800_53,rev5,Access Control,AC-03,Access Enforcement,mitigates,T1558,Steal or Forge Kerberos Tickets,16.1,enterprise,,,,[],,,01/13/2022,04/16/2025
1942,nist_800_53,rev5,Access Control,AC-05,Separation of Duties,mitigates,T1558,Steal or Forge Kerberos Tickets,16.1,enterprise,,,,[],,,01/13/2022,04/16/2025
1943,nist_800_53,rev5,Access Control,AC-06,Least Privilege,mitigates,T1558,Steal or Forge Kerberos Tickets,16.1,enterprise,,,,[],,,01/13/2022,04/16/2025
1944,nist_800_53,rev5,Access Control,AC-02,Account Management,mitigates,T1558.005,Ccache Files,16.1,enterprise,,,,[],,,01/13/2022,04/16/2025
1945,nist_800_53,rev5,Access Control,AC-03,Access Enforcement,mitigates,T1558.005,Ccache Files,16.1,enterprise,,,,[],,,01/13/2022,04/16/2025
1946,nist_800_53,rev5,Access Control,AC-06,Least Privilege,mitigates,T1558.005,Ccache Files,16.1,enterprise,,,,[],,,01/13/2022,04/16/2025
1947,nist_800_53,rev5,Access Control,AC-02,Account Management,mitigates,T1562,Impair Defenses,16.1,enterprise,,,,[],,,01/13/2022,04/16/2025
1948,nist_800_53,rev5,Access Control,AC-03,Access Enforcement,mitigates,T1562,Impair Defenses,16.1,enterprise,,,,[],,,01/13/2022,04/16/2025
1949,nist_800_53,rev5,Access Control,AC-05,Separation of Duties,mitigates,T1562,Impair Defenses,16.1,enterprise,,,,[],,,01/13/2022,04/16/2025
1950,nist_800_53,rev5,Access Control,AC-06,Least Privilege,mitigates,T1562,Impair Defenses,16.1,enterprise,,,,[],,,01/13/2022,04/16/2025
1951,nist_800_53,rev5,Access Control,AC-02,Account Management,mitigates,T1562.004,Disable or Modify System Firewall,16.1,enterprise,,,,[],,,01/13/2022,04/16/2025
1952,nist_800_53,rev5,Access Control,AC-03,Access Enforcement,mitigates,T1562.004,Disable or Modify System Firewall,16.1,enterprise,,,,[],,,01/13/2022,04/16/2025
1953,nist_800_53,rev5,Access Control,AC-05,Separation of Duties,mitigates,T1562.004,Disable or Modify System Firewall,16.1,enterprise,,,,[],,,01/13/2022,04/16/2025
1954,nist_800_53,rev5,Access Control,AC-06,Least Privilege,mitigates,T1562.004,Disable or Modify System Firewall,16.1,enterprise,,,,[],,,01/13/2022,04/16/2025
1955,nist_800_53,rev5,Access Control,AC-02,Account Management,mitigates,T1562.006,Indicator Blocking,16.1,enterprise,,,,[],,,01/13/2022,04/16/2025
1956,nist_800_53,rev5,Access Control,AC-03,Access Enforcement,mitigates,T1562.006,Indicator Blocking,16.1,enterprise,,,,[],,,01/13/2022,04/16/2025
1957,nist_800_53,rev5,Access Control,AC-05,Separation of Duties,mitigates,T1562.006,Indicator Blocking,16.1,enterprise,,,,[],,,01/13/2022,04/16/2025
1958,nist_800_53,rev5,Access Control,AC-06,Least Privilege,mitigates,T1562.006,Indicator Blocking,16.1,enterprise,,,,[],,,01/13/2022,04/16/2025
1959,nist_800_53,rev5,Access Control,AC-02,Account Management,mitigates,T1562.007,Disable or Modify Cloud Firewall,16.1,enterprise,,,,[],,,01/13/2022,04/16/2025
1960,nist_800_53,rev5,Access Control,AC-03,Access Enforcement,mitigates,T1562.007,Disable or Modify Cloud Firewall,16.1,enterprise,,,,[],,,01/13/2022,04/16/2025
1961,nist_800_53,rev5,Access Control,AC-05,Separation of Duties,mitigates,T1562.007,Disable or Modify Cloud Firewall,16.1,enterprise,,,,[],,,01/13/2022,04/16/2025
1962,nist_800_53,rev5,Access Control,AC-06,Least Privilege,mitigates,T1562.007,Disable or Modify Cloud Firewall,16.1,enterprise,,,,[],,,01/13/2022,04/16/2025
1963,nist_800_53,rev5,Access Control,AC-12,Session Termination,mitigates,T1563,Remote Service Session Hijacking,16.1,enterprise,,,,[],,,01/13/2022,04/16/2025
1964,nist_800_53,rev5,Access Control,AC-02,Account Management,mitigates,T1563,Remote Service Session Hijacking,16.1,enterprise,,,,[],,,01/13/2022,04/16/2025
1965,nist_800_53,rev5,Access Control,AC-03,Access Enforcement,mitigates,T1563,Remote Service Session Hijacking,16.1,enterprise,,,,[],,,01/13/2022,04/16/2025
1966,nist_800_53,rev5,Access Control,AC-04,Information Flow Enforcement,mitigates,T1563,Remote Service Session Hijacking,16.1,enterprise,,,,[],,,01/13/2022,04/16/2025
1967,nist_800_53,rev5,Access Control,AC-05,Separation of Duties,mitigates,T1563,Remote Service Session Hijacking,16.1,enterprise,,,,[],,,01/13/2022,04/16/2025
1968,nist_800_53,rev5,Access Control,AC-06,Least Privilege,mitigates,T1563,Remote Service Session Hijacking,16.1,enterprise,,,,[],,,01/13/2022,04/16/2025
1969,nist_800_53,rev5,Access Control,AC-03,Access Enforcement,mitigates,T1564.004,NTFS File Attributes,16.1,enterprise,,,,[],,,01/13/2022,04/16/2025
1970,nist_800_53,rev5,Access Control,AC-03,Access Enforcement,mitigates,T1565,Data Manipulation,16.1,enterprise,,,,[],,,01/13/2022,04/16/2025
1971,nist_800_53,rev5,Access Control,AC-04,Information Flow Enforcement,mitigates,T1565,Data Manipulation,16.1,enterprise,,,,[],,,01/13/2022,04/16/2025
1972,nist_800_53,rev5,Access Control,AC-04,Information Flow Enforcement,mitigates,T1566,Phishing,16.1,enterprise,,,,[],,,01/13/2022,04/16/2025
1973,nist_800_53,rev5,Access Control,AC-04,Information Flow Enforcement,mitigates,T1566.001,Spearphishing Attachment,16.1,enterprise,,,,[],,,01/13/2022,04/16/2025
1974,nist_800_53,rev5,Access Control,AC-04,Information Flow Enforcement,mitigates,T1566.002,Spearphishing Link,16.1,enterprise,,,,[],,,01/13/2022,04/16/2025
1975,nist_800_53,rev5,Access Control,AC-04,Information Flow Enforcement,mitigates,T1566.003,Spearphishing via Service,16.1,enterprise,,,,[],,,01/13/2022,04/16/2025
1976,nist_800_53,rev5,Access Control,AC-02,Account Management,mitigates,T1566.003,Spearphishing via Service,16.1,enterprise,,,,[],,,01/13/2022,04/16/2025
1977,nist_800_53,rev5,Access Control,AC-06,Least Privilege,mitigates,T1566.003,Spearphishing via Service,16.1,enterprise,,,,[],,,01/13/2022,04/16/2025
1978,nist_800_53,rev5,Access Control,AC-03,Access Enforcement,mitigates,T1572,Protocol Tunneling,16.1,enterprise,,,,[],,,01/13/2022,04/16/2025
1979,nist_800_53,rev5,Access Control,AC-04,Information Flow Enforcement,mitigates,T1572,Protocol Tunneling,16.1,enterprise,,,,[],,,01/13/2022,04/16/2025
1980,nist_800_53,rev5,Access Control,AC-04,Information Flow Enforcement,mitigates,T1573,Encrypted Channel,16.1,enterprise,,,,[],,,01/13/2022,04/16/2025
1981,nist_800_53,rev5,Access Control,AC-03,Access Enforcement,mitigates,T1574.014,AppDomainManager,16.1,enterprise,,,,[],,,01/13/2022,04/16/2025
1982,nist_800_53,rev5,Access Control,AC-06,Least Privilege,mitigates,T1574.014,AppDomainManager,16.1,enterprise,,,,[],,,01/13/2022,04/16/2025
1983,nist_800_53,rev5,Access Control,AC-06,Least Privilege,mitigates,T1578.005,Modify Cloud Compute Configurations,16.1,enterprise,,,,[],,,01/13/2022,04/16/2025
1984,nist_800_53,rev5,Access Control,AC-03,Access Enforcement,mitigates,T1578.005,Modify Cloud Compute Configurations,16.1,enterprise,,,,[],,,01/13/2022,04/16/2025
1985,nist_800_53,rev5,Access Control,AC-02,Account Management,mitigates,T1578.005,Modify Cloud Compute Configurations,16.1,enterprise,,,,[],,,01/13/2022,04/16/2025
1986,nist_800_53,rev5,Access Control,AC-04,Information Flow Enforcement,mitigates,T1590.002,DNS,16.1,enterprise,,,,[],,,01/13/2022,04/16/2025
1987,nist_800_53,rev5,Access Control,AC-04,Information Flow Enforcement,mitigates,T1598.003,Spearphishing Link,16.1,enterprise,,,,[],,,01/13/2022,04/16/2025
1988,nist_800_53,rev5,Access Control,AC-02,Account Management,mitigates,T1606.002,SAML Tokens,16.1,enterprise,,,,[],,,01/13/2022,04/16/2025
1989,nist_800_53,rev5,Access Control,AC-03,Access Enforcement,mitigates,T1606.002,SAML Tokens,16.1,enterprise,,,,[],,,01/13/2022,04/16/2025
1990,nist_800_53,rev5,Access Control,AC-06,Least Privilege,mitigates,T1606.002,SAML Tokens,16.1,enterprise,,,,[],,,01/13/2022,04/16/2025
1991,nist_800_53,rev5,Access Control,AC-02,Account Management,mitigates,T1610,Deploy Container,16.1,enterprise,,,,[],,,01/13/2022,04/16/2025
1992,nist_800_53,rev5,Access Control,AC-03,Access Enforcement,mitigates,T1610,Deploy Container,16.1,enterprise,,,,[],,,01/13/2022,04/16/2025
1993,nist_800_53,rev5,Access Control,AC-06,Least Privilege,mitigates,T1610,Deploy Container,16.1,enterprise,,,,[],,,01/13/2022,04/16/2025
1994,nist_800_53,rev5,Access Control,AC-02,Account Management,mitigates,T1611,Escape to Host,16.1,enterprise,,,,[],,,01/13/2022,04/16/2025
1995,nist_800_53,rev5,Access Control,AC-03,Access Enforcement,mitigates,T1611,Escape to Host,16.1,enterprise,,,,[],,,01/13/2022,04/16/2025
1996,nist_800_53,rev5,Access Control,AC-04,Information Flow Enforcement,mitigates,T1611,Escape to Host,16.1,enterprise,,,,[],,,01/13/2022,04/16/2025
1997,nist_800_53,rev5,Access Control,AC-05,Separation of Duties,mitigates,T1611,Escape to Host,16.1,enterprise,,,,[],,,01/13/2022,04/16/2025
1998,nist_800_53,rev5,Access Control,AC-06,Least Privilege,mitigates,T1611,Escape to Host,16.1,enterprise,,,,[],,,01/13/2022,04/16/2025
1999,nist_800_53,rev5,Access Control,AC-02,Account Management,mitigates,T1621,Multi-Factor Authentication Request Generation,16.1,enterprise,,,,[],,,01/13/2022,04/16/2025
2000,nist_800_53,rev5,Access Control,AC-06,Least Privilege,mitigates,T1621,Multi-Factor Authentication Request Generation,16.1,enterprise,,,,[],,,01/13/2022,04/16/2025
2001,nist_800_53,rev5,Access Control,AC-02,Account Management,mitigates,T1648,Serverless Execution,16.1,enterprise,,,,[],,,01/13/2022,04/16/2025
2002,nist_800_53,rev5,Access Control,AC-03,Access Enforcement,mitigates,T1648,Serverless Execution,16.1,enterprise,,,,[],,,01/13/2022,04/16/2025
2003,nist_800_53,rev5,Access Control,AC-06,Least Privilege,mitigates,T1648,Serverless Execution,16.1,enterprise,,,,[],,,01/13/2022,04/16/2025
2004,nist_800_53,rev5,Access Control,AC-06,Least Privilege,mitigates,T1651,Cloud Administration Command,16.1,enterprise,,,,[],,,01/13/2022,04/16/2025
2005,nist_800_53,rev5,Access Control,AC-03,Access Enforcement,mitigates,T1651,Cloud Administration Command,16.1,enterprise,,,,[],,,01/13/2022,04/16/2025
2006,nist_800_53,rev5,Access Control,AC-02,Account Management,mitigates,T1651,Cloud Administration Command,16.1,enterprise,,,,[],,,01/13/2022,04/16/2025
2007,nist_800_53,rev5,Access Control,AC-02,Account Management,mitigates,T1654,Log Enumeration,16.1,enterprise,,,,[],,,01/13/2022,04/16/2025
2008,nist_800_53,rev5,Access Control,AC-04,Information Flow Enforcement,mitigates,T1654,Log Enumeration,16.1,enterprise,,,,[],,,01/13/2022,04/16/2025
2009,nist_800_53,rev5,Access Control,AC-03,Access Enforcement,mitigates,T1654,Log Enumeration,16.1,enterprise,,,,[],,,01/13/2022,04/16/2025
2010,nist_800_53,rev5,Access Control,AC-06,Least Privilege,mitigates,T1654,Log Enumeration,16.1,enterprise,,,,[],,,01/13/2022,04/16/2025
2011,nist_800_53,rev5,Access Control,AC-06,Least Privilege,mitigates,T1657,Financial Theft,16.1,enterprise,,,,[],,,01/13/2022,04/16/2025
2012,nist_800_53,rev5,Access Control,AC-05,Separation of Duties,mitigates,T1657,Financial Theft,16.1,enterprise,,,,[],,,01/13/2022,04/16/2025
2013,nist_800_53,rev5,System and Communications Protection,SC-07,Boundary Protection,mitigates,T1001.001,Junk Data,16.1,enterprise,,,,[],,,01/13/2022,04/16/2025
2014,nist_800_53,rev5,System and Communications Protection,SC-07,Boundary Protection,mitigates,T1001.003,Protocol or Service Impersonation,16.1,enterprise,,,,[],,,01/13/2022,04/16/2025
2015,nist_800_53,rev5,System and Communications Protection,SC-07,Boundary Protection,mitigates,T1020.001,Traffic Duplication,16.1,enterprise,,,,[],,,01/13/2022,04/16/2025
2016,nist_800_53,rev5,System and Communications Protection,SC-07,Boundary Protection,mitigates,T1071,Application Layer Protocol,16.1,enterprise,,,,[],,,01/13/2022,04/16/2025
2017,nist_800_53,rev5,System and Communications Protection,SC-07,Boundary Protection,mitigates,T1071.002,File Transfer Protocols,16.1,enterprise,,,,[],,,01/13/2022,04/16/2025
2018,nist_800_53,rev5,System and Communications Protection,SC-07,Boundary Protection,mitigates,T1071.003,Mail Protocols,16.1,enterprise,,,,[],,,01/13/2022,04/16/2025
2019,nist_800_53,rev5,System and Communications Protection,SC-07,Boundary Protection,mitigates,T1071.005,Publish/Subscribe Protocols,16.1,enterprise,,,,[],,,01/13/2022,04/16/2025
2020,nist_800_53,rev5,System and Communications Protection,SC-07,Boundary Protection,mitigates,T1072,Software Deployment Tools,16.1,enterprise,,,,[],,,01/13/2022,04/16/2025
2021,nist_800_53,rev5,System and Communications Protection,SC-07,Boundary Protection,mitigates,T1078,Valid Accounts,16.1,enterprise,,,,[],,,01/13/2022,04/16/2025
2022,nist_800_53,rev5,System and Communications Protection,SC-07,Boundary Protection,mitigates,T1090.003,Multi-hop Proxy,16.1,enterprise,,,,[],,,01/13/2022,04/16/2025
2023,nist_800_53,rev5,System and Communications Protection,SC-07,Boundary Protection,mitigates,T1098,Account Manipulation,16.1,enterprise,,,,[],,,01/13/2022,04/16/2025
2024,nist_800_53,rev5,System and Communications Protection,SC-07,Boundary Protection,mitigates,T1098.001,Additional Cloud Credentials,16.1,enterprise,,,,[],,,01/13/2022,04/16/2025
2025,nist_800_53,rev5,System and Communications Protection,SC-07,Boundary Protection,mitigates,T1102,Web Service,16.1,enterprise,,,,[],,,01/13/2022,04/16/2025
2026,nist_800_53,rev5,System and Communications Protection,SC-07,Boundary Protection,mitigates,T1105,Ingress Tool Transfer,16.1,enterprise,,,,[],,,01/13/2022,04/16/2025
2027,nist_800_53,rev5,System and Communications Protection,SC-07,Boundary Protection,mitigates,T1114,Email Collection,16.1,enterprise,,,,[],,,01/13/2022,04/16/2025
2028,nist_800_53,rev5,System and Communications Protection,SC-07,Boundary Protection,mitigates,T1114.003,Email Forwarding Rule,16.1,enterprise,,,,[],,,01/13/2022,04/16/2025
2029,nist_800_53,rev5,System and Communications Protection,SC-07,Boundary Protection,mitigates,T1136,Create Account,16.1,enterprise,,,,[],,,01/13/2022,04/16/2025
2030,nist_800_53,rev5,System and Communications Protection,SC-07,Boundary Protection,mitigates,T1136.002,Domain Account,16.1,enterprise,,,,[],,,01/13/2022,04/16/2025
2031,nist_800_53,rev5,System and Communications Protection,SC-07,Boundary Protection,mitigates,T1136.003,Cloud Account,16.1,enterprise,,,,[],,,01/13/2022,04/16/2025
2032,nist_800_53,rev5,System and Communications Protection,SC-07,Boundary Protection,mitigates,T1176,Browser Extensions,16.1,enterprise,,,,[],,,01/13/2022,04/16/2025
2033,nist_800_53,rev5,System and Communications Protection,SC-07,Boundary Protection,mitigates,T1190,Exploit Public-Facing Application,16.1,enterprise,,,,[],,,01/13/2022,04/16/2025
2034,nist_800_53,rev5,System and Communications Protection,SC-07,Boundary Protection,mitigates,T1203,Exploitation for Client Execution,16.1,enterprise,,,,[],,,01/13/2022,04/16/2025
2035,nist_800_53,rev5,System and Communications Protection,SC-07,Boundary Protection,mitigates,T1204,User Execution,16.1,enterprise,,,,[],,,01/13/2022,04/16/2025
2036,nist_800_53,rev5,System and Communications Protection,SC-07,Boundary Protection,mitigates,T1204.002,Malicious File,16.1,enterprise,,,,[],,,01/13/2022,04/16/2025
2037,nist_800_53,rev5,System and Communications Protection,SC-07,Boundary Protection,mitigates,T1218,System Binary Proxy Execution,16.1,enterprise,,,,[],,,01/13/2022,04/16/2025
2038,nist_800_53,rev5,System and Communications Protection,SC-07,Boundary Protection,mitigates,T1218.015,Electron Applications,16.1,enterprise,,,,[],,,01/13/2022,04/16/2025
2039,nist_800_53,rev5,System and Communications Protection,SC-07,Boundary Protection,mitigates,T1219,Remote Access Software,16.1,enterprise,,,,[],,,01/13/2022,04/16/2025
2040,nist_800_53,rev5,System and Communications Protection,SC-07,Boundary Protection,mitigates,T1489,Service Stop,16.1,enterprise,,,,[],,,01/13/2022,04/16/2025
2041,nist_800_53,rev5,System and Communications Protection,SC-07,Boundary Protection,mitigates,T1530,Data from Cloud Storage,16.1,enterprise,,,,[],,,01/13/2022,04/16/2025
2042,nist_800_53,rev5,System and Communications Protection,SC-07,Boundary Protection,mitigates,T1537,Transfer Data to Cloud Account,16.1,enterprise,,,,[],,,01/13/2022,04/16/2025
2043,nist_800_53,rev5,System and Communications Protection,SC-07,Boundary Protection,mitigates,T1542,Pre-OS Boot,16.1,enterprise,,,,[],,,01/13/2022,04/16/2025
2044,nist_800_53,rev5,System and Communications Protection,SC-07,Boundary Protection,mitigates,T1552,Unsecured Credentials,16.1,enterprise,,,,[],,,01/13/2022,04/16/2025
2045,nist_800_53,rev5,System and Communications Protection,SC-07,Boundary Protection,mitigates,T1552.001,Credentials In Files,16.1,enterprise,,,,[],,,01/13/2022,04/16/2025
2046,nist_800_53,rev5,System and Communications Protection,SC-07,Boundary Protection,mitigates,T1552.004,Private Keys,16.1,enterprise,,,,[],,,01/13/2022,04/16/2025
2047,nist_800_53,rev5,System and Communications Protection,SC-07,Boundary Protection,mitigates,T1557,Adversary-in-the-Middle,16.1,enterprise,,,,[],,,01/13/2022,04/16/2025
2048,nist_800_53,rev5,System and Communications Protection,SC-07,Boundary Protection,mitigates,T1557.004,Evil Twin,16.1,enterprise,,,,[],,,01/13/2022,04/16/2025
2049,nist_800_53,rev5,System and Communications Protection,SC-07,Boundary Protection,mitigates,T1560,Archive Collected Data,16.1,enterprise,,,,[],,,01/13/2022,04/16/2025
2050,nist_800_53,rev5,System and Communications Protection,SC-07,Boundary Protection,mitigates,T1563,Remote Service Session Hijacking,16.1,enterprise,,,,[],,,01/13/2022,04/16/2025
2051,nist_800_53,rev5,System and Communications Protection,SC-07,Boundary Protection,mitigates,T1565,Data Manipulation,16.1,enterprise,,,,[],,,01/13/2022,04/16/2025
2052,nist_800_53,rev5,System and Communications Protection,SC-07,Boundary Protection,mitigates,T1566,Phishing,16.1,enterprise,,,,[],,,01/13/2022,04/16/2025
2053,nist_800_53,rev5,System and Communications Protection,SC-07,Boundary Protection,mitigates,T1566.001,Spearphishing Attachment,16.1,enterprise,,,,[],,,01/13/2022,04/16/2025
2054,nist_800_53,rev5,System and Communications Protection,SC-07,Boundary Protection,mitigates,T1566.002,Spearphishing Link,16.1,enterprise,,,,[],,,01/13/2022,04/16/2025
2055,nist_800_53,rev5,System and Communications Protection,SC-07,Boundary Protection,mitigates,T1566.003,Spearphishing via Service,16.1,enterprise,,,,[],,,01/13/2022,04/16/2025
2056,nist_800_53,rev5,System and Communications Protection,SC-07,Boundary Protection,mitigates,T1572,Protocol Tunneling,16.1,enterprise,,,,[],,,01/13/2022,04/16/2025
2057,nist_800_53,rev5,System and Communications Protection,SC-07,Boundary Protection,mitigates,T1573,Encrypted Channel,16.1,enterprise,,,,[],,,01/13/2022,04/16/2025
2058,nist_800_53,rev5,System and Communications Protection,SC-07,Boundary Protection,mitigates,T1598.003,Spearphishing Link,16.1,enterprise,,,,[],,,01/13/2022,04/16/2025
2059,nist_800_53,rev5,System and Communications Protection,SC-07,Boundary Protection,mitigates,T1610,Deploy Container,16.1,enterprise,,,,[],,,01/13/2022,04/16/2025
2060,nist_800_53,rev5,System and Communications Protection,SC-07,Boundary Protection,mitigates,T1611,Escape to Host,16.1,enterprise,,,,[],,,01/13/2022,04/16/2025
2061,nist_800_53,rev5,System and Communications Protection,SC-07,Boundary Protection,mitigates,T1648,Serverless Execution,16.1,enterprise,,,,[],,,01/13/2022,04/16/2025
2062,nist_800_53,rev5,Configuration Management,CM-03,Configuration Change Control,mitigates,T1059.006,Python,16.1,enterprise,,,,[],,,01/13/2022,04/16/2025
2063,nist_800_53,rev5,Configuration Management,CM-03,Configuration Change Control,mitigates,T1176,Browser Extensions,16.1,enterprise,,,,[],,,01/13/2022,04/16/2025
2064,nist_800_53,rev5,Configuration Management,CM-03,Configuration Change Control,mitigates,T1195,Supply Chain Compromise,16.1,enterprise,,,,[],,,01/13/2022,04/16/2025
2065,nist_800_53,rev5,Configuration Management,CM-03,Configuration Change Control,mitigates,T1213,Data from Information Repositories,16.1,enterprise,,,,[],,,01/13/2022,04/16/2025
2066,nist_800_53,rev5,Configuration Management,CM-03,Configuration Change Control,mitigates,T1213.001,Confluence,16.1,enterprise,,,,[],,,01/13/2022,04/16/2025
2067,nist_800_53,rev5,Configuration Management,CM-03,Configuration Change Control,mitigates,T1213.002,Sharepoint,16.1,enterprise,,,,[],,,01/13/2022,04/16/2025
2068,nist_800_53,rev5,Configuration Management,CM-03,Configuration Change Control,mitigates,T1213.005,Messaging Applications,16.1,enterprise,,,,[],,,01/13/2022,04/16/2025
2069,nist_800_53,rev5,Configuration Management,CM-03,Configuration Change Control,mitigates,T1542,Pre-OS Boot,16.1,enterprise,,,,[],,,01/13/2022,04/16/2025
2070,nist_800_53,rev5,Configuration Management,CM-03,Configuration Change Control,mitigates,T1542.001,System Firmware,16.1,enterprise,,,,[],,,01/13/2022,04/16/2025
2071,nist_800_53,rev5,Configuration Management,CM-03,Configuration Change Control,mitigates,T1543,Create or Modify System Process,16.1,enterprise,,,,[],,,01/13/2022,04/16/2025
2072,nist_800_53,rev5,Configuration Management,CM-03,Configuration Change Control,mitigates,T1543.002,Systemd Service,16.1,enterprise,,,,[],,,01/13/2022,04/16/2025
2073,nist_800_53,rev5,Configuration Management,CM-03,Configuration Change Control,mitigates,T1546,Event Triggered Execution,16.1,enterprise,,,,[],,,01/13/2022,04/16/2025
2074,nist_800_53,rev5,Configuration Management,CM-03,Configuration Change Control,mitigates,T1548,Abuse Elevation Control Mechanism,16.1,enterprise,,,,[],,,01/13/2022,04/16/2025
2075,nist_800_53,rev5,Configuration Management,CM-03,Configuration Change Control,mitigates,T1553,Subvert Trust Controls,16.1,enterprise,,,,[],,,01/13/2022,04/16/2025
2076,nist_800_53,rev5,Configuration Management,CM-03,Configuration Change Control,mitigates,T1555,Credentials from Password Stores,16.1,enterprise,,,,[],,,01/13/2022,04/16/2025
2077,nist_800_53,rev5,Configuration Management,CM-03,Configuration Change Control,mitigates,T1578.005,Modify Cloud Compute Configurations,16.1,enterprise,,,,[],,,01/13/2022,04/16/2025
2078,nist_800_53,rev5,Security Assessment and Authorization,CA-07,Continuous Monitoring,mitigates,T1001.002,Steganography,16.1,enterprise,,,,[],,,01/13/2022,04/16/2025
2079,nist_800_53,rev5,Security Assessment and Authorization,CA-07,Continuous Monitoring,mitigates,T1003.002,Security Account Manager,16.1,enterprise,,,,[],,,01/13/2022,04/16/2025
2080,nist_800_53,rev5,Security Assessment and Authorization,CA-07,Continuous Monitoring,mitigates,T1003.003,NTDS,16.1,enterprise,,,,[],,,01/13/2022,04/16/2025
2081,nist_800_53,rev5,Security Assessment and Authorization,CA-07,Continuous Monitoring,mitigates,T1003.004,LSA Secrets,16.1,enterprise,,,,[],,,01/13/2022,04/16/2025
2082,nist_800_53,rev5,Security Assessment and Authorization,CA-07,Continuous Monitoring,mitigates,T1003.006,DCSync,16.1,enterprise,,,,[],,,01/13/2022,04/16/2025
2083,nist_800_53,rev5,Security Assessment and Authorization,CA-07,Continuous Monitoring,mitigates,T1003.008,/etc/passwd and /etc/shadow,16.1,enterprise,,,,[],,,01/13/2022,04/16/2025
2084,nist_800_53,rev5,Security Assessment and Authorization,CA-07,Continuous Monitoring,mitigates,T1008,Fallback Channels,16.1,enterprise,,,,[],,,01/13/2022,04/16/2025
2085,nist_800_53,rev5,Security Assessment and Authorization,CA-07,Continuous Monitoring,mitigates,T1021.002,SMB/Windows Admin Shares,16.1,enterprise,,,,[],,,01/13/2022,04/16/2025
2086,nist_800_53,rev5,Security Assessment and Authorization,CA-07,Continuous Monitoring,mitigates,T1021.005,VNC,16.1,enterprise,,,,[],,,01/13/2022,04/16/2025
2087,nist_800_53,rev5,Security Assessment and Authorization,CA-07,Continuous Monitoring,mitigates,T1029,Scheduled Transfer,16.1,enterprise,,,,[],,,01/13/2022,04/16/2025
2088,nist_800_53,rev5,Security Assessment and Authorization,CA-07,Continuous Monitoring,mitigates,T1030,Data Transfer Size Limits,16.1,enterprise,,,,[],,,01/13/2022,04/16/2025
2089,nist_800_53,rev5,Security Assessment and Authorization,CA-07,Continuous Monitoring,mitigates,T1036.003,Rename System Utilities,16.1,enterprise,,,,[],,,01/13/2022,04/16/2025
2090,nist_800_53,rev5,Security Assessment and Authorization,CA-07,Continuous Monitoring,mitigates,T1036.005,Match Legitimate Name or Location,16.1,enterprise,,,,[],,,01/13/2022,04/16/2025
2091,nist_800_53,rev5,Security Assessment and Authorization,CA-07,Continuous Monitoring,mitigates,T1036.007,Double File Extension,16.1,enterprise,,,,[],,,01/13/2022,04/16/2025
2092,nist_800_53,rev5,Security Assessment and Authorization,CA-07,Continuous Monitoring,mitigates,T1037.002,Login Hook,16.1,enterprise,,,,[],,,01/13/2022,04/16/2025
2093,nist_800_53,rev5,Security Assessment and Authorization,CA-07,Continuous Monitoring,mitigates,T1037.003,Network Logon Script,16.1,enterprise,,,,[],,,01/13/2022,04/16/2025
2094,nist_800_53,rev5,Security Assessment and Authorization,CA-07,Continuous Monitoring,mitigates,T1037.004,RC Scripts,16.1,enterprise,,,,[],,,01/13/2022,04/16/2025
2095,nist_800_53,rev5,Security Assessment and Authorization,CA-07,Continuous Monitoring,mitigates,T1037.005,Startup Items,16.1,enterprise,,,,[],,,01/13/2022,04/16/2025
2096,nist_800_53,rev5,Security Assessment and Authorization,CA-07,Continuous Monitoring,mitigates,T1041,Exfiltration Over C2 Channel,16.1,enterprise,,,,[],,,01/13/2022,04/16/2025
2097,nist_800_53,rev5,Security Assessment and Authorization,CA-07,Continuous Monitoring,mitigates,T1046,Network Service Discovery,16.1,enterprise,,,,[],,,01/13/2022,04/16/2025
2098,nist_800_53,rev5,Security Assessment and Authorization,CA-07,Continuous Monitoring,mitigates,T1048,Exfiltration Over Alternative Protocol,16.1,enterprise,,,,[],,,01/13/2022,04/16/2025
2099,nist_800_53,rev5,Security Assessment and Authorization,CA-07,Continuous Monitoring,mitigates,T1048.001,Exfiltration Over Symmetric Encrypted Non-C2 Protocol,16.1,enterprise,,,,[],,,01/13/2022,04/16/2025
2100,nist_800_53,rev5,Security Assessment and Authorization,CA-07,Continuous Monitoring,mitigates,T1048.002,Exfiltration Over Asymmetric Encrypted Non-C2 Protocol,16.1,enterprise,,,,[],,,01/13/2022,04/16/2025
2101,nist_800_53,rev5,Security Assessment and Authorization,CA-07,Continuous Monitoring,mitigates,T1048.003,Exfiltration Over Unencrypted Non-C2 Protocol,16.1,enterprise,,,,[],,,01/13/2022,04/16/2025
2102,nist_800_53,rev5,Security Assessment and Authorization,CA-07,Continuous Monitoring,mitigates,T1052,Exfiltration Over Physical Medium,16.1,enterprise,,,,[],,,01/13/2022,04/16/2025
2103,nist_800_53,rev5,Security Assessment and Authorization,CA-07,Continuous Monitoring,mitigates,T1052.001,Exfiltration over USB,16.1,enterprise,,,,[],,,01/13/2022,04/16/2025
2104,nist_800_53,rev5,Security Assessment and Authorization,CA-07,Continuous Monitoring,mitigates,T1053.006,Systemd Timers,16.1,enterprise,,,,[],,,01/13/2022,04/16/2025
2105,nist_800_53,rev5,Security Assessment and Authorization,CA-07,Continuous Monitoring,mitigates,T1055.009,Proc Memory,16.1,enterprise,,,,[],,,01/13/2022,04/16/2025
2106,nist_800_53,rev5,Security Assessment and Authorization,CA-07,Continuous Monitoring,mitigates,T1059.005,Visual Basic,16.1,enterprise,,,,[],,,01/13/2022,04/16/2025
2107,nist_800_53,rev5,Security Assessment and Authorization,CA-07,Continuous Monitoring,mitigates,T1059.007,JavaScript,16.1,enterprise,,,,[],,,01/13/2022,04/16/2025
2108,nist_800_53,rev5,Security Assessment and Authorization,CA-07,Continuous Monitoring,mitigates,T1068,Exploitation for Privilege Escalation,16.1,enterprise,,,,[],,,01/13/2022,04/16/2025
2109,nist_800_53,rev5,Security Assessment and Authorization,CA-07,Continuous Monitoring,mitigates,T1070,Indicator Removal,16.1,enterprise,,,,[],,,01/13/2022,04/16/2025
2110,nist_800_53,rev5,Security Assessment and Authorization,CA-07,Continuous Monitoring,mitigates,T1070.002,Clear Linux or Mac System Logs,16.1,enterprise,,,,[],,,01/13/2022,04/16/2025
2111,nist_800_53,rev5,Security Assessment and Authorization,CA-07,Continuous Monitoring,mitigates,T1070.007,Clear Network Connection History and Configurations,16.1,enterprise,,,,[],,,01/13/2022,04/16/2025
2112,nist_800_53,rev5,Security Assessment and Authorization,CA-07,Continuous Monitoring,mitigates,T1070.008,Clear Mailbox Data,16.1,enterprise,,,,[],,,01/13/2022,04/16/2025
2113,nist_800_53,rev5,Security Assessment and Authorization,CA-07,Continuous Monitoring,mitigates,T1070.009,Clear Persistence,16.1,enterprise,,,,[],,,01/13/2022,04/16/2025
2114,nist_800_53,rev5,Security Assessment and Authorization,CA-07,Continuous Monitoring,mitigates,T1071.001,Web Protocols,16.1,enterprise,,,,[],,,01/13/2022,04/16/2025
2115,nist_800_53,rev5,Security Assessment and Authorization,CA-07,Continuous Monitoring,mitigates,T1071.004,DNS,16.1,enterprise,,,,[],,,01/13/2022,04/16/2025
2116,nist_800_53,rev5,Security Assessment and Authorization,CA-07,Continuous Monitoring,mitigates,T1080,Taint Shared Content,16.1,enterprise,,,,[],,,01/13/2022,04/16/2025
2117,nist_800_53,rev5,Security Assessment and Authorization,CA-07,Continuous Monitoring,mitigates,T1090,Proxy,16.1,enterprise,,,,[],,,01/13/2022,04/16/2025
2118,nist_800_53,rev5,Security Assessment and Authorization,CA-07,Continuous Monitoring,mitigates,T1090.001,Internal Proxy,16.1,enterprise,,,,[],,,01/13/2022,04/16/2025
2119,nist_800_53,rev5,Security Assessment and Authorization,CA-07,Continuous Monitoring,mitigates,T1090.002,External Proxy,16.1,enterprise,,,,[],,,01/13/2022,04/16/2025
2120,nist_800_53,rev5,Security Assessment and Authorization,CA-07,Continuous Monitoring,mitigates,T1095,Non-Application Layer Protocol,16.1,enterprise,,,,[],,,01/13/2022,04/16/2025
2121,nist_800_53,rev5,Security Assessment and Authorization,CA-07,Continuous Monitoring,mitigates,T1102.001,Dead Drop Resolver,16.1,enterprise,,,,[],,,01/13/2022,04/16/2025
2122,nist_800_53,rev5,Security Assessment and Authorization,CA-07,Continuous Monitoring,mitigates,T1102.002,Bidirectional Communication,16.1,enterprise,,,,[],,,01/13/2022,04/16/2025
2123,nist_800_53,rev5,Security Assessment and Authorization,CA-07,Continuous Monitoring,mitigates,T1102.003,One-Way Communication,16.1,enterprise,,,,[],,,01/13/2022,04/16/2025
2124,nist_800_53,rev5,Security Assessment and Authorization,CA-07,Continuous Monitoring,mitigates,T1104,Multi-Stage Channels,16.1,enterprise,,,,[],,,01/13/2022,04/16/2025
2125,nist_800_53,rev5,Security Assessment and Authorization,CA-07,Continuous Monitoring,mitigates,T1110.001,Password Guessing,16.1,enterprise,,,,[],,,01/13/2022,04/16/2025
2126,nist_800_53,rev5,Security Assessment and Authorization,CA-07,Continuous Monitoring,mitigates,T1110.002,Password Cracking,16.1,enterprise,,,,[],,,01/13/2022,04/16/2025
2127,nist_800_53,rev5,Security Assessment and Authorization,CA-07,Continuous Monitoring,mitigates,T1110.003,Password Spraying,16.1,enterprise,,,,[],,,01/13/2022,04/16/2025
2128,nist_800_53,rev5,Security Assessment and Authorization,CA-07,Continuous Monitoring,mitigates,T1110.004,Credential Stuffing,16.1,enterprise,,,,[],,,01/13/2022,04/16/2025
2129,nist_800_53,rev5,Security Assessment and Authorization,CA-07,Continuous Monitoring,mitigates,T1111,Multi-Factor Authentication Interception,16.1,enterprise,,,,[],,,01/13/2022,04/16/2025
2130,nist_800_53,rev5,Security Assessment and Authorization,CA-07,Continuous Monitoring,mitigates,T1132,Data Encoding,16.1,enterprise,,,,[],,,01/13/2022,04/16/2025
2131,nist_800_53,rev5,Security Assessment and Authorization,CA-07,Continuous Monitoring,mitigates,T1132.001,Standard Encoding,16.1,enterprise,,,,[],,,01/13/2022,04/16/2025
2132,nist_800_53,rev5,Security Assessment and Authorization,CA-07,Continuous Monitoring,mitigates,T1132.002,Non-Standard Encoding,16.1,enterprise,,,,[],,,01/13/2022,04/16/2025
2133,nist_800_53,rev5,Security Assessment and Authorization,CA-07,Continuous Monitoring,mitigates,T1185,Browser Session Hijacking,16.1,enterprise,,,,[],,,01/13/2022,04/16/2025
2134,nist_800_53,rev5,Security Assessment and Authorization,CA-07,Continuous Monitoring,mitigates,T1187,Forced Authentication,16.1,enterprise,,,,[],,,01/13/2022,04/16/2025
2135,nist_800_53,rev5,Security Assessment and Authorization,CA-07,Continuous Monitoring,mitigates,T1189,Drive-by Compromise,16.1,enterprise,,,,[],,,01/13/2022,04/16/2025
2136,nist_800_53,rev5,Security Assessment and Authorization,CA-07,Continuous Monitoring,mitigates,T1195.002,Compromise Software Supply Chain,16.1,enterprise,,,,[],,,01/13/2022,04/16/2025
2137,nist_800_53,rev5,Security Assessment and Authorization,CA-07,Continuous Monitoring,mitigates,T1197,BITS Jobs,16.1,enterprise,,,,[],,,01/13/2022,04/16/2025
2138,nist_800_53,rev5,Security Assessment and Authorization,CA-07,Continuous Monitoring,mitigates,T1201,Password Policy Discovery,16.1,enterprise,,,,[],,,01/13/2022,04/16/2025
2139,nist_800_53,rev5,Security Assessment and Authorization,CA-07,Continuous Monitoring,mitigates,T1204.001,Malicious Link,16.1,enterprise,,,,[],,,01/13/2022,04/16/2025
2140,nist_800_53,rev5,Security Assessment and Authorization,CA-07,Continuous Monitoring,mitigates,T1204.003,Malicious Image,16.1,enterprise,,,,[],,,01/13/2022,04/16/2025
2141,nist_800_53,rev5,Security Assessment and Authorization,CA-07,Continuous Monitoring,mitigates,T1205,Traffic Signaling,16.1,enterprise,,,,[],,,01/13/2022,04/16/2025
2142,nist_800_53,rev5,Security Assessment and Authorization,CA-07,Continuous Monitoring,mitigates,T1205.001,Port Knocking,16.1,enterprise,,,,[],,,01/13/2022,04/16/2025
2143,nist_800_53,rev5,Security Assessment and Authorization,CA-07,Continuous Monitoring,mitigates,T1210,Exploitation of Remote Services,16.1,enterprise,,,,[],,,01/13/2022,04/16/2025
2144,nist_800_53,rev5,Security Assessment and Authorization,CA-07,Continuous Monitoring,mitigates,T1211,Exploitation for Defense Evasion,16.1,enterprise,,,,[],,,01/13/2022,04/16/2025
2145,nist_800_53,rev5,Security Assessment and Authorization,CA-07,Continuous Monitoring,mitigates,T1212,Exploitation for Credential Access,16.1,enterprise,,,,[],,,01/13/2022,04/16/2025
2146,nist_800_53,rev5,Security Assessment and Authorization,CA-07,Continuous Monitoring,mitigates,T1218.002,Control Panel,16.1,enterprise,,,,[],,,01/13/2022,04/16/2025
2147,nist_800_53,rev5,Security Assessment and Authorization,CA-07,Continuous Monitoring,mitigates,T1218.010,Regsvr32,16.1,enterprise,,,,[],,,01/13/2022,04/16/2025
2148,nist_800_53,rev5,Security Assessment and Authorization,CA-07,Continuous Monitoring,mitigates,T1218.012,Verclsid,16.1,enterprise,,,,[],,,01/13/2022,04/16/2025
2149,nist_800_53,rev5,Security Assessment and Authorization,CA-07,Continuous Monitoring,mitigates,T1221,Template Injection,16.1,enterprise,,,,[],,,01/13/2022,04/16/2025
2150,nist_800_53,rev5,Security Assessment and Authorization,CA-07,Continuous Monitoring,mitigates,T1222,File and Directory Permissions Modification,16.1,enterprise,,,,[],,,01/13/2022,04/16/2025
2151,nist_800_53,rev5,Security Assessment and Authorization,CA-07,Continuous Monitoring,mitigates,T1222.001,Windows File and Directory Permissions Modification,16.1,enterprise,,,,[],,,01/13/2022,04/16/2025
2152,nist_800_53,rev5,Security Assessment and Authorization,CA-07,Continuous Monitoring,mitigates,T1222.002,Linux and Mac File and Directory Permissions Modification,16.1,enterprise,,,,[],,,01/13/2022,04/16/2025
2153,nist_800_53,rev5,Security Assessment and Authorization,CA-07,Continuous Monitoring,mitigates,T1498,Network Denial of Service,16.1,enterprise,,,,[],,,01/13/2022,04/16/2025
2154,nist_800_53,rev5,Security Assessment and Authorization,CA-07,Continuous Monitoring,mitigates,T1498.001,Direct Network Flood,16.1,enterprise,,,,[],,,01/13/2022,04/16/2025
2155,nist_800_53,rev5,Security Assessment and Authorization,CA-07,Continuous Monitoring,mitigates,T1498.002,Reflection Amplification,16.1,enterprise,,,,[],,,01/13/2022,04/16/2025
2156,nist_800_53,rev5,Security Assessment and Authorization,CA-07,Continuous Monitoring,mitigates,T1499,Endpoint Denial of Service,16.1,enterprise,,,,[],,,01/13/2022,04/16/2025
2157,nist_800_53,rev5,Security Assessment and Authorization,CA-07,Continuous Monitoring,mitigates,T1499.001,OS Exhaustion Flood,16.1,enterprise,,,,[],,,01/13/2022,04/16/2025
2158,nist_800_53,rev5,Security Assessment and Authorization,CA-07,Continuous Monitoring,mitigates,T1499.002,Service Exhaustion Flood,16.1,enterprise,,,,[],,,01/13/2022,04/16/2025
2159,nist_800_53,rev5,Security Assessment and Authorization,CA-07,Continuous Monitoring,mitigates,T1499.003,Application Exhaustion Flood,16.1,enterprise,,,,[],,,01/13/2022,04/16/2025
2160,nist_800_53,rev5,Security Assessment and Authorization,CA-07,Continuous Monitoring,mitigates,T1499.004,Application or System Exploitation,16.1,enterprise,,,,[],,,01/13/2022,04/16/2025
2161,nist_800_53,rev5,Security Assessment and Authorization,CA-07,Continuous Monitoring,mitigates,T1542.004,ROMMONkit,16.1,enterprise,,,,[],,,01/13/2022,04/16/2025
2162,nist_800_53,rev5,Security Assessment and Authorization,CA-07,Continuous Monitoring,mitigates,T1542.005,TFTP Boot,16.1,enterprise,,,,[],,,01/13/2022,04/16/2025
2163,nist_800_53,rev5,Security Assessment and Authorization,CA-07,Continuous Monitoring,mitigates,T1546.004,Unix Shell Configuration Modification,16.1,enterprise,,,,[],,,01/13/2022,04/16/2025
2164,nist_800_53,rev5,Security Assessment and Authorization,CA-07,Continuous Monitoring,mitigates,T1546.013,PowerShell Profile,16.1,enterprise,,,,[],,,01/13/2022,04/16/2025
2165,nist_800_53,rev5,Security Assessment and Authorization,CA-07,Continuous Monitoring,mitigates,T1547.013,XDG Autostart Entries,16.1,enterprise,,,,[],,,01/13/2022,04/16/2025
2166,nist_800_53,rev5,Security Assessment and Authorization,CA-07,Continuous Monitoring,mitigates,T1548.003,Sudo and Sudo Caching,16.1,enterprise,,,,[],,,01/13/2022,04/16/2025
2167,nist_800_53,rev5,Security Assessment and Authorization,CA-07,Continuous Monitoring,mitigates,T1550.003,Pass the Ticket,16.1,enterprise,,,,[],,,01/13/2022,04/16/2025
2168,nist_800_53,rev5,Security Assessment and Authorization,CA-07,Continuous Monitoring,mitigates,T1552.002,Credentials in Registry,16.1,enterprise,,,,[],,,01/13/2022,04/16/2025
2169,nist_800_53,rev5,Security Assessment and Authorization,CA-07,Continuous Monitoring,mitigates,T1552.005,Cloud Instance Metadata API,16.1,enterprise,,,,[],,,01/13/2022,04/16/2025
2170,nist_800_53,rev5,Security Assessment and Authorization,CA-07,Continuous Monitoring,mitigates,T1553.003,SIP and Trust Provider Hijacking,16.1,enterprise,,,,[],,,01/13/2022,04/16/2025
2171,nist_800_53,rev5,Security Assessment and Authorization,CA-07,Continuous Monitoring,mitigates,T1555.001,Keychain,16.1,enterprise,,,,[],,,01/13/2022,04/16/2025
2172,nist_800_53,rev5,Security Assessment and Authorization,CA-07,Continuous Monitoring,mitigates,T1557.001,LLMNR/NBT-NS Poisoning and SMB Relay,16.1,enterprise,,,,[],,,01/13/2022,04/16/2025
2173,nist_800_53,rev5,Security Assessment and Authorization,CA-07,Continuous Monitoring,mitigates,T1557.002,ARP Cache Poisoning,16.1,enterprise,,,,[],,,01/13/2022,04/16/2025
2174,nist_800_53,rev5,Security Assessment and Authorization,CA-07,Continuous Monitoring,mitigates,T1557.003,DHCP Spoofing,16.1,enterprise,,,,[],,,01/13/2022,04/16/2025
2175,nist_800_53,rev5,Security Assessment and Authorization,CA-07,Continuous Monitoring,mitigates,T1558.002,Silver Ticket,16.1,enterprise,,,,[],,,01/13/2022,04/16/2025
2176,nist_800_53,rev5,Security Assessment and Authorization,CA-07,Continuous Monitoring,mitigates,T1558.003,Kerberoasting,16.1,enterprise,,,,[],,,01/13/2022,04/16/2025
2177,nist_800_53,rev5,Security Assessment and Authorization,CA-07,Continuous Monitoring,mitigates,T1558.004,AS-REP Roasting,16.1,enterprise,,,,[],,,01/13/2022,04/16/2025
2178,nist_800_53,rev5,Security Assessment and Authorization,CA-07,Continuous Monitoring,mitigates,T1562.001,Disable or Modify Tools,16.1,enterprise,,,,[],,,01/13/2022,04/16/2025
2179,nist_800_53,rev5,Security Assessment and Authorization,CA-07,Continuous Monitoring,mitigates,T1562.002,Disable Windows Event Logging,16.1,enterprise,,,,[],,,01/13/2022,04/16/2025
2180,nist_800_53,rev5,Security Assessment and Authorization,CA-07,Continuous Monitoring,mitigates,T1563.001,SSH Hijacking,16.1,enterprise,,,,[],,,01/13/2022,04/16/2025
2181,nist_800_53,rev5,Security Assessment and Authorization,CA-07,Continuous Monitoring,mitigates,T1564.010,Process Argument Spoofing,16.1,enterprise,,,,[],,,01/13/2022,04/16/2025
2182,nist_800_53,rev5,Security Assessment and Authorization,CA-07,Continuous Monitoring,mitigates,T1565.001,Stored Data Manipulation,16.1,enterprise,,,,[],,,01/13/2022,04/16/2025
2183,nist_800_53,rev5,Security Assessment and Authorization,CA-07,Continuous Monitoring,mitigates,T1565.003,Runtime Data Manipulation,16.1,enterprise,,,,[],,,01/13/2022,04/16/2025
2184,nist_800_53,rev5,Security Assessment and Authorization,CA-07,Continuous Monitoring,mitigates,T1567,Exfiltration Over Web Service,16.1,enterprise,,,,[],,,01/13/2022,04/16/2025
2185,nist_800_53,rev5,Security Assessment and Authorization,CA-07,Continuous Monitoring,mitigates,T1568,Dynamic Resolution,16.1,enterprise,,,,[],,,01/13/2022,04/16/2025
2186,nist_800_53,rev5,Security Assessment and Authorization,CA-07,Continuous Monitoring,mitigates,T1568.002,Domain Generation Algorithms,16.1,enterprise,,,,[],,,01/13/2022,04/16/2025
2187,nist_800_53,rev5,Security Assessment and Authorization,CA-07,Continuous Monitoring,mitigates,T1569,System Services,16.1,enterprise,,,,[],,,01/13/2022,04/16/2025
2188,nist_800_53,rev5,Security Assessment and Authorization,CA-07,Continuous Monitoring,mitigates,T1569.002,Service Execution,16.1,enterprise,,,,[],,,01/13/2022,04/16/2025
2189,nist_800_53,rev5,Security Assessment and Authorization,CA-07,Continuous Monitoring,mitigates,T1570,Lateral Tool Transfer,16.1,enterprise,,,,[],,,01/13/2022,04/16/2025
2190,nist_800_53,rev5,Security Assessment and Authorization,CA-07,Continuous Monitoring,mitigates,T1571,Non-Standard Port,16.1,enterprise,,,,[],,,01/13/2022,04/16/2025
2191,nist_800_53,rev5,Security Assessment and Authorization,CA-07,Continuous Monitoring,mitigates,T1573.001,Symmetric Cryptography,16.1,enterprise,,,,[],,,01/13/2022,04/16/2025
2192,nist_800_53,rev5,Security Assessment and Authorization,CA-07,Continuous Monitoring,mitigates,T1573.002,Asymmetric Cryptography,16.1,enterprise,,,,[],,,01/13/2022,04/16/2025
2193,nist_800_53,rev5,Security Assessment and Authorization,CA-07,Continuous Monitoring,mitigates,T1574,Hijack Execution Flow,16.1,enterprise,,,,[],,,01/13/2022,04/16/2025
2194,nist_800_53,rev5,Security Assessment and Authorization,CA-07,Continuous Monitoring,mitigates,T1574.004,Dylib Hijacking,16.1,enterprise,,,,[],,,01/13/2022,04/16/2025
2195,nist_800_53,rev5,Security Assessment and Authorization,CA-07,Continuous Monitoring,mitigates,T1574.007,Path Interception by PATH Environment Variable,16.1,enterprise,,,,[],,,01/13/2022,04/16/2025
2196,nist_800_53,rev5,Security Assessment and Authorization,CA-07,Continuous Monitoring,mitigates,T1574.008,Path Interception by Search Order Hijacking,16.1,enterprise,,,,[],,,01/13/2022,04/16/2025
2197,nist_800_53,rev5,Security Assessment and Authorization,CA-07,Continuous Monitoring,mitigates,T1574.009,Path Interception by Unquoted Path,16.1,enterprise,,,,[],,,01/13/2022,04/16/2025
2198,nist_800_53,rev5,Security Assessment and Authorization,CA-07,Continuous Monitoring,mitigates,T1574.013,KernelCallbackTable,16.1,enterprise,,,,[],,,01/13/2022,04/16/2025
2199,nist_800_53,rev5,Security Assessment and Authorization,CA-07,Continuous Monitoring,mitigates,T1598,Phishing for Information,16.1,enterprise,,,,[],,,01/13/2022,04/16/2025
2200,nist_800_53,rev5,Security Assessment and Authorization,CA-07,Continuous Monitoring,mitigates,T1598.001,Spearphishing Service,16.1,enterprise,,,,[],,,01/13/2022,04/16/2025
2201,nist_800_53,rev5,Security Assessment and Authorization,CA-07,Continuous Monitoring,mitigates,T1598.002,Spearphishing Attachment,16.1,enterprise,,,,[],,,01/13/2022,04/16/2025
2202,nist_800_53,rev5,Security Assessment and Authorization,CA-07,Continuous Monitoring,mitigates,T1599,Network Boundary Bridging,16.1,enterprise,,,,[],,,01/13/2022,04/16/2025
2203,nist_800_53,rev5,Security Assessment and Authorization,CA-07,Continuous Monitoring,mitigates,T1599.001,Network Address Translation Traversal,16.1,enterprise,,,,[],,,01/13/2022,04/16/2025
2204,nist_800_53,rev5,Security Assessment and Authorization,CA-07,Continuous Monitoring,mitigates,T1602,Data from Configuration Repository,16.1,enterprise,,,,[],,,01/13/2022,04/16/2025
2205,nist_800_53,rev5,Security Assessment and Authorization,CA-07,Continuous Monitoring,mitigates,T1602.001,SNMP (MIB Dump),16.1,enterprise,,,,[],,,01/13/2022,04/16/2025
2206,nist_800_53,rev5,Security Assessment and Authorization,CA-07,Continuous Monitoring,mitigates,T1602.002,Network Device Configuration Dump,16.1,enterprise,,,,[],,,01/13/2022,04/16/2025
2207,nist_800_53,rev5,Security Assessment and Authorization,CA-07,Continuous Monitoring,mitigates,T1622,Debugger Evasion,16.1,enterprise,,,,[],,,01/13/2022,04/16/2025
2208,nist_800_53,rev5,Security Assessment and Authorization,CA-07,Continuous Monitoring,mitigates,T1647,Plist File Modification,16.1,enterprise,,,,[],,,01/13/2022,04/16/2025
2209,nist_800_53,rev5,Configuration Management,CM-06,Configuration Settings,mitigates,T1001.002,Steganography,16.1,enterprise,,,,[],,,01/13/2022,04/16/2025
2210,nist_800_53,rev5,Configuration Management,CM-06,Configuration Settings,mitigates,T1003.002,Security Account Manager,16.1,enterprise,,,,[],,,01/13/2022,04/16/2025
2211,nist_800_53,rev5,Configuration Management,CM-06,Configuration Settings,mitigates,T1003.003,NTDS,16.1,enterprise,,,,[],,,01/13/2022,04/16/2025
2212,nist_800_53,rev5,Configuration Management,CM-06,Configuration Settings,mitigates,T1003.004,LSA Secrets,16.1,enterprise,,,,[],,,01/13/2022,04/16/2025
2213,nist_800_53,rev5,Configuration Management,CM-06,Configuration Settings,mitigates,T1003.006,DCSync,16.1,enterprise,,,,[],,,01/13/2022,04/16/2025
2214,nist_800_53,rev5,Configuration Management,CM-06,Configuration Settings,mitigates,T1003.008,/etc/passwd and /etc/shadow,16.1,enterprise,,,,[],,,01/13/2022,04/16/2025
2215,nist_800_53,rev5,Configuration Management,CM-06,Configuration Settings,mitigates,T1008,Fallback Channels,16.1,enterprise,,,,[],,,01/13/2022,04/16/2025
2216,nist_800_53,rev5,Configuration Management,CM-06,Configuration Settings,mitigates,T1011,Exfiltration Over Other Network Medium,16.1,enterprise,,,,[],,,01/13/2022,04/16/2025
2217,nist_800_53,rev5,Configuration Management,CM-06,Configuration Settings,mitigates,T1011.001,Exfiltration Over Bluetooth,16.1,enterprise,,,,[],,,01/13/2022,04/16/2025
2218,nist_800_53,rev5,Configuration Management,CM-06,Configuration Settings,mitigates,T1021.001,Remote Desktop Protocol,16.1,enterprise,,,,[],,,01/13/2022,04/16/2025
2219,nist_800_53,rev5,Configuration Management,CM-06,Configuration Settings,mitigates,T1021.002,SMB/Windows Admin Shares,16.1,enterprise,,,,[],,,01/13/2022,04/16/2025
2220,nist_800_53,rev5,Configuration Management,CM-06,Configuration Settings,mitigates,T1021.003,Distributed Component Object Model,16.1,enterprise,,,,[],,,01/13/2022,04/16/2025
2221,nist_800_53,rev5,Configuration Management,CM-06,Configuration Settings,mitigates,T1021.004,SSH,16.1,enterprise,,,,[],,,01/13/2022,04/16/2025
2222,nist_800_53,rev5,Configuration Management,CM-06,Configuration Settings,mitigates,T1021.005,VNC,16.1,enterprise,,,,[],,,01/13/2022,04/16/2025
2223,nist_800_53,rev5,Configuration Management,CM-06,Configuration Settings,mitigates,T1021.006,Windows Remote Management,16.1,enterprise,,,,[],,,01/13/2022,04/16/2025
2224,nist_800_53,rev5,Configuration Management,CM-06,Configuration Settings,mitigates,T1021.008,Direct Cloud VM Connections,16.1,enterprise,,,,[],,,01/13/2022,04/16/2025
2225,nist_800_53,rev5,Configuration Management,CM-06,Configuration Settings,mitigates,T1027.010,Command Obfuscation,16.1,enterprise,,,,[],,,01/13/2022,04/16/2025
2226,nist_800_53,rev5,Configuration Management,CM-06,Configuration Settings,mitigates,T1029,Scheduled Transfer,16.1,enterprise,,,,[],,,01/13/2022,04/16/2025
2227,nist_800_53,rev5,Configuration Management,CM-06,Configuration Settings,mitigates,T1030,Data Transfer Size Limits,16.1,enterprise,,,,[],,,01/13/2022,04/16/2025
2228,nist_800_53,rev5,Configuration Management,CM-06,Configuration Settings,mitigates,T1036.001,Invalid Code Signature,16.1,enterprise,,,,[],,,01/13/2022,04/16/2025
2229,nist_800_53,rev5,Configuration Management,CM-06,Configuration Settings,mitigates,T1036.003,Rename System Utilities,16.1,enterprise,,,,[],,,01/13/2022,04/16/2025
2230,nist_800_53,rev5,Configuration Management,CM-06,Configuration Settings,mitigates,T1036.005,Match Legitimate Name or Location,16.1,enterprise,,,,[],,,01/13/2022,04/16/2025
2231,nist_800_53,rev5,Configuration Management,CM-06,Configuration Settings,mitigates,T1036.007,Double File Extension,16.1,enterprise,,,,[],,,01/13/2022,04/16/2025
2232,nist_800_53,rev5,Configuration Management,CM-06,Configuration Settings,mitigates,T1037.002,Login Hook,16.1,enterprise,,,,[],,,01/13/2022,04/16/2025
2233,nist_800_53,rev5,Configuration Management,CM-06,Configuration Settings,mitigates,T1037.003,Network Logon Script,16.1,enterprise,,,,[],,,01/13/2022,04/16/2025
2234,nist_800_53,rev5,Configuration Management,CM-06,Configuration Settings,mitigates,T1037.004,RC Scripts,16.1,enterprise,,,,[],,,01/13/2022,04/16/2025
2235,nist_800_53,rev5,Configuration Management,CM-06,Configuration Settings,mitigates,T1037.005,Startup Items,16.1,enterprise,,,,[],,,01/13/2022,04/16/2025
2236,nist_800_53,rev5,Configuration Management,CM-06,Configuration Settings,mitigates,T1046,Network Service Discovery,16.1,enterprise,,,,[],,,01/13/2022,04/16/2025
2237,nist_800_53,rev5,Configuration Management,CM-06,Configuration Settings,mitigates,T1048,Exfiltration Over Alternative Protocol,16.1,enterprise,,,,[],,,01/13/2022,04/16/2025
2238,nist_800_53,rev5,Configuration Management,CM-06,Configuration Settings,mitigates,T1048.001,Exfiltration Over Symmetric Encrypted Non-C2 Protocol,16.1,enterprise,,,,[],,,01/13/2022,04/16/2025
2239,nist_800_53,rev5,Configuration Management,CM-06,Configuration Settings,mitigates,T1048.002,Exfiltration Over Asymmetric Encrypted Non-C2 Protocol,16.1,enterprise,,,,[],,,01/13/2022,04/16/2025
2240,nist_800_53,rev5,Configuration Management,CM-06,Configuration Settings,mitigates,T1048.003,Exfiltration Over Unencrypted Non-C2 Protocol,16.1,enterprise,,,,[],,,01/13/2022,04/16/2025
2241,nist_800_53,rev5,Configuration Management,CM-06,Configuration Settings,mitigates,T1052,Exfiltration Over Physical Medium,16.1,enterprise,,,,[],,,01/13/2022,04/16/2025
2242,nist_800_53,rev5,Configuration Management,CM-06,Configuration Settings,mitigates,T1052.001,Exfiltration over USB,16.1,enterprise,,,,[],,,01/13/2022,04/16/2025
2243,nist_800_53,rev5,Configuration Management,CM-06,Configuration Settings,mitigates,T1053.006,Systemd Timers,16.1,enterprise,,,,[],,,01/13/2022,04/16/2025
2244,nist_800_53,rev5,Configuration Management,CM-06,Configuration Settings,mitigates,T1055,Process Injection,16.1,enterprise,,,,[],,,01/13/2022,04/16/2025
2245,nist_800_53,rev5,Configuration Management,CM-06,Configuration Settings,mitigates,T1055.008,Ptrace System Calls,16.1,enterprise,,,,[],,,01/13/2022,04/16/2025
2246,nist_800_53,rev5,Configuration Management,CM-06,Configuration Settings,mitigates,T1056.003,Web Portal Capture,16.1,enterprise,,,,[],,,01/13/2022,04/16/2025
2247,nist_800_53,rev5,Configuration Management,CM-06,Configuration Settings,mitigates,T1059.001,PowerShell,16.1,enterprise,,,,[],,,01/13/2022,04/16/2025
2248,nist_800_53,rev5,Configuration Management,CM-06,Configuration Settings,mitigates,T1059.002,AppleScript,16.1,enterprise,,,,[],,,01/13/2022,04/16/2025
2249,nist_800_53,rev5,Configuration Management,CM-06,Configuration Settings,mitigates,T1059.003,Windows Command Shell,16.1,enterprise,,,,[],,,01/13/2022,04/16/2025
2250,nist_800_53,rev5,Configuration Management,CM-06,Configuration Settings,mitigates,T1059.004,Unix Shell,16.1,enterprise,,,,[],,,01/13/2022,04/16/2025
2251,nist_800_53,rev5,Configuration Management,CM-06,Configuration Settings,mitigates,T1059.005,Visual Basic,16.1,enterprise,,,,[],,,01/13/2022,04/16/2025
2252,nist_800_53,rev5,Configuration Management,CM-06,Configuration Settings,mitigates,T1059.007,JavaScript,16.1,enterprise,,,,[],,,01/13/2022,04/16/2025
2253,nist_800_53,rev5,Configuration Management,CM-06,Configuration Settings,mitigates,T1059.008,Network Device CLI,16.1,enterprise,,,,[],,,01/13/2022,04/16/2025
2254,nist_800_53,rev5,Configuration Management,CM-06,Configuration Settings,mitigates,T1068,Exploitation for Privilege Escalation,16.1,enterprise,,,,[],,,01/13/2022,04/16/2025
2255,nist_800_53,rev5,Configuration Management,CM-06,Configuration Settings,mitigates,T1070,Indicator Removal,16.1,enterprise,,,,[],,,01/13/2022,04/16/2025
2256,nist_800_53,rev5,Configuration Management,CM-06,Configuration Settings,mitigates,T1070.002,Clear Linux or Mac System Logs,16.1,enterprise,,,,[],,,01/13/2022,04/16/2025
2257,nist_800_53,rev5,Configuration Management,CM-06,Configuration Settings,mitigates,T1070.007,Clear Network Connection History and Configurations,16.1,enterprise,,,,[],,,01/13/2022,04/16/2025
2258,nist_800_53,rev5,Configuration Management,CM-06,Configuration Settings,mitigates,T1070.008,Clear Mailbox Data,16.1,enterprise,,,,[],,,01/13/2022,04/16/2025
2259,nist_800_53,rev5,Configuration Management,CM-06,Configuration Settings,mitigates,T1070.009,Clear Persistence,16.1,enterprise,,,,[],,,01/13/2022,04/16/2025
2260,nist_800_53,rev5,Configuration Management,CM-06,Configuration Settings,mitigates,T1071.001,Web Protocols,16.1,enterprise,,,,[],,,01/13/2022,04/16/2025
2261,nist_800_53,rev5,Configuration Management,CM-06,Configuration Settings,mitigates,T1071.004,DNS,16.1,enterprise,,,,[],,,01/13/2022,04/16/2025
2262,nist_800_53,rev5,Configuration Management,CM-06,Configuration Settings,mitigates,T1078.002,Domain Accounts,16.1,enterprise,,,,[],,,01/13/2022,04/16/2025
2263,nist_800_53,rev5,Configuration Management,CM-06,Configuration Settings,mitigates,T1090,Proxy,16.1,enterprise,,,,[],,,01/13/2022,04/16/2025
2264,nist_800_53,rev5,Configuration Management,CM-06,Configuration Settings,mitigates,T1090.001,Internal Proxy,16.1,enterprise,,,,[],,,01/13/2022,04/16/2025
2265,nist_800_53,rev5,Configuration Management,CM-06,Configuration Settings,mitigates,T1090.002,External Proxy,16.1,enterprise,,,,[],,,01/13/2022,04/16/2025
2266,nist_800_53,rev5,Configuration Management,CM-06,Configuration Settings,mitigates,T1091,Replication Through Removable Media,16.1,enterprise,,,,[],,,01/13/2022,04/16/2025
2267,nist_800_53,rev5,Configuration Management,CM-06,Configuration Settings,mitigates,T1095,Non-Application Layer Protocol,16.1,enterprise,,,,[],,,01/13/2022,04/16/2025
2268,nist_800_53,rev5,Configuration Management,CM-06,Configuration Settings,mitigates,T1098.004,SSH Authorized Keys,16.1,enterprise,,,,[],,,01/13/2022,04/16/2025
2269,nist_800_53,rev5,Configuration Management,CM-06,Configuration Settings,mitigates,T1102.001,Dead Drop Resolver,16.1,enterprise,,,,[],,,01/13/2022,04/16/2025
2270,nist_800_53,rev5,Configuration Management,CM-06,Configuration Settings,mitigates,T1102.002,Bidirectional Communication,16.1,enterprise,,,,[],,,01/13/2022,04/16/2025
2271,nist_800_53,rev5,Configuration Management,CM-06,Configuration Settings,mitigates,T1102.003,One-Way Communication,16.1,enterprise,,,,[],,,01/13/2022,04/16/2025
2272,nist_800_53,rev5,Configuration Management,CM-06,Configuration Settings,mitigates,T1104,Multi-Stage Channels,16.1,enterprise,,,,[],,,01/13/2022,04/16/2025
2273,nist_800_53,rev5,Configuration Management,CM-06,Configuration Settings,mitigates,T1106,Native API,16.1,enterprise,,,,[],,,01/13/2022,04/16/2025
2274,nist_800_53,rev5,Configuration Management,CM-06,Configuration Settings,mitigates,T1110.001,Password Guessing,16.1,enterprise,,,,[],,,01/13/2022,04/16/2025
2275,nist_800_53,rev5,Configuration Management,CM-06,Configuration Settings,mitigates,T1110.002,Password Cracking,16.1,enterprise,,,,[],,,01/13/2022,04/16/2025
2276,nist_800_53,rev5,Configuration Management,CM-06,Configuration Settings,mitigates,T1110.003,Password Spraying,16.1,enterprise,,,,[],,,01/13/2022,04/16/2025
2277,nist_800_53,rev5,Configuration Management,CM-06,Configuration Settings,mitigates,T1110.004,Credential Stuffing,16.1,enterprise,,,,[],,,01/13/2022,04/16/2025
2278,nist_800_53,rev5,Configuration Management,CM-06,Configuration Settings,mitigates,T1111,Multi-Factor Authentication Interception,16.1,enterprise,,,,[],,,01/13/2022,04/16/2025
2279,nist_800_53,rev5,Configuration Management,CM-06,Configuration Settings,mitigates,T1127,Trusted Developer Utilities Proxy Execution,16.1,enterprise,,,,[],,,01/13/2022,04/16/2025
2280,nist_800_53,rev5,Configuration Management,CM-06,Configuration Settings,mitigates,T1127.001,MSBuild,16.1,enterprise,,,,[],,,01/13/2022,04/16/2025
2281,nist_800_53,rev5,Configuration Management,CM-06,Configuration Settings,mitigates,T1132,Data Encoding,16.1,enterprise,,,,[],,,01/13/2022,04/16/2025
2282,nist_800_53,rev5,Configuration Management,CM-06,Configuration Settings,mitigates,T1132.001,Standard Encoding,16.1,enterprise,,,,[],,,01/13/2022,04/16/2025
2283,nist_800_53,rev5,Configuration Management,CM-06,Configuration Settings,mitigates,T1132.002,Non-Standard Encoding,16.1,enterprise,,,,[],,,01/13/2022,04/16/2025
2284,nist_800_53,rev5,Configuration Management,CM-06,Configuration Settings,mitigates,T1133,External Remote Services,16.1,enterprise,,,,[],,,01/13/2022,04/16/2025
2285,nist_800_53,rev5,Configuration Management,CM-06,Configuration Settings,mitigates,T1134,Access Token Manipulation,16.1,enterprise,,,,[],,,01/13/2022,04/16/2025
2286,nist_800_53,rev5,Configuration Management,CM-06,Configuration Settings,mitigates,T1134.002,Create Process with Token,16.1,enterprise,,,,[],,,01/13/2022,04/16/2025
2287,nist_800_53,rev5,Configuration Management,CM-06,Configuration Settings,mitigates,T1134.005,SID-History Injection,16.1,enterprise,,,,[],,,01/13/2022,04/16/2025
2288,nist_800_53,rev5,Configuration Management,CM-06,Configuration Settings,mitigates,T1135,Network Share Discovery,16.1,enterprise,,,,[],,,01/13/2022,04/16/2025
2289,nist_800_53,rev5,Configuration Management,CM-06,Configuration Settings,mitigates,T1136.001,Local Account,16.1,enterprise,,,,[],,,01/13/2022,04/16/2025
2290,nist_800_53,rev5,Configuration Management,CM-06,Configuration Settings,mitigates,T1137,Office Application Startup,16.1,enterprise,,,,[],,,01/13/2022,04/16/2025
2291,nist_800_53,rev5,Configuration Management,CM-06,Configuration Settings,mitigates,T1137.001,Office Template Macros,16.1,enterprise,,,,[],,,01/13/2022,04/16/2025
2292,nist_800_53,rev5,Configuration Management,CM-06,Configuration Settings,mitigates,T1137.003,Outlook Forms,16.1,enterprise,,,,[],,,01/13/2022,04/16/2025
2293,nist_800_53,rev5,Configuration Management,CM-06,Configuration Settings,mitigates,T1137.004,Outlook Home Page,16.1,enterprise,,,,[],,,01/13/2022,04/16/2025
2294,nist_800_53,rev5,Configuration Management,CM-06,Configuration Settings,mitigates,T1137.005,Outlook Rules,16.1,enterprise,,,,[],,,01/13/2022,04/16/2025
2295,nist_800_53,rev5,Configuration Management,CM-06,Configuration Settings,mitigates,T1137.006,Add-ins,16.1,enterprise,,,,[],,,01/13/2022,04/16/2025
2296,nist_800_53,rev5,Configuration Management,CM-06,Configuration Settings,mitigates,T1187,Forced Authentication,16.1,enterprise,,,,[],,,01/13/2022,04/16/2025
2297,nist_800_53,rev5,Configuration Management,CM-06,Configuration Settings,mitigates,T1189,Drive-by Compromise,16.1,enterprise,,,,[],,,01/13/2022,04/16/2025
2298,nist_800_53,rev5,Configuration Management,CM-06,Configuration Settings,mitigates,T1197,BITS Jobs,16.1,enterprise,,,,[],,,01/13/2022,04/16/2025
2299,nist_800_53,rev5,Configuration Management,CM-06,Configuration Settings,mitigates,T1199,Trusted Relationship,16.1,enterprise,,,,[],,,01/13/2022,04/16/2025
2300,nist_800_53,rev5,Configuration Management,CM-06,Configuration Settings,mitigates,T1201,Password Policy Discovery,16.1,enterprise,,,,[],,,01/13/2022,04/16/2025
2301,nist_800_53,rev5,Configuration Management,CM-06,Configuration Settings,mitigates,T1204.001,Malicious Link,16.1,enterprise,,,,[],,,01/13/2022,04/16/2025
2302,nist_800_53,rev5,Configuration Management,CM-06,Configuration Settings,mitigates,T1204.003,Malicious Image,16.1,enterprise,,,,[],,,01/13/2022,04/16/2025
2303,nist_800_53,rev5,Configuration Management,CM-06,Configuration Settings,mitigates,T1205,Traffic Signaling,16.1,enterprise,,,,[],,,01/13/2022,04/16/2025
2304,nist_800_53,rev5,Configuration Management,CM-06,Configuration Settings,mitigates,T1205.001,Port Knocking,16.1,enterprise,,,,[],,,01/13/2022,04/16/2025
2305,nist_800_53,rev5,Configuration Management,CM-06,Configuration Settings,mitigates,T1210,Exploitation of Remote Services,16.1,enterprise,,,,[],,,01/13/2022,04/16/2025
2306,nist_800_53,rev5,Configuration Management,CM-06,Configuration Settings,mitigates,T1211,Exploitation for Defense Evasion,16.1,enterprise,,,,[],,,01/13/2022,04/16/2025
2307,nist_800_53,rev5,Configuration Management,CM-06,Configuration Settings,mitigates,T1212,Exploitation for Credential Access,16.1,enterprise,,,,[],,,01/13/2022,04/16/2025
2308,nist_800_53,rev5,Configuration Management,CM-06,Configuration Settings,mitigates,T1216,System Script Proxy Execution,16.1,enterprise,,,,[],,,01/13/2022,04/16/2025
2309,nist_800_53,rev5,Configuration Management,CM-06,Configuration Settings,mitigates,T1216.001,PubPrn,16.1,enterprise,,,,[],,,01/13/2022,04/16/2025
2310,nist_800_53,rev5,Configuration Management,CM-06,Configuration Settings,mitigates,T1218.001,Compiled HTML File,16.1,enterprise,,,,[],,,01/13/2022,04/16/2025
2311,nist_800_53,rev5,Configuration Management,CM-06,Configuration Settings,mitigates,T1218.002,Control Panel,16.1,enterprise,,,,[],,,01/13/2022,04/16/2025
2312,nist_800_53,rev5,Configuration Management,CM-06,Configuration Settings,mitigates,T1218.003,CMSTP,16.1,enterprise,,,,[],,,01/13/2022,04/16/2025
2313,nist_800_53,rev5,Configuration Management,CM-06,Configuration Settings,mitigates,T1218.004,InstallUtil,16.1,enterprise,,,,[],,,01/13/2022,04/16/2025
2314,nist_800_53,rev5,Configuration Management,CM-06,Configuration Settings,mitigates,T1218.005,Mshta,16.1,enterprise,,,,[],,,01/13/2022,04/16/2025
2315,nist_800_53,rev5,Configuration Management,CM-06,Configuration Settings,mitigates,T1218.007,Msiexec,16.1,enterprise,,,,[],,,01/13/2022,04/16/2025
2316,nist_800_53,rev5,Configuration Management,CM-06,Configuration Settings,mitigates,T1218.008,Odbcconf,16.1,enterprise,,,,[],,,01/13/2022,04/16/2025
2317,nist_800_53,rev5,Configuration Management,CM-06,Configuration Settings,mitigates,T1218.009,Regsvcs/Regasm,16.1,enterprise,,,,[],,,01/13/2022,04/16/2025
2318,nist_800_53,rev5,Configuration Management,CM-06,Configuration Settings,mitigates,T1218.012,Verclsid,16.1,enterprise,,,,[],,,01/13/2022,04/16/2025
2319,nist_800_53,rev5,Configuration Management,CM-06,Configuration Settings,mitigates,T1218.013,Mavinject,16.1,enterprise,,,,[],,,01/13/2022,04/16/2025
2320,nist_800_53,rev5,Configuration Management,CM-06,Configuration Settings,mitigates,T1218.014,MMC,16.1,enterprise,,,,[],,,01/13/2022,04/16/2025
2321,nist_800_53,rev5,Configuration Management,CM-06,Configuration Settings,mitigates,T1220,XSL Script Processing,16.1,enterprise,,,,[],,,01/13/2022,04/16/2025
2322,nist_800_53,rev5,Configuration Management,CM-06,Configuration Settings,mitigates,T1221,Template Injection,16.1,enterprise,,,,[],,,01/13/2022,04/16/2025
2323,nist_800_53,rev5,Configuration Management,CM-06,Configuration Settings,mitigates,T1222,File and Directory Permissions Modification,16.1,enterprise,,,,[],,,01/13/2022,04/16/2025
2324,nist_800_53,rev5,Configuration Management,CM-06,Configuration Settings,mitigates,T1222.001,Windows File and Directory Permissions Modification,16.1,enterprise,,,,[],,,01/13/2022,04/16/2025
2325,nist_800_53,rev5,Configuration Management,CM-06,Configuration Settings,mitigates,T1222.002,Linux and Mac File and Directory Permissions Modification,16.1,enterprise,,,,[],,,01/13/2022,04/16/2025
2326,nist_800_53,rev5,Configuration Management,CM-06,Configuration Settings,mitigates,T1482,Domain Trust Discovery,16.1,enterprise,,,,[],,,01/13/2022,04/16/2025
2327,nist_800_53,rev5,Configuration Management,CM-06,Configuration Settings,mitigates,T1495,Firmware Corruption,16.1,enterprise,,,,[],,,01/13/2022,04/16/2025
2328,nist_800_53,rev5,Configuration Management,CM-06,Configuration Settings,mitigates,T1498,Network Denial of Service,16.1,enterprise,,,,[],,,01/13/2022,04/16/2025
2329,nist_800_53,rev5,Configuration Management,CM-06,Configuration Settings,mitigates,T1498.001,Direct Network Flood,16.1,enterprise,,,,[],,,01/13/2022,04/16/2025
2330,nist_800_53,rev5,Configuration Management,CM-06,Configuration Settings,mitigates,T1498.002,Reflection Amplification,16.1,enterprise,,,,[],,,01/13/2022,04/16/2025
2331,nist_800_53,rev5,Configuration Management,CM-06,Configuration Settings,mitigates,T1499,Endpoint Denial of Service,16.1,enterprise,,,,[],,,01/13/2022,04/16/2025
2332,nist_800_53,rev5,Configuration Management,CM-06,Configuration Settings,mitigates,T1499.001,OS Exhaustion Flood,16.1,enterprise,,,,[],,,01/13/2022,04/16/2025
2333,nist_800_53,rev5,Configuration Management,CM-06,Configuration Settings,mitigates,T1499.002,Service Exhaustion Flood,16.1,enterprise,,,,[],,,01/13/2022,04/16/2025
2334,nist_800_53,rev5,Configuration Management,CM-06,Configuration Settings,mitigates,T1499.003,Application Exhaustion Flood,16.1,enterprise,,,,[],,,01/13/2022,04/16/2025
2335,nist_800_53,rev5,Configuration Management,CM-06,Configuration Settings,mitigates,T1499.004,Application or System Exploitation,16.1,enterprise,,,,[],,,01/13/2022,04/16/2025
2336,nist_800_53,rev5,Configuration Management,CM-06,Configuration Settings,mitigates,T1505,Server Software Component,16.1,enterprise,,,,[],,,01/13/2022,04/16/2025
2337,nist_800_53,rev5,Configuration Management,CM-06,Configuration Settings,mitigates,T1505.001,SQL Stored Procedures,16.1,enterprise,,,,[],,,01/13/2022,04/16/2025
2338,nist_800_53,rev5,Configuration Management,CM-06,Configuration Settings,mitigates,T1505.002,Transport Agent,16.1,enterprise,,,,[],,,01/13/2022,04/16/2025
2339,nist_800_53,rev5,Configuration Management,CM-06,Configuration Settings,mitigates,T1505.004,IIS Components,16.1,enterprise,,,,[],,,01/13/2022,04/16/2025
2340,nist_800_53,rev5,Configuration Management,CM-06,Configuration Settings,mitigates,T1505.005,Terminal Services DLL,16.1,enterprise,,,,[],,,01/13/2022,04/16/2025
2341,nist_800_53,rev5,Configuration Management,CM-06,Configuration Settings,mitigates,T1525,Implant Internal Image,16.1,enterprise,,,,[],,,01/13/2022,04/16/2025
2342,nist_800_53,rev5,Configuration Management,CM-06,Configuration Settings,mitigates,T1542.003,Bootkit,16.1,enterprise,,,,[],,,01/13/2022,04/16/2025
2343,nist_800_53,rev5,Configuration Management,CM-06,Configuration Settings,mitigates,T1542.004,ROMMONkit,16.1,enterprise,,,,[],,,01/13/2022,04/16/2025
2344,nist_800_53,rev5,Configuration Management,CM-06,Configuration Settings,mitigates,T1542.005,TFTP Boot,16.1,enterprise,,,,[],,,01/13/2022,04/16/2025
2345,nist_800_53,rev5,Configuration Management,CM-06,Configuration Settings,mitigates,T1546.002,Screensaver,16.1,enterprise,,,,[],,,01/13/2022,04/16/2025
2346,nist_800_53,rev5,Configuration Management,CM-06,Configuration Settings,mitigates,T1546.004,Unix Shell Configuration Modification,16.1,enterprise,,,,[],,,01/13/2022,04/16/2025
2347,nist_800_53,rev5,Configuration Management,CM-06,Configuration Settings,mitigates,T1546.006,LC_LOAD_DYLIB Addition,16.1,enterprise,,,,[],,,01/13/2022,04/16/2025
2348,nist_800_53,rev5,Configuration Management,CM-06,Configuration Settings,mitigates,T1546.008,Accessibility Features,16.1,enterprise,,,,[],,,01/13/2022,04/16/2025
2349,nist_800_53,rev5,Configuration Management,CM-06,Configuration Settings,mitigates,T1546.013,PowerShell Profile,16.1,enterprise,,,,[],,,01/13/2022,04/16/2025
2350,nist_800_53,rev5,Configuration Management,CM-06,Configuration Settings,mitigates,T1546.014,Emond,16.1,enterprise,,,,[],,,01/13/2022,04/16/2025
2351,nist_800_53,rev5,Configuration Management,CM-06,Configuration Settings,mitigates,T1547.002,Authentication Package,16.1,enterprise,,,,[],,,01/13/2022,04/16/2025
2352,nist_800_53,rev5,Configuration Management,CM-06,Configuration Settings,mitigates,T1547.005,Security Support Provider,16.1,enterprise,,,,[],,,01/13/2022,04/16/2025
2353,nist_800_53,rev5,Configuration Management,CM-06,Configuration Settings,mitigates,T1547.006,Kernel Modules and Extensions,16.1,enterprise,,,,[],,,01/13/2022,04/16/2025
2354,nist_800_53,rev5,Configuration Management,CM-06,Configuration Settings,mitigates,T1547.007,Re-opened Applications,16.1,enterprise,,,,[],,,01/13/2022,04/16/2025
2355,nist_800_53,rev5,Configuration Management,CM-06,Configuration Settings,mitigates,T1547.008,LSASS Driver,16.1,enterprise,,,,[],,,01/13/2022,04/16/2025
2356,nist_800_53,rev5,Configuration Management,CM-06,Configuration Settings,mitigates,T1547.013,XDG Autostart Entries,16.1,enterprise,,,,[],,,01/13/2022,04/16/2025
2357,nist_800_53,rev5,Configuration Management,CM-06,Configuration Settings,mitigates,T1548.001,Setuid and Setgid,16.1,enterprise,,,,[],,,01/13/2022,04/16/2025
2358,nist_800_53,rev5,Configuration Management,CM-06,Configuration Settings,mitigates,T1548.002,Bypass User Account Control,16.1,enterprise,,,,[],,,01/13/2022,04/16/2025
2359,nist_800_53,rev5,Configuration Management,CM-06,Configuration Settings,mitigates,T1548.003,Sudo and Sudo Caching,16.1,enterprise,,,,[],,,01/13/2022,04/16/2025
2360,nist_800_53,rev5,Configuration Management,CM-06,Configuration Settings,mitigates,T1548.004,Elevated Execution with Prompt,16.1,enterprise,,,,[],,,01/13/2022,04/16/2025
2361,nist_800_53,rev5,Configuration Management,CM-06,Configuration Settings,mitigates,T1550.002,Pass the Hash,16.1,enterprise,,,,[],,,01/13/2022,04/16/2025
2362,nist_800_53,rev5,Configuration Management,CM-06,Configuration Settings,mitigates,T1550.003,Pass the Ticket,16.1,enterprise,,,,[],,,01/13/2022,04/16/2025
2363,nist_800_53,rev5,Configuration Management,CM-06,Configuration Settings,mitigates,T1552.002,Credentials in Registry,16.1,enterprise,,,,[],,,01/13/2022,04/16/2025
2364,nist_800_53,rev5,Configuration Management,CM-06,Configuration Settings,mitigates,T1552.003,Bash History,16.1,enterprise,,,,[],,,01/13/2022,04/16/2025
2365,nist_800_53,rev5,Configuration Management,CM-06,Configuration Settings,mitigates,T1552.005,Cloud Instance Metadata API,16.1,enterprise,,,,[],,,01/13/2022,04/16/2025
2366,nist_800_53,rev5,Configuration Management,CM-06,Configuration Settings,mitigates,T1552.006,Group Policy Preferences,16.1,enterprise,,,,[],,,01/13/2022,04/16/2025
2367,nist_800_53,rev5,Configuration Management,CM-06,Configuration Settings,mitigates,T1552.007,Container API,16.1,enterprise,,,,[],,,01/13/2022,04/16/2025
2368,nist_800_53,rev5,Configuration Management,CM-06,Configuration Settings,mitigates,T1553.001,Gatekeeper Bypass,16.1,enterprise,,,,[],,,01/13/2022,04/16/2025
2369,nist_800_53,rev5,Configuration Management,CM-06,Configuration Settings,mitigates,T1553.003,SIP and Trust Provider Hijacking,16.1,enterprise,,,,[],,,01/13/2022,04/16/2025
2370,nist_800_53,rev5,Configuration Management,CM-06,Configuration Settings,mitigates,T1553.004,Install Root Certificate,16.1,enterprise,,,,[],,,01/13/2022,04/16/2025
2371,nist_800_53,rev5,Configuration Management,CM-06,Configuration Settings,mitigates,T1553.005,Mark-of-the-Web Bypass,16.1,enterprise,,,,[],,,01/13/2022,04/16/2025
2372,nist_800_53,rev5,Configuration Management,CM-06,Configuration Settings,mitigates,T1555.004,Windows Credential Manager,16.1,enterprise,,,,[],,,01/13/2022,04/16/2025
2373,nist_800_53,rev5,Configuration Management,CM-06,Configuration Settings,mitigates,T1556.002,Password Filter DLL,16.1,enterprise,,,,[],,,01/13/2022,04/16/2025
2374,nist_800_53,rev5,Configuration Management,CM-06,Configuration Settings,mitigates,T1556.003,Pluggable Authentication Modules,16.1,enterprise,,,,[],,,01/13/2022,04/16/2025
2375,nist_800_53,rev5,Configuration Management,CM-06,Configuration Settings,mitigates,T1556.004,Network Device Authentication,16.1,enterprise,,,,[],,,01/13/2022,04/16/2025
2376,nist_800_53,rev5,Configuration Management,CM-06,Configuration Settings,mitigates,T1556.008,Network Provider DLL,16.1,enterprise,,,,[],,,01/13/2022,04/16/2025
2377,nist_800_53,rev5,Configuration Management,CM-06,Configuration Settings,mitigates,T1557.001,LLMNR/NBT-NS Poisoning and SMB Relay,16.1,enterprise,,,,[],,,01/13/2022,04/16/2025
2378,nist_800_53,rev5,Configuration Management,CM-06,Configuration Settings,mitigates,T1557.002,ARP Cache Poisoning,16.1,enterprise,,,,[],,,01/13/2022,04/16/2025
2379,nist_800_53,rev5,Configuration Management,CM-06,Configuration Settings,mitigates,T1557.003,DHCP Spoofing,16.1,enterprise,,,,[],,,01/13/2022,04/16/2025
2380,nist_800_53,rev5,Configuration Management,CM-06,Configuration Settings,mitigates,T1558.001,Golden Ticket,16.1,enterprise,,,,[],,,01/13/2022,04/16/2025
2381,nist_800_53,rev5,Configuration Management,CM-06,Configuration Settings,mitigates,T1558.002,Silver Ticket,16.1,enterprise,,,,[],,,01/13/2022,04/16/2025
2382,nist_800_53,rev5,Configuration Management,CM-06,Configuration Settings,mitigates,T1558.003,Kerberoasting,16.1,enterprise,,,,[],,,01/13/2022,04/16/2025
2383,nist_800_53,rev5,Configuration Management,CM-06,Configuration Settings,mitigates,T1558.004,AS-REP Roasting,16.1,enterprise,,,,[],,,01/13/2022,04/16/2025
2384,nist_800_53,rev5,Configuration Management,CM-06,Configuration Settings,mitigates,T1559,Inter-Process Communication,16.1,enterprise,,,,[],,,01/13/2022,04/16/2025
2385,nist_800_53,rev5,Configuration Management,CM-06,Configuration Settings,mitigates,T1559.001,Component Object Model,16.1,enterprise,,,,[],,,01/13/2022,04/16/2025
2386,nist_800_53,rev5,Configuration Management,CM-06,Configuration Settings,mitigates,T1559.002,Dynamic Data Exchange,16.1,enterprise,,,,[],,,01/13/2022,04/16/2025
2387,nist_800_53,rev5,Configuration Management,CM-06,Configuration Settings,mitigates,T1559.003,XPC Services,16.1,enterprise,,,,[],,,01/13/2022,04/16/2025
2388,nist_800_53,rev5,Configuration Management,CM-06,Configuration Settings,mitigates,T1562.001,Disable or Modify Tools,16.1,enterprise,,,,[],,,01/13/2022,04/16/2025
2389,nist_800_53,rev5,Configuration Management,CM-06,Configuration Settings,mitigates,T1562.002,Disable Windows Event Logging,16.1,enterprise,,,,[],,,01/13/2022,04/16/2025
2390,nist_800_53,rev5,Configuration Management,CM-06,Configuration Settings,mitigates,T1562.003,Impair Command History Logging,16.1,enterprise,,,,[],,,01/13/2022,04/16/2025
2391,nist_800_53,rev5,Configuration Management,CM-06,Configuration Settings,mitigates,T1562.009,Safe Mode Boot,16.1,enterprise,,,,[],,,01/13/2022,04/16/2025
2392,nist_800_53,rev5,Configuration Management,CM-06,Configuration Settings,mitigates,T1562.010,Downgrade Attack,16.1,enterprise,,,,[],,,01/13/2022,04/16/2025
2393,nist_800_53,rev5,Configuration Management,CM-06,Configuration Settings,mitigates,T1562.011,Spoof Security Alerting,16.1,enterprise,,,,[],,,01/13/2022,04/16/2025
2394,nist_800_53,rev5,Configuration Management,CM-06,Configuration Settings,mitigates,T1562.012,Disable or Modify Linux Audit System,16.1,enterprise,,,,[],,,01/13/2022,04/16/2025
2395,nist_800_53,rev5,Configuration Management,CM-06,Configuration Settings,mitigates,T1563.001,SSH Hijacking,16.1,enterprise,,,,[],,,01/13/2022,04/16/2025
2396,nist_800_53,rev5,Configuration Management,CM-06,Configuration Settings,mitigates,T1563.002,RDP Hijacking,16.1,enterprise,,,,[],,,01/13/2022,04/16/2025
2397,nist_800_53,rev5,Configuration Management,CM-06,Configuration Settings,mitigates,T1564.002,Hidden Users,16.1,enterprise,,,,[],,,01/13/2022,04/16/2025
2398,nist_800_53,rev5,Configuration Management,CM-06,Configuration Settings,mitigates,T1564.006,Run Virtual Instance,16.1,enterprise,,,,[],,,01/13/2022,04/16/2025
2399,nist_800_53,rev5,Configuration Management,CM-06,Configuration Settings,mitigates,T1564.007,VBA Stomping,16.1,enterprise,,,,[],,,01/13/2022,04/16/2025
2400,nist_800_53,rev5,Configuration Management,CM-06,Configuration Settings,mitigates,T1564.009,Resource Forking,16.1,enterprise,,,,[],,,01/13/2022,04/16/2025
2401,nist_800_53,rev5,Configuration Management,CM-06,Configuration Settings,mitigates,T1565.001,Stored Data Manipulation,16.1,enterprise,,,,[],,,01/13/2022,04/16/2025
2402,nist_800_53,rev5,Configuration Management,CM-06,Configuration Settings,mitigates,T1565.002,Transmitted Data Manipulation,16.1,enterprise,,,,[],,,01/13/2022,04/16/2025
2403,nist_800_53,rev5,Configuration Management,CM-06,Configuration Settings,mitigates,T1565.003,Runtime Data Manipulation,16.1,enterprise,,,,[],,,01/13/2022,04/16/2025
2404,nist_800_53,rev5,Configuration Management,CM-06,Configuration Settings,mitigates,T1569,System Services,16.1,enterprise,,,,[],,,01/13/2022,04/16/2025
2405,nist_800_53,rev5,Configuration Management,CM-06,Configuration Settings,mitigates,T1569.002,Service Execution,16.1,enterprise,,,,[],,,01/13/2022,04/16/2025
2406,nist_800_53,rev5,Configuration Management,CM-06,Configuration Settings,mitigates,T1570,Lateral Tool Transfer,16.1,enterprise,,,,[],,,01/13/2022,04/16/2025
2407,nist_800_53,rev5,Configuration Management,CM-06,Configuration Settings,mitigates,T1571,Non-Standard Port,16.1,enterprise,,,,[],,,01/13/2022,04/16/2025
2408,nist_800_53,rev5,Configuration Management,CM-06,Configuration Settings,mitigates,T1573.001,Symmetric Cryptography,16.1,enterprise,,,,[],,,01/13/2022,04/16/2025
2409,nist_800_53,rev5,Configuration Management,CM-06,Configuration Settings,mitigates,T1573.002,Asymmetric Cryptography,16.1,enterprise,,,,[],,,01/13/2022,04/16/2025
2410,nist_800_53,rev5,Configuration Management,CM-06,Configuration Settings,mitigates,T1574,Hijack Execution Flow,16.1,enterprise,,,,[],,,01/13/2022,04/16/2025
2411,nist_800_53,rev5,Configuration Management,CM-06,Configuration Settings,mitigates,T1574.004,Dylib Hijacking,16.1,enterprise,,,,[],,,01/13/2022,04/16/2025
2412,nist_800_53,rev5,Configuration Management,CM-06,Configuration Settings,mitigates,T1574.005,Executable Installer File Permissions Weakness,16.1,enterprise,,,,[],,,01/13/2022,04/16/2025
2413,nist_800_53,rev5,Configuration Management,CM-06,Configuration Settings,mitigates,T1574.006,Dynamic Linker Hijacking,16.1,enterprise,,,,[],,,01/13/2022,04/16/2025
2414,nist_800_53,rev5,Configuration Management,CM-06,Configuration Settings,mitigates,T1574.007,Path Interception by PATH Environment Variable,16.1,enterprise,,,,[],,,01/13/2022,04/16/2025
2415,nist_800_53,rev5,Configuration Management,CM-06,Configuration Settings,mitigates,T1574.008,Path Interception by Search Order Hijacking,16.1,enterprise,,,,[],,,01/13/2022,04/16/2025
2416,nist_800_53,rev5,Configuration Management,CM-06,Configuration Settings,mitigates,T1574.009,Path Interception by Unquoted Path,16.1,enterprise,,,,[],,,01/13/2022,04/16/2025
2417,nist_800_53,rev5,Configuration Management,CM-06,Configuration Settings,mitigates,T1574.010,Services File Permissions Weakness,16.1,enterprise,,,,[],,,01/13/2022,04/16/2025
2418,nist_800_53,rev5,Configuration Management,CM-06,Configuration Settings,mitigates,T1598,Phishing for Information,16.1,enterprise,,,,[],,,01/13/2022,04/16/2025
2419,nist_800_53,rev5,Configuration Management,CM-06,Configuration Settings,mitigates,T1598.002,Spearphishing Attachment,16.1,enterprise,,,,[],,,01/13/2022,04/16/2025
2420,nist_800_53,rev5,Configuration Management,CM-06,Configuration Settings,mitigates,T1599,Network Boundary Bridging,16.1,enterprise,,,,[],,,01/13/2022,04/16/2025
2421,nist_800_53,rev5,Configuration Management,CM-06,Configuration Settings,mitigates,T1599.001,Network Address Translation Traversal,16.1,enterprise,,,,[],,,01/13/2022,04/16/2025
2422,nist_800_53,rev5,Configuration Management,CM-06,Configuration Settings,mitigates,T1601,Modify System Image,16.1,enterprise,,,,[],,,01/13/2022,04/16/2025
2423,nist_800_53,rev5,Configuration Management,CM-06,Configuration Settings,mitigates,T1601.001,Patch System Image,16.1,enterprise,,,,[],,,01/13/2022,04/16/2025
2424,nist_800_53,rev5,Configuration Management,CM-06,Configuration Settings,mitigates,T1601.002,Downgrade System Image,16.1,enterprise,,,,[],,,01/13/2022,04/16/2025
2425,nist_800_53,rev5,Configuration Management,CM-06,Configuration Settings,mitigates,T1602,Data from Configuration Repository,16.1,enterprise,,,,[],,,01/13/2022,04/16/2025
2426,nist_800_53,rev5,Configuration Management,CM-06,Configuration Settings,mitigates,T1602.001,SNMP (MIB Dump),16.1,enterprise,,,,[],,,01/13/2022,04/16/2025
2427,nist_800_53,rev5,Configuration Management,CM-06,Configuration Settings,mitigates,T1602.002,Network Device Configuration Dump,16.1,enterprise,,,,[],,,01/13/2022,04/16/2025
2428,nist_800_53,rev5,Configuration Management,CM-06,Configuration Settings,mitigates,T1609,Container Administration Command,16.1,enterprise,,,,[],,,01/13/2022,04/16/2025
2429,nist_800_53,rev5,Configuration Management,CM-06,Configuration Settings,mitigates,T1612,Build Image on Host,16.1,enterprise,,,,[],,,01/13/2022,04/16/2025
2430,nist_800_53,rev5,Configuration Management,CM-06,Configuration Settings,mitigates,T1613,Container and Resource Discovery,16.1,enterprise,,,,[],,,01/13/2022,04/16/2025
2431,nist_800_53,rev5,Configuration Management,CM-06,Configuration Settings,mitigates,T1622,Debugger Evasion,16.1,enterprise,,,,[],,,01/13/2022,04/16/2025
2432,nist_800_53,rev5,Configuration Management,CM-06,Configuration Settings,mitigates,T1647,Plist File Modification,16.1,enterprise,,,,[],,,01/13/2022,04/16/2025
2433,nist_800_53,rev5,Configuration Management,CM-05,Access Restrictions for Change,mitigates,T1003.002,Security Account Manager,16.1,enterprise,,,,[],,,01/13/2022,04/16/2025
2434,nist_800_53,rev5,Configuration Management,CM-05,Access Restrictions for Change,mitigates,T1003.003,NTDS,16.1,enterprise,,,,[],,,01/13/2022,04/16/2025
2435,nist_800_53,rev5,Configuration Management,CM-05,Access Restrictions for Change,mitigates,T1003.004,LSA Secrets,16.1,enterprise,,,,[],,,01/13/2022,04/16/2025
2436,nist_800_53,rev5,Configuration Management,CM-05,Access Restrictions for Change,mitigates,T1003.006,DCSync,16.1,enterprise,,,,[],,,01/13/2022,04/16/2025
2437,nist_800_53,rev5,Configuration Management,CM-05,Access Restrictions for Change,mitigates,T1003.008,/etc/passwd and /etc/shadow,16.1,enterprise,,,,[],,,01/13/2022,04/16/2025
2438,nist_800_53,rev5,Configuration Management,CM-05,Access Restrictions for Change,mitigates,T1021.001,Remote Desktop Protocol,16.1,enterprise,,,,[],,,01/13/2022,04/16/2025
2439,nist_800_53,rev5,Configuration Management,CM-05,Access Restrictions for Change,mitigates,T1021.002,SMB/Windows Admin Shares,16.1,enterprise,,,,[],,,01/13/2022,04/16/2025
2440,nist_800_53,rev5,Configuration Management,CM-05,Access Restrictions for Change,mitigates,T1021.003,Distributed Component Object Model,16.1,enterprise,,,,[],,,01/13/2022,04/16/2025
2441,nist_800_53,rev5,Configuration Management,CM-05,Access Restrictions for Change,mitigates,T1021.004,SSH,16.1,enterprise,,,,[],,,01/13/2022,04/16/2025
2442,nist_800_53,rev5,Configuration Management,CM-05,Access Restrictions for Change,mitigates,T1021.005,VNC,16.1,enterprise,,,,[],,,01/13/2022,04/16/2025
2443,nist_800_53,rev5,Configuration Management,CM-05,Access Restrictions for Change,mitigates,T1021.006,Windows Remote Management,16.1,enterprise,,,,[],,,01/13/2022,04/16/2025
2444,nist_800_53,rev5,Configuration Management,CM-05,Access Restrictions for Change,mitigates,T1021.008,Direct Cloud VM Connections,16.1,enterprise,,,,[],,,01/13/2022,04/16/2025
2445,nist_800_53,rev5,Configuration Management,CM-05,Access Restrictions for Change,mitigates,T1053.003,Cron,16.1,enterprise,,,,[],,,01/13/2022,04/16/2025
2446,nist_800_53,rev5,Configuration Management,CM-05,Access Restrictions for Change,mitigates,T1053.006,Systemd Timers,16.1,enterprise,,,,[],,,01/13/2022,04/16/2025
2447,nist_800_53,rev5,Configuration Management,CM-05,Access Restrictions for Change,mitigates,T1053.007,Container Orchestration Job,16.1,enterprise,,,,[],,,01/13/2022,04/16/2025
2448,nist_800_53,rev5,Configuration Management,CM-05,Access Restrictions for Change,mitigates,T1055,Process Injection,16.1,enterprise,,,,[],,,01/13/2022,04/16/2025
2449,nist_800_53,rev5,Configuration Management,CM-05,Access Restrictions for Change,mitigates,T1055.008,Ptrace System Calls,16.1,enterprise,,,,[],,,01/13/2022,04/16/2025
2450,nist_800_53,rev5,Configuration Management,CM-05,Access Restrictions for Change,mitigates,T1056.003,Web Portal Capture,16.1,enterprise,,,,[],,,01/13/2022,04/16/2025
2451,nist_800_53,rev5,Configuration Management,CM-05,Access Restrictions for Change,mitigates,T1059.001,PowerShell,16.1,enterprise,,,,[],,,01/13/2022,04/16/2025
2452,nist_800_53,rev5,Configuration Management,CM-05,Access Restrictions for Change,mitigates,T1059.008,Network Device CLI,16.1,enterprise,,,,[],,,01/13/2022,04/16/2025
2453,nist_800_53,rev5,Configuration Management,CM-05,Access Restrictions for Change,mitigates,T1078.002,Domain Accounts,16.1,enterprise,,,,[],,,01/13/2022,04/16/2025
2454,nist_800_53,rev5,Configuration Management,CM-05,Access Restrictions for Change,mitigates,T1098.004,SSH Authorized Keys,16.1,enterprise,,,,[],,,01/13/2022,04/16/2025
2455,nist_800_53,rev5,Configuration Management,CM-05,Access Restrictions for Change,mitigates,T1134,Access Token Manipulation,16.1,enterprise,,,,[],,,01/13/2022,04/16/2025
2456,nist_800_53,rev5,Configuration Management,CM-05,Access Restrictions for Change,mitigates,T1134.002,Create Process with Token,16.1,enterprise,,,,[],,,01/13/2022,04/16/2025
2457,nist_800_53,rev5,Configuration Management,CM-05,Access Restrictions for Change,mitigates,T1136.001,Local Account,16.1,enterprise,,,,[],,,01/13/2022,04/16/2025
2458,nist_800_53,rev5,Configuration Management,CM-05,Access Restrictions for Change,mitigates,T1185,Browser Session Hijacking,16.1,enterprise,,,,[],,,01/13/2022,04/16/2025
2459,nist_800_53,rev5,Configuration Management,CM-05,Access Restrictions for Change,mitigates,T1195.003,Compromise Hardware Supply Chain,16.1,enterprise,,,,[],,,01/13/2022,04/16/2025
2460,nist_800_53,rev5,Configuration Management,CM-05,Access Restrictions for Change,mitigates,T1197,BITS Jobs,16.1,enterprise,,,,[],,,01/13/2022,04/16/2025
2461,nist_800_53,rev5,Configuration Management,CM-05,Access Restrictions for Change,mitigates,T1210,Exploitation of Remote Services,16.1,enterprise,,,,[],,,01/13/2022,04/16/2025
2462,nist_800_53,rev5,Configuration Management,CM-05,Access Restrictions for Change,mitigates,T1218.007,Msiexec,16.1,enterprise,,,,[],,,01/13/2022,04/16/2025
2463,nist_800_53,rev5,Configuration Management,CM-05,Access Restrictions for Change,mitigates,T1222,File and Directory Permissions Modification,16.1,enterprise,,,,[],,,01/13/2022,04/16/2025
2464,nist_800_53,rev5,Configuration Management,CM-05,Access Restrictions for Change,mitigates,T1222.001,Windows File and Directory Permissions Modification,16.1,enterprise,,,,[],,,01/13/2022,04/16/2025
2465,nist_800_53,rev5,Configuration Management,CM-05,Access Restrictions for Change,mitigates,T1222.002,Linux and Mac File and Directory Permissions Modification,16.1,enterprise,,,,[],,,01/13/2022,04/16/2025
2466,nist_800_53,rev5,Configuration Management,CM-05,Access Restrictions for Change,mitigates,T1495,Firmware Corruption,16.1,enterprise,,,,[],,,01/13/2022,04/16/2025
2467,nist_800_53,rev5,Configuration Management,CM-05,Access Restrictions for Change,mitigates,T1505,Server Software Component,16.1,enterprise,,,,[],,,01/13/2022,04/16/2025
2468,nist_800_53,rev5,Configuration Management,CM-05,Access Restrictions for Change,mitigates,T1505.002,Transport Agent,16.1,enterprise,,,,[],,,01/13/2022,04/16/2025
2469,nist_800_53,rev5,Configuration Management,CM-05,Access Restrictions for Change,mitigates,T1525,Implant Internal Image,16.1,enterprise,,,,[],,,01/13/2022,04/16/2025
2470,nist_800_53,rev5,Configuration Management,CM-05,Access Restrictions for Change,mitigates,T1542.003,Bootkit,16.1,enterprise,,,,[],,,01/13/2022,04/16/2025
2471,nist_800_53,rev5,Configuration Management,CM-05,Access Restrictions for Change,mitigates,T1542.004,ROMMONkit,16.1,enterprise,,,,[],,,01/13/2022,04/16/2025
2472,nist_800_53,rev5,Configuration Management,CM-05,Access Restrictions for Change,mitigates,T1542.005,TFTP Boot,16.1,enterprise,,,,[],,,01/13/2022,04/16/2025
2473,nist_800_53,rev5,Configuration Management,CM-05,Access Restrictions for Change,mitigates,T1543.001,Launch Agent,16.1,enterprise,,,,[],,,01/13/2022,04/16/2025
2474,nist_800_53,rev5,Configuration Management,CM-05,Access Restrictions for Change,mitigates,T1543.004,Launch Daemon,16.1,enterprise,,,,[],,,01/13/2022,04/16/2025
2475,nist_800_53,rev5,Configuration Management,CM-05,Access Restrictions for Change,mitigates,T1547.006,Kernel Modules and Extensions,16.1,enterprise,,,,[],,,01/13/2022,04/16/2025
2476,nist_800_53,rev5,Configuration Management,CM-05,Access Restrictions for Change,mitigates,T1547.007,Re-opened Applications,16.1,enterprise,,,,[],,,01/13/2022,04/16/2025
2477,nist_800_53,rev5,Configuration Management,CM-05,Access Restrictions for Change,mitigates,T1547.012,Print Processors,16.1,enterprise,,,,[],,,01/13/2022,04/16/2025
2478,nist_800_53,rev5,Configuration Management,CM-05,Access Restrictions for Change,mitigates,T1547.013,XDG Autostart Entries,16.1,enterprise,,,,[],,,01/13/2022,04/16/2025
2479,nist_800_53,rev5,Configuration Management,CM-05,Access Restrictions for Change,mitigates,T1548.002,Bypass User Account Control,16.1,enterprise,,,,[],,,01/13/2022,04/16/2025
2480,nist_800_53,rev5,Configuration Management,CM-05,Access Restrictions for Change,mitigates,T1548.003,Sudo and Sudo Caching,16.1,enterprise,,,,[],,,01/13/2022,04/16/2025
2481,nist_800_53,rev5,Configuration Management,CM-05,Access Restrictions for Change,mitigates,T1550.002,Pass the Hash,16.1,enterprise,,,,[],,,01/13/2022,04/16/2025
2482,nist_800_53,rev5,Configuration Management,CM-05,Access Restrictions for Change,mitigates,T1550.003,Pass the Ticket,16.1,enterprise,,,,[],,,01/13/2022,04/16/2025
2483,nist_800_53,rev5,Configuration Management,CM-05,Access Restrictions for Change,mitigates,T1552.002,Credentials in Registry,16.1,enterprise,,,,[],,,01/13/2022,04/16/2025
2484,nist_800_53,rev5,Configuration Management,CM-05,Access Restrictions for Change,mitigates,T1552.007,Container API,16.1,enterprise,,,,[],,,01/13/2022,04/16/2025
2485,nist_800_53,rev5,Configuration Management,CM-05,Access Restrictions for Change,mitigates,T1553.006,Code Signing Policy Modification,16.1,enterprise,,,,[],,,01/13/2022,04/16/2025
2486,nist_800_53,rev5,Configuration Management,CM-05,Access Restrictions for Change,mitigates,T1556.003,Pluggable Authentication Modules,16.1,enterprise,,,,[],,,01/13/2022,04/16/2025
2487,nist_800_53,rev5,Configuration Management,CM-05,Access Restrictions for Change,mitigates,T1556.004,Network Device Authentication,16.1,enterprise,,,,[],,,01/13/2022,04/16/2025
2488,nist_800_53,rev5,Configuration Management,CM-05,Access Restrictions for Change,mitigates,T1556.008,Network Provider DLL,16.1,enterprise,,,,[],,,01/13/2022,04/16/2025
2489,nist_800_53,rev5,Configuration Management,CM-05,Access Restrictions for Change,mitigates,T1558.001,Golden Ticket,16.1,enterprise,,,,[],,,01/13/2022,04/16/2025
2490,nist_800_53,rev5,Configuration Management,CM-05,Access Restrictions for Change,mitigates,T1558.002,Silver Ticket,16.1,enterprise,,,,[],,,01/13/2022,04/16/2025
2491,nist_800_53,rev5,Configuration Management,CM-05,Access Restrictions for Change,mitigates,T1558.003,Kerberoasting,16.1,enterprise,,,,[],,,01/13/2022,04/16/2025
2492,nist_800_53,rev5,Configuration Management,CM-05,Access Restrictions for Change,mitigates,T1559,Inter-Process Communication,16.1,enterprise,,,,[],,,01/13/2022,04/16/2025
2493,nist_800_53,rev5,Configuration Management,CM-05,Access Restrictions for Change,mitigates,T1559.001,Component Object Model,16.1,enterprise,,,,[],,,01/13/2022,04/16/2025
2494,nist_800_53,rev5,Configuration Management,CM-05,Access Restrictions for Change,mitigates,T1559.003,XPC Services,16.1,enterprise,,,,[],,,01/13/2022,04/16/2025
2495,nist_800_53,rev5,Configuration Management,CM-05,Access Restrictions for Change,mitigates,T1562.001,Disable or Modify Tools,16.1,enterprise,,,,[],,,01/13/2022,04/16/2025
2496,nist_800_53,rev5,Configuration Management,CM-05,Access Restrictions for Change,mitigates,T1562.002,Disable Windows Event Logging,16.1,enterprise,,,,[],,,01/13/2022,04/16/2025
2497,nist_800_53,rev5,Configuration Management,CM-05,Access Restrictions for Change,mitigates,T1562.008,Disable or Modify Cloud Logs,16.1,enterprise,,,,[],,,01/13/2022,04/16/2025
2498,nist_800_53,rev5,Configuration Management,CM-05,Access Restrictions for Change,mitigates,T1562.009,Safe Mode Boot,16.1,enterprise,,,,[],,,01/13/2022,04/16/2025
2499,nist_800_53,rev5,Configuration Management,CM-05,Access Restrictions for Change,mitigates,T1562.011,Spoof Security Alerting,16.1,enterprise,,,,[],,,01/13/2022,04/16/2025
2500,nist_800_53,rev5,Configuration Management,CM-05,Access Restrictions for Change,mitigates,T1562.012,Disable or Modify Linux Audit System,16.1,enterprise,,,,[],,,01/13/2022,04/16/2025
2501,nist_800_53,rev5,Configuration Management,CM-05,Access Restrictions for Change,mitigates,T1563.001,SSH Hijacking,16.1,enterprise,,,,[],,,01/13/2022,04/16/2025
2502,nist_800_53,rev5,Configuration Management,CM-05,Access Restrictions for Change,mitigates,T1563.002,RDP Hijacking,16.1,enterprise,,,,[],,,01/13/2022,04/16/2025
2503,nist_800_53,rev5,Configuration Management,CM-05,Access Restrictions for Change,mitigates,T1564.008,Email Hiding Rules,16.1,enterprise,,,,[],,,01/13/2022,04/16/2025
2504,nist_800_53,rev5,Configuration Management,CM-05,Access Restrictions for Change,mitigates,T1569,System Services,16.1,enterprise,,,,[],,,01/13/2022,04/16/2025
2505,nist_800_53,rev5,Configuration Management,CM-05,Access Restrictions for Change,mitigates,T1569.001,Launchctl,16.1,enterprise,,,,[],,,01/13/2022,04/16/2025
2506,nist_800_53,rev5,Configuration Management,CM-05,Access Restrictions for Change,mitigates,T1569.002,Service Execution,16.1,enterprise,,,,[],,,01/13/2022,04/16/2025
2507,nist_800_53,rev5,Configuration Management,CM-05,Access Restrictions for Change,mitigates,T1574,Hijack Execution Flow,16.1,enterprise,,,,[],,,01/13/2022,04/16/2025
2508,nist_800_53,rev5,Configuration Management,CM-05,Access Restrictions for Change,mitigates,T1574.005,Executable Installer File Permissions Weakness,16.1,enterprise,,,,[],,,01/13/2022,04/16/2025
2509,nist_800_53,rev5,Configuration Management,CM-05,Access Restrictions for Change,mitigates,T1574.010,Services File Permissions Weakness,16.1,enterprise,,,,[],,,01/13/2022,04/16/2025
2510,nist_800_53,rev5,Configuration Management,CM-05,Access Restrictions for Change,mitigates,T1574.011,Services Registry Permissions Weakness,16.1,enterprise,,,,[],,,01/13/2022,04/16/2025
2511,nist_800_53,rev5,Configuration Management,CM-05,Access Restrictions for Change,mitigates,T1574.012,COR_PROFILER,16.1,enterprise,,,,[],,,01/13/2022,04/16/2025
2512,nist_800_53,rev5,Configuration Management,CM-05,Access Restrictions for Change,mitigates,T1578,Modify Cloud Compute Infrastructure,16.1,enterprise,,,,[],,,01/13/2022,04/16/2025
2513,nist_800_53,rev5,Configuration Management,CM-05,Access Restrictions for Change,mitigates,T1578.001,Create Snapshot,16.1,enterprise,,,,[],,,01/13/2022,04/16/2025
2514,nist_800_53,rev5,Configuration Management,CM-05,Access Restrictions for Change,mitigates,T1578.002,Create Cloud Instance,16.1,enterprise,,,,[],,,01/13/2022,04/16/2025
2515,nist_800_53,rev5,Configuration Management,CM-05,Access Restrictions for Change,mitigates,T1578.003,Delete Cloud Instance,16.1,enterprise,,,,[],,,01/13/2022,04/16/2025
2516,nist_800_53,rev5,Configuration Management,CM-05,Access Restrictions for Change,mitigates,T1599,Network Boundary Bridging,16.1,enterprise,,,,[],,,01/13/2022,04/16/2025
2517,nist_800_53,rev5,Configuration Management,CM-05,Access Restrictions for Change,mitigates,T1599.001,Network Address Translation Traversal,16.1,enterprise,,,,[],,,01/13/2022,04/16/2025
2518,nist_800_53,rev5,Configuration Management,CM-05,Access Restrictions for Change,mitigates,T1601,Modify System Image,16.1,enterprise,,,,[],,,01/13/2022,04/16/2025
2519,nist_800_53,rev5,Configuration Management,CM-05,Access Restrictions for Change,mitigates,T1601.001,Patch System Image,16.1,enterprise,,,,[],,,01/13/2022,04/16/2025
2520,nist_800_53,rev5,Configuration Management,CM-05,Access Restrictions for Change,mitigates,T1601.002,Downgrade System Image,16.1,enterprise,,,,[],,,01/13/2022,04/16/2025
2521,nist_800_53,rev5,Configuration Management,CM-05,Access Restrictions for Change,mitigates,T1619,Cloud Storage Object Discovery,16.1,enterprise,,,,[],,,01/13/2022,04/16/2025
2522,nist_800_53,rev5,Configuration Management,CM-05,Access Restrictions for Change,mitigates,T1647,Plist File Modification,16.1,enterprise,,,,[],,,01/13/2022,04/16/2025
2523,nist_800_53,rev5,Identification and Authentication,IA-05,Authenticator Management,mitigates,T1003.002,Security Account Manager,16.1,enterprise,,,,[],,,01/13/2022,04/16/2025
2524,nist_800_53,rev5,Identification and Authentication,IA-05,Authenticator Management,mitigates,T1003.003,NTDS,16.1,enterprise,,,,[],,,01/13/2022,04/16/2025
2525,nist_800_53,rev5,Identification and Authentication,IA-05,Authenticator Management,mitigates,T1003.004,LSA Secrets,16.1,enterprise,,,,[],,,01/13/2022,04/16/2025
2526,nist_800_53,rev5,Identification and Authentication,IA-05,Authenticator Management,mitigates,T1003.006,DCSync,16.1,enterprise,,,,[],,,01/13/2022,04/16/2025
2527,nist_800_53,rev5,Identification and Authentication,IA-05,Authenticator Management,mitigates,T1003.008,/etc/passwd and /etc/shadow,16.1,enterprise,,,,[],,,01/13/2022,04/16/2025
2528,nist_800_53,rev5,Identification and Authentication,IA-05,Authenticator Management,mitigates,T1021.001,Remote Desktop Protocol,16.1,enterprise,,,,[],,,01/13/2022,04/16/2025
2529,nist_800_53,rev5,Identification and Authentication,IA-05,Authenticator Management,mitigates,T1021.004,SSH,16.1,enterprise,,,,[],,,01/13/2022,04/16/2025
2530,nist_800_53,rev5,Identification and Authentication,IA-05,Authenticator Management,mitigates,T1021.007,Cloud Services,16.1,enterprise,,,,[],,,01/13/2022,04/16/2025
2531,nist_800_53,rev5,Identification and Authentication,IA-05,Authenticator Management,mitigates,T1021.008,Direct Cloud VM Connections,16.1,enterprise,,,,[],,,01/13/2022,04/16/2025
2532,nist_800_53,rev5,Identification and Authentication,IA-05,Authenticator Management,mitigates,T1078.002,Domain Accounts,16.1,enterprise,,,,[],,,01/13/2022,04/16/2025
2533,nist_800_53,rev5,Identification and Authentication,IA-05,Authenticator Management,mitigates,T1098.004,SSH Authorized Keys,16.1,enterprise,,,,[],,,01/13/2022,04/16/2025
2534,nist_800_53,rev5,Identification and Authentication,IA-05,Authenticator Management,mitigates,T1098.006,Additional Container Cluster Roles,16.1,enterprise,,,,[],,,01/13/2022,04/16/2025
2535,nist_800_53,rev5,Identification and Authentication,IA-05,Authenticator Management,mitigates,T1110.001,Password Guessing,16.1,enterprise,,,,[],,,01/13/2022,04/16/2025
2536,nist_800_53,rev5,Identification and Authentication,IA-05,Authenticator Management,mitigates,T1110.002,Password Cracking,16.1,enterprise,,,,[],,,01/13/2022,04/16/2025
2537,nist_800_53,rev5,Identification and Authentication,IA-05,Authenticator Management,mitigates,T1110.003,Password Spraying,16.1,enterprise,,,,[],,,01/13/2022,04/16/2025
2538,nist_800_53,rev5,Identification and Authentication,IA-05,Authenticator Management,mitigates,T1110.004,Credential Stuffing,16.1,enterprise,,,,[],,,01/13/2022,04/16/2025
2539,nist_800_53,rev5,Identification and Authentication,IA-05,Authenticator Management,mitigates,T1111,Multi-Factor Authentication Interception,16.1,enterprise,,,,[],,,01/13/2022,04/16/2025
2540,nist_800_53,rev5,Identification and Authentication,IA-05,Authenticator Management,mitigates,T1133,External Remote Services,16.1,enterprise,,,,[],,,01/13/2022,04/16/2025
2541,nist_800_53,rev5,Identification and Authentication,IA-05,Authenticator Management,mitigates,T1136.001,Local Account,16.1,enterprise,,,,[],,,01/13/2022,04/16/2025
2542,nist_800_53,rev5,Identification and Authentication,IA-05,Authenticator Management,mitigates,T1212,Exploitation for Credential Access,16.1,enterprise,,,,[],,,01/13/2022,04/16/2025
2543,nist_800_53,rev5,Identification and Authentication,IA-05,Authenticator Management,mitigates,T1550.003,Pass the Ticket,16.1,enterprise,,,,[],,,01/13/2022,04/16/2025
2544,nist_800_53,rev5,Identification and Authentication,IA-05,Authenticator Management,mitigates,T1552.002,Credentials in Registry,16.1,enterprise,,,,[],,,01/13/2022,04/16/2025
2545,nist_800_53,rev5,Identification and Authentication,IA-05,Authenticator Management,mitigates,T1552.006,Group Policy Preferences,16.1,enterprise,,,,[],,,01/13/2022,04/16/2025
2546,nist_800_53,rev5,Identification and Authentication,IA-05,Authenticator Management,mitigates,T1555.001,Keychain,16.1,enterprise,,,,[],,,01/13/2022,04/16/2025
2547,nist_800_53,rev5,Identification and Authentication,IA-05,Authenticator Management,mitigates,T1555.004,Windows Credential Manager,16.1,enterprise,,,,[],,,01/13/2022,04/16/2025
2548,nist_800_53,rev5,Identification and Authentication,IA-05,Authenticator Management,mitigates,T1556.003,Pluggable Authentication Modules,16.1,enterprise,,,,[],,,01/13/2022,04/16/2025
2549,nist_800_53,rev5,Identification and Authentication,IA-05,Authenticator Management,mitigates,T1556.004,Network Device Authentication,16.1,enterprise,,,,[],,,01/13/2022,04/16/2025
2550,nist_800_53,rev5,Identification and Authentication,IA-05,Authenticator Management,mitigates,T1556.005,Reversible Encryption,16.1,enterprise,,,,[],,,01/13/2022,04/16/2025
2551,nist_800_53,rev5,Identification and Authentication,IA-05,Authenticator Management,mitigates,T1558.001,Golden Ticket,16.1,enterprise,,,,[],,,01/13/2022,04/16/2025
2552,nist_800_53,rev5,Identification and Authentication,IA-05,Authenticator Management,mitigates,T1558.002,Silver Ticket,16.1,enterprise,,,,[],,,01/13/2022,04/16/2025
2553,nist_800_53,rev5,Identification and Authentication,IA-05,Authenticator Management,mitigates,T1558.003,Kerberoasting,16.1,enterprise,,,,[],,,01/13/2022,04/16/2025
2554,nist_800_53,rev5,Identification and Authentication,IA-05,Authenticator Management,mitigates,T1558.004,AS-REP Roasting,16.1,enterprise,,,,[],,,01/13/2022,04/16/2025
2555,nist_800_53,rev5,Identification and Authentication,IA-05,Authenticator Management,mitigates,T1563.001,SSH Hijacking,16.1,enterprise,,,,[],,,01/13/2022,04/16/2025
2556,nist_800_53,rev5,Identification and Authentication,IA-05,Authenticator Management,mitigates,T1599,Network Boundary Bridging,16.1,enterprise,,,,[],,,01/13/2022,04/16/2025
2557,nist_800_53,rev5,Identification and Authentication,IA-05,Authenticator Management,mitigates,T1599.001,Network Address Translation Traversal,16.1,enterprise,,,,[],,,01/13/2022,04/16/2025
2558,nist_800_53,rev5,Identification and Authentication,IA-05,Authenticator Management,mitigates,T1601,Modify System Image,16.1,enterprise,,,,[],,,01/13/2022,04/16/2025
2559,nist_800_53,rev5,Identification and Authentication,IA-05,Authenticator Management,mitigates,T1601.001,Patch System Image,16.1,enterprise,,,,[],,,01/13/2022,04/16/2025
2560,nist_800_53,rev5,Identification and Authentication,IA-05,Authenticator Management,mitigates,T1601.002,Downgrade System Image,16.1,enterprise,,,,[],,,01/13/2022,04/16/2025
2561,nist_800_53,rev5,Configuration Management,CM-12,Information Location,mitigates,T1005,Data from Local System,16.1,enterprise,,,,[],,,01/13/2022,04/16/2025
2562,nist_800_53,rev5,System and Services Acquisition,SA-08,Security and Privacy Engineering Principles,mitigates,T1005,Data from Local System,16.1,enterprise,,,,[],,,01/13/2022,04/16/2025
2563,nist_800_53,rev5,System and Communications Protection,SC-13,Cryptographic Protection,mitigates,T1005,Data from Local System,16.1,enterprise,,,,[],,,01/13/2022,04/16/2025
2564,nist_800_53,rev5,System and Communications Protection,SC-38,Operations Security,mitigates,T1005,Data from Local System,16.1,enterprise,,,,[],,,01/13/2022,04/16/2025
2565,nist_800_53,rev5,System and Communications Protection,SC-43,Usage Restrictions,mitigates,T1011,Exfiltration Over Other Network Medium,16.1,enterprise,,,,[],,,01/13/2022,04/16/2025
2566,nist_800_53,rev5,Configuration Management,CM-08,System Component Inventory,mitigates,T1011.001,Exfiltration Over Bluetooth,16.1,enterprise,,,,[],,,01/13/2022,04/16/2025
2567,nist_800_53,rev5,Risk Assessment,RA-05,Vulnerability Monitoring and Scanning,mitigates,T1011.001,Exfiltration Over Bluetooth,16.1,enterprise,,,,[],,,01/13/2022,04/16/2025
2568,nist_800_53,rev5,Access Control,AC-17,Remote Access,mitigates,T1021.001,Remote Desktop Protocol,16.1,enterprise,,,,[],,,01/13/2022,04/16/2025
2569,nist_800_53,rev5,Access Control,AC-17,Remote Access,mitigates,T1021.002,SMB/Windows Admin Shares,16.1,enterprise,,,,[],,,01/13/2022,04/16/2025
2570,nist_800_53,rev5,Access Control,AC-17,Remote Access,mitigates,T1021.003,Distributed Component Object Model,16.1,enterprise,,,,[],,,01/13/2022,04/16/2025
2571,nist_800_53,rev5,Access Control,AC-17,Remote Access,mitigates,T1021.004,SSH,16.1,enterprise,,,,[],,,01/13/2022,04/16/2025
2572,nist_800_53,rev5,Access Control,AC-17,Remote Access,mitigates,T1021.005,VNC,16.1,enterprise,,,,[],,,01/13/2022,04/16/2025
2573,nist_800_53,rev5,Access Control,AC-17,Remote Access,mitigates,T1021.006,Windows Remote Management,16.1,enterprise,,,,[],,,01/13/2022,04/16/2025
2574,nist_800_53,rev5,Access Control,AC-17,Remote Access,mitigates,T1021.008,Direct Cloud VM Connections,16.1,enterprise,,,,[],,,01/13/2022,04/16/2025
2575,nist_800_53,rev5,Access Control,AC-17,Remote Access,mitigates,T1037.001,Logon Script (Windows),16.1,enterprise,,,,[],,,01/13/2022,04/16/2025
2576,nist_800_53,rev5,Access Control,AC-17,Remote Access,mitigates,T1059.001,PowerShell,16.1,enterprise,,,,[],,,01/13/2022,04/16/2025
2577,nist_800_53,rev5,Access Control,AC-17,Remote Access,mitigates,T1059.002,AppleScript,16.1,enterprise,,,,[],,,01/13/2022,04/16/2025
2578,nist_800_53,rev5,Access Control,AC-17,Remote Access,mitigates,T1059.003,Windows Command Shell,16.1,enterprise,,,,[],,,01/13/2022,04/16/2025
2579,nist_800_53,rev5,Access Control,AC-17,Remote Access,mitigates,T1059.004,Unix Shell,16.1,enterprise,,,,[],,,01/13/2022,04/16/2025
2580,nist_800_53,rev5,Access Control,AC-17,Remote Access,mitigates,T1059.005,Visual Basic,16.1,enterprise,,,,[],,,01/13/2022,04/16/2025
2581,nist_800_53,rev5,Access Control,AC-17,Remote Access,mitigates,T1059.007,JavaScript,16.1,enterprise,,,,[],,,01/13/2022,04/16/2025
2582,nist_800_53,rev5,Access Control,AC-17,Remote Access,mitigates,T1059.008,Network Device CLI,16.1,enterprise,,,,[],,,01/13/2022,04/16/2025
2583,nist_800_53,rev5,Access Control,AC-17,Remote Access,mitigates,T1070,Indicator Removal,16.1,enterprise,,,,[],,,01/13/2022,04/16/2025
2584,nist_800_53,rev5,Access Control,AC-17,Remote Access,mitigates,T1070.002,Clear Linux or Mac System Logs,16.1,enterprise,,,,[],,,01/13/2022,04/16/2025
2585,nist_800_53,rev5,Access Control,AC-17,Remote Access,mitigates,T1070.008,Clear Mailbox Data,16.1,enterprise,,,,[],,,01/13/2022,04/16/2025
2586,nist_800_53,rev5,Access Control,AC-17,Remote Access,mitigates,T1114.001,Local Email Collection,16.1,enterprise,,,,[],,,01/13/2022,04/16/2025
2587,nist_800_53,rev5,Access Control,AC-17,Remote Access,mitigates,T1133,External Remote Services,16.1,enterprise,,,,[],,,01/13/2022,04/16/2025
2588,nist_800_53,rev5,Access Control,AC-17,Remote Access,mitigates,T1137,Office Application Startup,16.1,enterprise,,,,[],,,01/13/2022,04/16/2025
2589,nist_800_53,rev5,Access Control,AC-17,Remote Access,mitigates,T1505.004,IIS Components,16.1,enterprise,,,,[],,,01/13/2022,04/16/2025
2590,nist_800_53,rev5,Access Control,AC-17,Remote Access,mitigates,T1505.005,Terminal Services DLL,16.1,enterprise,,,,[],,,01/13/2022,04/16/2025
2591,nist_800_53,rev5,Access Control,AC-17,Remote Access,mitigates,T1547.012,Print Processors,16.1,enterprise,,,,[],,,01/13/2022,04/16/2025
2592,nist_800_53,rev5,Access Control,AC-17,Remote Access,mitigates,T1547.013,XDG Autostart Entries,16.1,enterprise,,,,[],,,01/13/2022,04/16/2025
2593,nist_800_53,rev5,Access Control,AC-17,Remote Access,mitigates,T1552.002,Credentials in Registry,16.1,enterprise,,,,[],,,01/13/2022,04/16/2025
2594,nist_800_53,rev5,Access Control,AC-17,Remote Access,mitigates,T1552.005,Cloud Instance Metadata API,16.1,enterprise,,,,[],,,01/13/2022,04/16/2025
2595,nist_800_53,rev5,Access Control,AC-17,Remote Access,mitigates,T1552.007,Container API,16.1,enterprise,,,,[],,,01/13/2022,04/16/2025
2596,nist_800_53,rev5,Access Control,AC-17,Remote Access,mitigates,T1557.002,ARP Cache Poisoning,16.1,enterprise,,,,[],,,01/13/2022,04/16/2025
2597,nist_800_53,rev5,Access Control,AC-17,Remote Access,mitigates,T1558.002,Silver Ticket,16.1,enterprise,,,,[],,,01/13/2022,04/16/2025
2598,nist_800_53,rev5,Access Control,AC-17,Remote Access,mitigates,T1558.003,Kerberoasting,16.1,enterprise,,,,[],,,01/13/2022,04/16/2025
2599,nist_800_53,rev5,Access Control,AC-17,Remote Access,mitigates,T1558.004,AS-REP Roasting,16.1,enterprise,,,,[],,,01/13/2022,04/16/2025
2600,nist_800_53,rev5,Access Control,AC-17,Remote Access,mitigates,T1563.001,SSH Hijacking,16.1,enterprise,,,,[],,,01/13/2022,04/16/2025
2601,nist_800_53,rev5,Access Control,AC-17,Remote Access,mitigates,T1563.002,RDP Hijacking,16.1,enterprise,,,,[],,,01/13/2022,04/16/2025
2602,nist_800_53,rev5,Access Control,AC-17,Remote Access,mitigates,T1565.001,Stored Data Manipulation,16.1,enterprise,,,,[],,,01/13/2022,04/16/2025
2603,nist_800_53,rev5,Access Control,AC-17,Remote Access,mitigates,T1565.002,Transmitted Data Manipulation,16.1,enterprise,,,,[],,,01/13/2022,04/16/2025
2604,nist_800_53,rev5,Access Control,AC-17,Remote Access,mitigates,T1567.003,Exfiltration to Text Storage Sites,16.1,enterprise,,,,[],,,01/13/2022,04/16/2025
2605,nist_800_53,rev5,Access Control,AC-17,Remote Access,mitigates,T1567.004,Exfiltration Over Webhook,16.1,enterprise,,,,[],,,01/13/2022,04/16/2025
2606,nist_800_53,rev5,Access Control,AC-17,Remote Access,mitigates,T1602,Data from Configuration Repository,16.1,enterprise,,,,[],,,01/13/2022,04/16/2025
2607,nist_800_53,rev5,Access Control,AC-17,Remote Access,mitigates,T1602.001,SNMP (MIB Dump),16.1,enterprise,,,,[],,,01/13/2022,04/16/2025
2608,nist_800_53,rev5,Access Control,AC-17,Remote Access,mitigates,T1602.002,Network Device Configuration Dump,16.1,enterprise,,,,[],,,01/13/2022,04/16/2025
2609,nist_800_53,rev5,Access Control,AC-17,Remote Access,mitigates,T1609,Container Administration Command,16.1,enterprise,,,,[],,,01/13/2022,04/16/2025
2610,nist_800_53,rev5,Access Control,AC-17,Remote Access,mitigates,T1612,Build Image on Host,16.1,enterprise,,,,[],,,01/13/2022,04/16/2025
2611,nist_800_53,rev5,Access Control,AC-17,Remote Access,mitigates,T1613,Container and Resource Discovery,16.1,enterprise,,,,[],,,01/13/2022,04/16/2025
2612,nist_800_53,rev5,Access Control,AC-17,Remote Access,mitigates,T1619,Cloud Storage Object Discovery,16.1,enterprise,,,,[],,,01/13/2022,04/16/2025
2613,nist_800_53,rev5,Access Control,AC-17,Remote Access,mitigates,T1647,Plist File Modification,16.1,enterprise,,,,[],,,01/13/2022,04/16/2025
2614,nist_800_53,rev5,Access Control,AC-17,Remote Access,mitigates,T1659,Content Injection,16.1,enterprise,,,,[],,,01/13/2022,04/16/2025
2615,nist_800_53,rev5,Identification and Authentication,IA-06,Authentication Feedback,mitigates,T1021.001,Remote Desktop Protocol,16.1,enterprise,,,,[],,,01/13/2022,04/16/2025
2616,nist_800_53,rev5,System and Communications Protection,SC-46,Cross Domain Policy Enforcement,mitigates,T1021.001,Remote Desktop Protocol,16.1,enterprise,,,,[],,,01/13/2022,04/16/2025
2617,nist_800_53,rev5,System and Information Integrity,SI-10,Information Input Validation,mitigates,T1021.002,SMB/Windows Admin Shares,16.1,enterprise,,,,[],,,01/13/2022,04/16/2025
2618,nist_800_53,rev5,System and Information Integrity,SI-15,Information Output Filtering,mitigates,T1021.002,SMB/Windows Admin Shares,16.1,enterprise,,,,[],,,01/13/2022,04/16/2025
2619,nist_800_53,rev5,System and Communications Protection,SC-18,Mobile Code,mitigates,T1021.003,Distributed Component Object Model,16.1,enterprise,,,,[],,,01/13/2022,04/16/2025
2620,nist_800_53,rev5,Configuration Management,CM-11,User-installed Software,mitigates,T1021.005,VNC,16.1,enterprise,,,,[],,,01/13/2022,04/16/2025
2621,nist_800_53,rev5,Configuration Management,CM-03,Configuration Change Control,mitigates,T1021.005,VNC,16.1,enterprise,,,,[],,,01/13/2022,04/16/2025
2622,nist_800_53,rev5,Configuration Management,CM-12,Information Location,mitigates,T1025,Data from Removable Media,16.1,enterprise,,,,[],,,01/13/2022,04/16/2025
2623,nist_800_53,rev5,Media Protection,MP-07,Media Use,mitigates,T1025,Data from Removable Media,16.1,enterprise,,,,[],,,01/13/2022,04/16/2025
2624,nist_800_53,rev5,System and Communications Protection,SC-38,Operations Security,mitigates,T1025,Data from Removable Media,16.1,enterprise,,,,[],,,01/13/2022,04/16/2025
2625,nist_800_53,rev5,System and Communications Protection,SC-41,Port and I/O Device Access,mitigates,T1025,Data from Removable Media,16.1,enterprise,,,,[],,,01/13/2022,04/16/2025
2626,nist_800_53,rev5,Identification and Authentication,IA-09,Service Identification and Authentication,mitigates,T1036.001,Invalid Code Signature,16.1,enterprise,,,,[],,,01/13/2022,04/16/2025
2627,nist_800_53,rev5,Identification and Authentication,IA-09,Service Identification and Authentication,mitigates,T1036.005,Match Legitimate Name or Location,16.1,enterprise,,,,[],,,01/13/2022,04/16/2025
2628,nist_800_53,rev5,Identification and Authentication,IA-09,Service Identification and Authentication,mitigates,T1059.001,PowerShell,16.1,enterprise,,,,[],,,01/13/2022,04/16/2025
2629,nist_800_53,rev5,Identification and Authentication,IA-09,Service Identification and Authentication,mitigates,T1059.002,AppleScript,16.1,enterprise,,,,[],,,01/13/2022,04/16/2025
2630,nist_800_53,rev5,Identification and Authentication,IA-09,Service Identification and Authentication,mitigates,T1525,Implant Internal Image,16.1,enterprise,,,,[],,,01/13/2022,04/16/2025
2631,nist_800_53,rev5,Identification and Authentication,IA-09,Service Identification and Authentication,mitigates,T1546.006,LC_LOAD_DYLIB Addition,16.1,enterprise,,,,[],,,01/13/2022,04/16/2025
2632,nist_800_53,rev5,Identification and Authentication,IA-09,Service Identification and Authentication,mitigates,T1546.013,PowerShell Profile,16.1,enterprise,,,,[],,,01/13/2022,04/16/2025
2633,nist_800_53,rev5,Identification and Authentication,IA-09,Service Identification and Authentication,mitigates,T1553.004,Install Root Certificate,16.1,enterprise,,,,[],,,01/13/2022,04/16/2025
2634,nist_800_53,rev5,Identification and Authentication,IA-09,Service Identification and Authentication,mitigates,T1562.009,Safe Mode Boot,16.1,enterprise,,,,[],,,01/13/2022,04/16/2025
2635,nist_800_53,rev5,Identification and Authentication,IA-09,Service Identification and Authentication,mitigates,T1598,Phishing for Information,16.1,enterprise,,,,[],,,01/13/2022,04/16/2025
2636,nist_800_53,rev5,Identification and Authentication,IA-09,Service Identification and Authentication,mitigates,T1598.002,Spearphishing Attachment,16.1,enterprise,,,,[],,,01/13/2022,04/16/2025
2637,nist_800_53,rev5,System and Services Acquisition,SA-09,External System Services,mitigates,T1041,Exfiltration Over C2 Channel,16.1,enterprise,,,,[],,,01/13/2022,04/16/2025
2638,nist_800_53,rev5,System and Communications Protection,SC-31,Covert Channel Analysis,mitigates,T1041,Exfiltration Over C2 Channel,16.1,enterprise,,,,[],,,01/13/2022,04/16/2025
2639,nist_800_53,rev5,Supply Chain Risk Management,SR-04,Provenance,mitigates,T1041,Exfiltration Over C2 Channel,16.1,enterprise,,,,[],,,01/13/2022,04/16/2025
2640,nist_800_53,rev5,Identification and Authentication,IA-08,Identification and Authentication (Non-Organizational Users),mitigates,T1053.007,Container Orchestration Job,16.1,enterprise,,,,[],,,01/13/2022,04/16/2025
2641,nist_800_53,rev5,Identification and Authentication,IA-08,Identification and Authentication (Non-Organizational Users),mitigates,T1059.001,PowerShell,16.1,enterprise,,,,[],,,01/13/2022,04/16/2025
2642,nist_800_53,rev5,Identification and Authentication,IA-08,Identification and Authentication (Non-Organizational Users),mitigates,T1059.008,Network Device CLI,16.1,enterprise,,,,[],,,01/13/2022,04/16/2025
2643,nist_800_53,rev5,Identification and Authentication,IA-08,Identification and Authentication (Non-Organizational Users),mitigates,T1087.004,Cloud Account,16.1,enterprise,,,,[],,,01/13/2022,04/16/2025
2644,nist_800_53,rev5,Identification and Authentication,IA-08,Identification and Authentication (Non-Organizational Users),mitigates,T1210,Exploitation of Remote Services,16.1,enterprise,,,,[],,,01/13/2022,04/16/2025
2645,nist_800_53,rev5,Identification and Authentication,IA-08,Identification and Authentication (Non-Organizational Users),mitigates,T1538,Cloud Service Dashboard,16.1,enterprise,,,,[],,,01/13/2022,04/16/2025
2646,nist_800_53,rev5,Identification and Authentication,IA-08,Identification and Authentication (Non-Organizational Users),mitigates,T1542.003,Bootkit,16.1,enterprise,,,,[],,,01/13/2022,04/16/2025
2647,nist_800_53,rev5,Identification and Authentication,IA-08,Identification and Authentication (Non-Organizational Users),mitigates,T1542.005,TFTP Boot,16.1,enterprise,,,,[],,,01/13/2022,04/16/2025
2648,nist_800_53,rev5,Identification and Authentication,IA-08,Identification and Authentication (Non-Organizational Users),mitigates,T1547.006,Kernel Modules and Extensions,16.1,enterprise,,,,[],,,01/13/2022,04/16/2025
2649,nist_800_53,rev5,Supply Chain Risk Management,SR-11,Component Authenticity,mitigates,T1059.002,AppleScript,16.1,enterprise,,,,[],,,01/13/2022,04/16/2025
2650,nist_800_53,rev5,Supply Chain Risk Management,SR-05,"Acquisition Strategies, Tools, and Methods",mitigates,T1059.002,AppleScript,16.1,enterprise,,,,[],,,01/13/2022,04/16/2025
2651,nist_800_53,rev5,Risk Assessment,RA-10,Threat Hunting,mitigates,T1068,Exploitation for Privilege Escalation,16.1,enterprise,,,,[],,,01/13/2022,04/16/2025
2652,nist_800_53,rev5,System and Communications Protection,SC-02,Separation of System and User Functionality,mitigates,T1068,Exploitation for Privilege Escalation,16.1,enterprise,,,,[],,,01/13/2022,04/16/2025
2653,nist_800_53,rev5,System and Communications Protection,SC-30,Concealment and Misdirection,mitigates,T1068,Exploitation for Privilege Escalation,16.1,enterprise,,,,[],,,01/13/2022,04/16/2025
2654,nist_800_53,rev5,System and Information Integrity,SI-05,"Security Alerts, Advisories, and Directives",mitigates,T1068,Exploitation for Privilege Escalation,16.1,enterprise,,,,[],,,01/13/2022,04/16/2025
2655,nist_800_53,rev5,Contingency Planning,CP-06,Alternate Storage Site,mitigates,T1070,Indicator Removal,16.1,enterprise,,,,[],,,01/13/2022,04/16/2025
2656,nist_800_53,rev5,Contingency Planning,CP-07,Alternate Processing Site,mitigates,T1070,Indicator Removal,16.1,enterprise,,,,[],,,01/13/2022,04/16/2025
2657,nist_800_53,rev5,Contingency Planning,CP-07,Alternate Processing Site,mitigates,T1070.002,Clear Linux or Mac System Logs,16.1,enterprise,,,,[],,,01/13/2022,04/16/2025
2658,nist_800_53,rev5,Contingency Planning,CP-07,Alternate Processing Site,mitigates,T1070.008,Clear Mailbox Data,16.1,enterprise,,,,[],,,01/13/2022,04/16/2025
2659,nist_800_53,rev5,Contingency Planning,CP-07,Alternate Processing Site,mitigates,T1486,Data Encrypted for Impact,16.1,enterprise,,,,[],,,01/13/2022,04/16/2025
2660,nist_800_53,rev5,Contingency Planning,CP-07,Alternate Processing Site,mitigates,T1491,Defacement,16.1,enterprise,,,,[],,,01/13/2022,04/16/2025
2661,nist_800_53,rev5,Contingency Planning,CP-07,Alternate Processing Site,mitigates,T1491.001,Internal Defacement,16.1,enterprise,,,,[],,,01/13/2022,04/16/2025
2662,nist_800_53,rev5,Contingency Planning,CP-07,Alternate Processing Site,mitigates,T1491.002,External Defacement,16.1,enterprise,,,,[],,,01/13/2022,04/16/2025
2663,nist_800_53,rev5,Contingency Planning,CP-07,Alternate Processing Site,mitigates,T1561,Disk Wipe,16.1,enterprise,,,,[],,,01/13/2022,04/16/2025
2664,nist_800_53,rev5,Contingency Planning,CP-07,Alternate Processing Site,mitigates,T1561.001,Disk Content Wipe,16.1,enterprise,,,,[],,,01/13/2022,04/16/2025
2665,nist_800_53,rev5,Contingency Planning,CP-07,Alternate Processing Site,mitigates,T1561.002,Disk Structure Wipe,16.1,enterprise,,,,[],,,01/13/2022,04/16/2025
2666,nist_800_53,rev5,Contingency Planning,CP-07,Alternate Processing Site,mitigates,T1565.001,Stored Data Manipulation,16.1,enterprise,,,,[],,,01/13/2022,04/16/2025
2667,nist_800_53,rev5,System and Communications Protection,SC-36,Distributed Processing and Storage,mitigates,T1070,Indicator Removal,16.1,enterprise,,,,[],,,01/13/2022,04/16/2025
2668,nist_800_53,rev5,System and Information Integrity,SI-23,Information Fragmentation,mitigates,T1070,Indicator Removal,16.1,enterprise,,,,[],,,01/13/2022,04/16/2025
2669,nist_800_53,rev5,System and Communications Protection,SC-10,Network Disconnect,mitigates,T1071.001,Web Protocols,16.1,enterprise,,,,[],,,01/13/2022,04/16/2025
2670,nist_800_53,rev5,System and Communications Protection,SC-10,Network Disconnect,mitigates,T1071.004,DNS,16.1,enterprise,,,,[],,,01/13/2022,04/16/2025
2671,nist_800_53,rev5,System and Services Acquisition,SA-10,Developer Configuration Management,mitigates,T1195.003,Compromise Hardware Supply Chain,16.1,enterprise,,,,[],,,01/13/2022,04/16/2025
2672,nist_800_53,rev5,System and Services Acquisition,SA-10,Developer Configuration Management,mitigates,T1495,Firmware Corruption,16.1,enterprise,,,,[],,,01/13/2022,04/16/2025
2673,nist_800_53,rev5,System and Services Acquisition,SA-10,Developer Configuration Management,mitigates,T1505,Server Software Component,16.1,enterprise,,,,[],,,01/13/2022,04/16/2025
2674,nist_800_53,rev5,System and Services Acquisition,SA-10,Developer Configuration Management,mitigates,T1505.001,SQL Stored Procedures,16.1,enterprise,,,,[],,,01/13/2022,04/16/2025
2675,nist_800_53,rev5,System and Services Acquisition,SA-10,Developer Configuration Management,mitigates,T1505.002,Transport Agent,16.1,enterprise,,,,[],,,01/13/2022,04/16/2025
2676,nist_800_53,rev5,System and Services Acquisition,SA-10,Developer Configuration Management,mitigates,T1505.004,IIS Components,16.1,enterprise,,,,[],,,01/13/2022,04/16/2025
2677,nist_800_53,rev5,System and Services Acquisition,SA-10,Developer Configuration Management,mitigates,T1542.003,Bootkit,16.1,enterprise,,,,[],,,01/13/2022,04/16/2025
2678,nist_800_53,rev5,System and Services Acquisition,SA-10,Developer Configuration Management,mitigates,T1542.004,ROMMONkit,16.1,enterprise,,,,[],,,01/13/2022,04/16/2025
2679,nist_800_53,rev5,System and Services Acquisition,SA-10,Developer Configuration Management,mitigates,T1542.005,TFTP Boot,16.1,enterprise,,,,[],,,01/13/2022,04/16/2025
2680,nist_800_53,rev5,System and Services Acquisition,SA-10,Developer Configuration Management,mitigates,T1553.006,Code Signing Policy Modification,16.1,enterprise,,,,[],,,01/13/2022,04/16/2025
2681,nist_800_53,rev5,System and Services Acquisition,SA-10,Developer Configuration Management,mitigates,T1559.003,XPC Services,16.1,enterprise,,,,[],,,01/13/2022,04/16/2025
2682,nist_800_53,rev5,System and Services Acquisition,SA-10,Developer Configuration Management,mitigates,T1564.009,Resource Forking,16.1,enterprise,,,,[],,,01/13/2022,04/16/2025
2683,nist_800_53,rev5,System and Services Acquisition,SA-10,Developer Configuration Management,mitigates,T1574.002,DLL Side-Loading,16.1,enterprise,,,,[],,,01/13/2022,04/16/2025
2684,nist_800_53,rev5,System and Services Acquisition,SA-10,Developer Configuration Management,mitigates,T1601,Modify System Image,16.1,enterprise,,,,[],,,01/13/2022,04/16/2025
2685,nist_800_53,rev5,System and Services Acquisition,SA-10,Developer Configuration Management,mitigates,T1601.001,Patch System Image,16.1,enterprise,,,,[],,,01/13/2022,04/16/2025
2686,nist_800_53,rev5,System and Services Acquisition,SA-10,Developer Configuration Management,mitigates,T1601.002,Downgrade System Image,16.1,enterprise,,,,[],,,01/13/2022,04/16/2025
2687,nist_800_53,rev5,System and Services Acquisition,SA-10,Developer Configuration Management,mitigates,T1647,Plist File Modification,16.1,enterprise,,,,[],,,01/13/2022,04/16/2025
2688,nist_800_53,rev5,Identification and Authentication,IA-12,Identity Proofing,mitigates,T1078.002,Domain Accounts,16.1,enterprise,,,,[],,,01/13/2022,04/16/2025
2689,nist_800_53,rev5,Identification and Authentication,IA-11,Re-authentication,mitigates,T1110.001,Password Guessing,16.1,enterprise,,,,[],,,01/13/2022,04/16/2025
2690,nist_800_53,rev5,Identification and Authentication,IA-11,Re-authentication,mitigates,T1110.002,Password Cracking,16.1,enterprise,,,,[],,,01/13/2022,04/16/2025
2691,nist_800_53,rev5,Identification and Authentication,IA-11,Re-authentication,mitigates,T1110.003,Password Spraying,16.1,enterprise,,,,[],,,01/13/2022,04/16/2025
2692,nist_800_53,rev5,Identification and Authentication,IA-11,Re-authentication,mitigates,T1110.004,Credential Stuffing,16.1,enterprise,,,,[],,,01/13/2022,04/16/2025
2693,nist_800_53,rev5,System and Communications Protection,SC-44,Detonation Chambers,mitigates,T1137,Office Application Startup,16.1,enterprise,,,,[],,,01/13/2022,04/16/2025
2694,nist_800_53,rev5,System and Information Integrity,SI-08,Spam Protection,mitigates,T1137,Office Application Startup,16.1,enterprise,,,,[],,,01/13/2022,04/16/2025
2695,nist_800_53,rev5,System and Services Acquisition,SA-22,Unsupported System Components,mitigates,T1189,Drive-by Compromise,16.1,enterprise,,,,[],,,01/13/2022,04/16/2025
2696,nist_800_53,rev5,System and Communications Protection,SC-29,Heterogeneity,mitigates,T1189,Drive-by Compromise,16.1,enterprise,,,,[],,,01/13/2022,04/16/2025
2697,nist_800_53,rev5,Identification and Authentication,IA-07,Cryptographic Module Authentication,mitigates,T1195.003,Compromise Hardware Supply Chain,16.1,enterprise,,,,[],,,01/13/2022,04/16/2025
2698,nist_800_53,rev5,Identification and Authentication,IA-07,Cryptographic Module Authentication,mitigates,T1495,Firmware Corruption,16.1,enterprise,,,,[],,,01/13/2022,04/16/2025
2699,nist_800_53,rev5,Identification and Authentication,IA-07,Cryptographic Module Authentication,mitigates,T1542.003,Bootkit,16.1,enterprise,,,,[],,,01/13/2022,04/16/2025
2700,nist_800_53,rev5,Identification and Authentication,IA-07,Cryptographic Module Authentication,mitigates,T1542.004,ROMMONkit,16.1,enterprise,,,,[],,,01/13/2022,04/16/2025
2701,nist_800_53,rev5,Identification and Authentication,IA-07,Cryptographic Module Authentication,mitigates,T1542.005,TFTP Boot,16.1,enterprise,,,,[],,,01/13/2022,04/16/2025
2702,nist_800_53,rev5,Identification and Authentication,IA-07,Cryptographic Module Authentication,mitigates,T1553.006,Code Signing Policy Modification,16.1,enterprise,,,,[],,,01/13/2022,04/16/2025
2703,nist_800_53,rev5,Identification and Authentication,IA-07,Cryptographic Module Authentication,mitigates,T1601,Modify System Image,16.1,enterprise,,,,[],,,01/13/2022,04/16/2025
2704,nist_800_53,rev5,Identification and Authentication,IA-07,Cryptographic Module Authentication,mitigates,T1601.001,Patch System Image,16.1,enterprise,,,,[],,,01/13/2022,04/16/2025
2705,nist_800_53,rev5,Identification and Authentication,IA-07,Cryptographic Module Authentication,mitigates,T1601.002,Downgrade System Image,16.1,enterprise,,,,[],,,01/13/2022,04/16/2025
2706,nist_800_53,rev5,Risk Assessment,RA-09,Criticality Analysis,mitigates,T1195.003,Compromise Hardware Supply Chain,16.1,enterprise,,,,[],,,01/13/2022,04/16/2025
2707,nist_800_53,rev5,System and Communications Protection,SC-34,Non-modifiable Executable Programs,mitigates,T1195.003,Compromise Hardware Supply Chain,16.1,enterprise,,,,[],,,01/13/2022,04/16/2025
2708,nist_800_53,rev5,Media Protection,MP-07,Media Use,mitigates,T1052,Exfiltration Over Physical Medium,16.1,enterprise,,,,[],,,01/13/2022,04/16/2025
2709,nist_800_53,rev5,Media Protection,MP-07,Media Use,mitigates,T1052.001,Exfiltration over USB,16.1,enterprise,,,,[],,,01/13/2022,04/16/2025
2710,nist_800_53,rev5,Media Protection,MP-07,Media Use,mitigates,T1091,Replication Through Removable Media,16.1,enterprise,,,,[],,,01/13/2022,04/16/2025
2711,nist_800_53,rev5,Media Protection,MP-07,Media Use,mitigates,T1200,Hardware Additions,16.1,enterprise,,,,[],,,01/13/2022,04/16/2025
2712,nist_800_53,rev5,System and Communications Protection,SC-41,Port and I/O Device Access,mitigates,T1052,Exfiltration Over Physical Medium,16.1,enterprise,,,,[],,,01/13/2022,04/16/2025
2713,nist_800_53,rev5,System and Communications Protection,SC-41,Port and I/O Device Access,mitigates,T1052.001,Exfiltration over USB,16.1,enterprise,,,,[],,,01/13/2022,04/16/2025
2714,nist_800_53,rev5,System and Communications Protection,SC-41,Port and I/O Device Access,mitigates,T1091,Replication Through Removable Media,16.1,enterprise,,,,[],,,01/13/2022,04/16/2025
2715,nist_800_53,rev5,System and Communications Protection,SC-41,Port and I/O Device Access,mitigates,T1200,Hardware Additions,16.1,enterprise,,,,[],,,01/13/2022,04/16/2025
2716,nist_800_53,rev5,Security Assessment and Authorization,CA-02,Control Assessments,mitigates,T1195.002,Compromise Software Supply Chain,16.1,enterprise,,,,[],,,01/13/2022,04/16/2025
2717,nist_800_53,rev5,Security Assessment and Authorization,CA-02,Control Assessments,mitigates,T1210,Exploitation of Remote Services,16.1,enterprise,,,,[],,,01/13/2022,04/16/2025
2718,nist_800_53,rev5,System and Communications Protection,SC-26,Decoys,mitigates,T1210,Exploitation of Remote Services,16.1,enterprise,,,,[],,,01/13/2022,04/16/2025
2719,nist_800_53,rev5,System and Communications Protection,SC-35,External Malicious Code Identification,mitigates,T1210,Exploitation of Remote Services,16.1,enterprise,,,,[],,,01/13/2022,04/16/2025
2720,nist_800_53,rev5,System and Communications Protection,SC-29,Heterogeneity,mitigates,T1210,Exploitation of Remote Services,16.1,enterprise,,,,[],,,01/13/2022,04/16/2025
2721,nist_800_53,rev5,System and Communications Protection,SC-29,Heterogeneity,mitigates,T1211,Exploitation for Defense Evasion,16.1,enterprise,,,,[],,,01/13/2022,04/16/2025
2722,nist_800_53,rev5,Risk Assessment,RA-10,Threat Hunting,mitigates,T1195.002,Compromise Software Supply Chain,16.1,enterprise,,,,[],,,01/13/2022,04/16/2025
2723,nist_800_53,rev5,Risk Assessment,RA-10,Threat Hunting,mitigates,T1210,Exploitation of Remote Services,16.1,enterprise,,,,[],,,01/13/2022,04/16/2025
2724,nist_800_53,rev5,Risk Assessment,RA-10,Threat Hunting,mitigates,T1211,Exploitation for Defense Evasion,16.1,enterprise,,,,[],,,01/13/2022,04/16/2025
2725,nist_800_53,rev5,Risk Assessment,RA-10,Threat Hunting,mitigates,T1212,Exploitation for Credential Access,16.1,enterprise,,,,[],,,01/13/2022,04/16/2025
2726,nist_800_53,rev5,System and Communications Protection,SC-26,Decoys,mitigates,T1211,Exploitation for Defense Evasion,16.1,enterprise,,,,[],,,01/13/2022,04/16/2025
2727,nist_800_53,rev5,System and Communications Protection,SC-26,Decoys,mitigates,T1212,Exploitation for Credential Access,16.1,enterprise,,,,[],,,01/13/2022,04/16/2025
2728,nist_800_53,rev5,System and Communications Protection,SC-30,Concealment and Misdirection,mitigates,T1189,Drive-by Compromise,16.1,enterprise,,,,[],,,01/13/2022,04/16/2025
2729,nist_800_53,rev5,System and Communications Protection,SC-30,Concealment and Misdirection,mitigates,T1210,Exploitation of Remote Services,16.1,enterprise,,,,[],,,01/13/2022,04/16/2025
2730,nist_800_53,rev5,System and Communications Protection,SC-30,Concealment and Misdirection,mitigates,T1211,Exploitation for Defense Evasion,16.1,enterprise,,,,[],,,01/13/2022,04/16/2025
2731,nist_800_53,rev5,System and Communications Protection,SC-30,Concealment and Misdirection,mitigates,T1212,Exploitation for Credential Access,16.1,enterprise,,,,[],,,01/13/2022,04/16/2025
2732,nist_800_53,rev5,System and Communications Protection,SC-35,External Malicious Code Identification,mitigates,T1211,Exploitation for Defense Evasion,16.1,enterprise,,,,[],,,01/13/2022,04/16/2025
2733,nist_800_53,rev5,System and Communications Protection,SC-35,External Malicious Code Identification,mitigates,T1212,Exploitation for Credential Access,16.1,enterprise,,,,[],,,01/13/2022,04/16/2025
2734,nist_800_53,rev5,System and Information Integrity,SI-05,"Security Alerts, Advisories, and Directives",mitigates,T1210,Exploitation of Remote Services,16.1,enterprise,,,,[],,,01/13/2022,04/16/2025
2735,nist_800_53,rev5,System and Information Integrity,SI-05,"Security Alerts, Advisories, and Directives",mitigates,T1211,Exploitation for Defense Evasion,16.1,enterprise,,,,[],,,01/13/2022,04/16/2025
2736,nist_800_53,rev5,System and Information Integrity,SI-05,"Security Alerts, Advisories, and Directives",mitigates,T1212,Exploitation for Credential Access,16.1,enterprise,,,,[],,,01/13/2022,04/16/2025
2737,nist_800_53,rev5,Contingency Planning,CP-10,System Recovery and Reconstitution,mitigates,T1486,Data Encrypted for Impact,16.1,enterprise,,,,[],,,01/13/2022,04/16/2025
2738,nist_800_53,rev5,Contingency Planning,CP-10,System Recovery and Reconstitution,mitigates,T1491,Defacement,16.1,enterprise,,,,[],,,01/13/2022,04/16/2025
2739,nist_800_53,rev5,Contingency Planning,CP-10,System Recovery and Reconstitution,mitigates,T1491.001,Internal Defacement,16.1,enterprise,,,,[],,,01/13/2022,04/16/2025
2740,nist_800_53,rev5,Contingency Planning,CP-10,System Recovery and Reconstitution,mitigates,T1491.002,External Defacement,16.1,enterprise,,,,[],,,01/13/2022,04/16/2025
2741,nist_800_53,rev5,Contingency Planning,CP-10,System Recovery and Reconstitution,mitigates,T1561,Disk Wipe,16.1,enterprise,,,,[],,,01/13/2022,04/16/2025
2742,nist_800_53,rev5,Contingency Planning,CP-10,System Recovery and Reconstitution,mitigates,T1561.001,Disk Content Wipe,16.1,enterprise,,,,[],,,01/13/2022,04/16/2025
2743,nist_800_53,rev5,Contingency Planning,CP-10,System Recovery and Reconstitution,mitigates,T1561.002,Disk Structure Wipe,16.1,enterprise,,,,[],,,01/13/2022,04/16/2025
2744,nist_800_53,rev5,Contingency Planning,CP-10,System Recovery and Reconstitution,mitigates,T1565.001,Stored Data Manipulation,16.1,enterprise,,,,[],,,01/13/2022,04/16/2025
2745,nist_800_53,rev5,System and Communications Protection,SC-37,Out-of-band Channels,mitigates,T1071.001,Web Protocols,16.1,enterprise,,,,[],,,01/13/2022,04/16/2025
2746,nist_800_53,rev5,System and Communications Protection,SC-37,Out-of-band Channels,mitigates,T1071.004,DNS,16.1,enterprise,,,,[],,,01/13/2022,04/16/2025
2747,nist_800_53,rev5,System and Communications Protection,SC-16,Transmission of Security and Privacy Attributes,mitigates,T1505,Server Software Component,16.1,enterprise,,,,[],,,01/13/2022,04/16/2025
2748,nist_800_53,rev5,System and Information Integrity,SI-14,Non-persistence,mitigates,T1505,Server Software Component,16.1,enterprise,,,,[],,,01/13/2022,04/16/2025
2749,nist_800_53,rev5,System and Services Acquisition,SA-22,Unsupported System Components,mitigates,T1195.002,Compromise Software Supply Chain,16.1,enterprise,,,,[],,,01/13/2022,04/16/2025
2750,nist_800_53,rev5,Configuration Management,CM-10,Software Usage Restrictions,mitigates,T1546.008,Accessibility Features,16.1,enterprise,,,,[],,,01/13/2022,04/16/2025
2751,nist_800_53,rev5,System and Information Integrity,SI-14,Non-persistence,mitigates,T1505.001,SQL Stored Procedures,16.1,enterprise,,,,[],,,01/13/2022,04/16/2025
2752,nist_800_53,rev5,System and Information Integrity,SI-14,Non-persistence,mitigates,T1505.002,Transport Agent,16.1,enterprise,,,,[],,,01/13/2022,04/16/2025
2753,nist_800_53,rev5,System and Information Integrity,SI-14,Non-persistence,mitigates,T1505.004,IIS Components,16.1,enterprise,,,,[],,,01/13/2022,04/16/2025
2754,nist_800_53,rev5,System and Information Integrity,SI-14,Non-persistence,mitigates,T1547.006,Kernel Modules and Extensions,16.1,enterprise,,,,[],,,01/13/2022,04/16/2025
2755,nist_800_53,rev5,System and Communications Protection,SC-13,Cryptographic Protection,mitigates,T1025,Data from Removable Media,16.1,enterprise,,,,[],,,01/13/2022,04/16/2025
2756,nist_800_53,rev5,System and Communications Protection,SC-13,Cryptographic Protection,mitigates,T1041,Exfiltration Over C2 Channel,16.1,enterprise,,,,[],,,01/13/2022,04/16/2025
2757,nist_800_53,rev5,System and Communications Protection,SC-13,Cryptographic Protection,mitigates,T1048.003,Exfiltration Over Unencrypted Non-C2 Protocol,16.1,enterprise,,,,[],,,01/13/2022,04/16/2025
2758,nist_800_53,rev5,System and Communications Protection,SC-18,Mobile Code,mitigates,T1055,Process Injection,16.1,enterprise,,,,[],,,01/13/2022,04/16/2025
2759,nist_800_53,rev5,System and Communications Protection,SC-18,Mobile Code,mitigates,T1055.001,Dynamic-link Library Injection,16.1,enterprise,,,,[],,,01/13/2022,04/16/2025
2760,nist_800_53,rev5,System and Communications Protection,SC-18,Mobile Code,mitigates,T1055.002,Portable Executable Injection,16.1,enterprise,,,,[],,,01/13/2022,04/16/2025
2761,nist_800_53,rev5,System and Communications Protection,SC-18,Mobile Code,mitigates,T1055.003,Thread Execution Hijacking,16.1,enterprise,,,,[],,,01/13/2022,04/16/2025
2762,nist_800_53,rev5,System and Communications Protection,SC-18,Mobile Code,mitigates,T1055.004,Asynchronous Procedure Call,16.1,enterprise,,,,[],,,01/13/2022,04/16/2025
2763,nist_800_53,rev5,System and Communications Protection,SC-18,Mobile Code,mitigates,T1055.005,Thread Local Storage,16.1,enterprise,,,,[],,,01/13/2022,04/16/2025
2764,nist_800_53,rev5,System and Communications Protection,SC-18,Mobile Code,mitigates,T1055.008,Ptrace System Calls,16.1,enterprise,,,,[],,,01/13/2022,04/16/2025
2765,nist_800_53,rev5,System and Communications Protection,SC-18,Mobile Code,mitigates,T1055.009,Proc Memory,16.1,enterprise,,,,[],,,01/13/2022,04/16/2025
2766,nist_800_53,rev5,System and Communications Protection,SC-18,Mobile Code,mitigates,T1055.011,Extra Window Memory Injection,16.1,enterprise,,,,[],,,01/13/2022,04/16/2025
2767,nist_800_53,rev5,System and Communications Protection,SC-18,Mobile Code,mitigates,T1055.012,Process Hollowing,16.1,enterprise,,,,[],,,01/13/2022,04/16/2025
2768,nist_800_53,rev5,System and Communications Protection,SC-18,Mobile Code,mitigates,T1055.013,Process Doppelgänging,16.1,enterprise,,,,[],,,01/13/2022,04/16/2025
2769,nist_800_53,rev5,System and Communications Protection,SC-18,Mobile Code,mitigates,T1055.014,VDSO Hijacking,16.1,enterprise,,,,[],,,01/13/2022,04/16/2025
2770,nist_800_53,rev5,System and Communications Protection,SC-18,Mobile Code,mitigates,T1059.005,Visual Basic,16.1,enterprise,,,,[],,,01/13/2022,04/16/2025
2771,nist_800_53,rev5,System and Communications Protection,SC-18,Mobile Code,mitigates,T1059.007,JavaScript,16.1,enterprise,,,,[],,,01/13/2022,04/16/2025
2772,nist_800_53,rev5,System and Communications Protection,SC-18,Mobile Code,mitigates,T1068,Exploitation for Privilege Escalation,16.1,enterprise,,,,[],,,01/13/2022,04/16/2025
2773,nist_800_53,rev5,System and Communications Protection,SC-18,Mobile Code,mitigates,T1137,Office Application Startup,16.1,enterprise,,,,[],,,01/13/2022,04/16/2025
2774,nist_800_53,rev5,System and Communications Protection,SC-18,Mobile Code,mitigates,T1137.001,Office Template Macros,16.1,enterprise,,,,[],,,01/13/2022,04/16/2025
2775,nist_800_53,rev5,System and Communications Protection,SC-18,Mobile Code,mitigates,T1137.003,Outlook Forms,16.1,enterprise,,,,[],,,01/13/2022,04/16/2025
2776,nist_800_53,rev5,System and Communications Protection,SC-18,Mobile Code,mitigates,T1137.004,Outlook Home Page,16.1,enterprise,,,,[],,,01/13/2022,04/16/2025
2777,nist_800_53,rev5,System and Communications Protection,SC-18,Mobile Code,mitigates,T1137.005,Outlook Rules,16.1,enterprise,,,,[],,,01/13/2022,04/16/2025
2778,nist_800_53,rev5,System and Communications Protection,SC-18,Mobile Code,mitigates,T1137.006,Add-ins,16.1,enterprise,,,,[],,,01/13/2022,04/16/2025
2779,nist_800_53,rev5,System and Communications Protection,SC-18,Mobile Code,mitigates,T1189,Drive-by Compromise,16.1,enterprise,,,,[],,,01/13/2022,04/16/2025
2780,nist_800_53,rev5,System and Communications Protection,SC-18,Mobile Code,mitigates,T1210,Exploitation of Remote Services,16.1,enterprise,,,,[],,,01/13/2022,04/16/2025
2781,nist_800_53,rev5,System and Communications Protection,SC-18,Mobile Code,mitigates,T1211,Exploitation for Defense Evasion,16.1,enterprise,,,,[],,,01/13/2022,04/16/2025
2782,nist_800_53,rev5,System and Communications Protection,SC-18,Mobile Code,mitigates,T1212,Exploitation for Credential Access,16.1,enterprise,,,,[],,,01/13/2022,04/16/2025
2783,nist_800_53,rev5,System and Communications Protection,SC-18,Mobile Code,mitigates,T1218.001,Compiled HTML File,16.1,enterprise,,,,[],,,01/13/2022,04/16/2025
2784,nist_800_53,rev5,System and Communications Protection,SC-18,Mobile Code,mitigates,T1548.004,Elevated Execution with Prompt,16.1,enterprise,,,,[],,,01/13/2022,04/16/2025
2785,nist_800_53,rev5,System and Communications Protection,SC-18,Mobile Code,mitigates,T1559,Inter-Process Communication,16.1,enterprise,,,,[],,,01/13/2022,04/16/2025
2786,nist_800_53,rev5,System and Communications Protection,SC-18,Mobile Code,mitigates,T1559.001,Component Object Model,16.1,enterprise,,,,[],,,01/13/2022,04/16/2025
2787,nist_800_53,rev5,System and Communications Protection,SC-18,Mobile Code,mitigates,T1559.002,Dynamic Data Exchange,16.1,enterprise,,,,[],,,01/13/2022,04/16/2025
2788,nist_800_53,rev5,Contingency Planning,CP-02,Contingency Plan,mitigates,T1486,Data Encrypted for Impact,16.1,enterprise,,,,[],,,01/13/2022,04/16/2025
2789,nist_800_53,rev5,Contingency Planning,CP-02,Contingency Plan,mitigates,T1491,Defacement,16.1,enterprise,,,,[],,,01/13/2022,04/16/2025
2790,nist_800_53,rev5,Contingency Planning,CP-02,Contingency Plan,mitigates,T1491.001,Internal Defacement,16.1,enterprise,,,,[],,,01/13/2022,04/16/2025
2791,nist_800_53,rev5,Contingency Planning,CP-02,Contingency Plan,mitigates,T1491.002,External Defacement,16.1,enterprise,,,,[],,,01/13/2022,04/16/2025
2792,nist_800_53,rev5,Contingency Planning,CP-02,Contingency Plan,mitigates,T1561,Disk Wipe,16.1,enterprise,,,,[],,,01/13/2022,04/16/2025
2793,nist_800_53,rev5,Contingency Planning,CP-02,Contingency Plan,mitigates,T1561.001,Disk Content Wipe,16.1,enterprise,,,,[],,,01/13/2022,04/16/2025
2794,nist_800_53,rev5,Contingency Planning,CP-02,Contingency Plan,mitigates,T1561.002,Disk Structure Wipe,16.1,enterprise,,,,[],,,01/13/2022,04/16/2025
2795,nist_800_53,rev5,Configuration Management,CM-10,Software Usage Restrictions,mitigates,T1546.013,PowerShell Profile,16.1,enterprise,,,,[],,,01/13/2022,04/16/2025
2796,nist_800_53,rev5,Configuration Management,CM-10,Software Usage Restrictions,mitigates,T1553.004,Install Root Certificate,16.1,enterprise,,,,[],,,01/13/2022,04/16/2025
2797,nist_800_53,rev5,Configuration Management,CM-10,Software Usage Restrictions,mitigates,T1559,Inter-Process Communication,16.1,enterprise,,,,[],,,01/13/2022,04/16/2025
2798,nist_800_53,rev5,Configuration Management,CM-10,Software Usage Restrictions,mitigates,T1559.002,Dynamic Data Exchange,16.1,enterprise,,,,[],,,01/13/2022,04/16/2025
2799,nist_800_53,rev5,Configuration Management,CM-10,Software Usage Restrictions,mitigates,T1562.009,Safe Mode Boot,16.1,enterprise,,,,[],,,01/13/2022,04/16/2025
2800,nist_800_53,rev5,System and Communications Protection,SC-06,Resource Availability,mitigates,T1564.009,Resource Forking,16.1,enterprise,,,,[],,,01/13/2022,04/16/2025
2801,nist_800_53,rev5,Contingency Planning,CP-06,Alternate Storage Site,mitigates,T1070.002,Clear Linux or Mac System Logs,16.1,enterprise,,,,[],,,01/13/2022,04/16/2025
2802,nist_800_53,rev5,Contingency Planning,CP-06,Alternate Storage Site,mitigates,T1070.008,Clear Mailbox Data,16.1,enterprise,,,,[],,,01/13/2022,04/16/2025
2803,nist_800_53,rev5,Contingency Planning,CP-06,Alternate Storage Site,mitigates,T1486,Data Encrypted for Impact,16.1,enterprise,,,,[],,,01/13/2022,04/16/2025
2804,nist_800_53,rev5,Contingency Planning,CP-06,Alternate Storage Site,mitigates,T1565.001,Stored Data Manipulation,16.1,enterprise,,,,[],,,01/13/2022,04/16/2025
2805,nist_800_53,rev5,System and Communications Protection,SC-36,Distributed Processing and Storage,mitigates,T1070.002,Clear Linux or Mac System Logs,16.1,enterprise,,,,[],,,01/13/2022,04/16/2025
2806,nist_800_53,rev5,System and Communications Protection,SC-36,Distributed Processing and Storage,mitigates,T1070.008,Clear Mailbox Data,16.1,enterprise,,,,[],,,01/13/2022,04/16/2025
2807,nist_800_53,rev5,System and Communications Protection,SC-36,Distributed Processing and Storage,mitigates,T1565.001,Stored Data Manipulation,16.1,enterprise,,,,[],,,01/13/2022,04/16/2025
2808,nist_800_53,rev5,System and Information Integrity,SI-23,Information Fragmentation,mitigates,T1070.002,Clear Linux or Mac System Logs,16.1,enterprise,,,,[],,,01/13/2022,04/16/2025
2809,nist_800_53,rev5,System and Information Integrity,SI-23,Information Fragmentation,mitigates,T1565.001,Stored Data Manipulation,16.1,enterprise,,,,[],,,01/13/2022,04/16/2025
2810,nist_800_53,rev5,Contingency Planning,CP-09,System Backup,mitigates,T1003.003,NTDS,16.1,enterprise,,,,[],,,01/13/2022,04/16/2025
2811,nist_800_53,rev5,Contingency Planning,CP-09,System Backup,mitigates,T1005,Data from Local System,16.1,enterprise,,,,[],,,01/13/2022,04/16/2025
2812,nist_800_53,rev5,Contingency Planning,CP-09,System Backup,mitigates,T1025,Data from Removable Media,16.1,enterprise,,,,[],,,01/13/2022,04/16/2025
2813,nist_800_53,rev5,Contingency Planning,CP-09,System Backup,mitigates,T1070,Indicator Removal,16.1,enterprise,,,,[],,,01/13/2022,04/16/2025
2814,nist_800_53,rev5,Contingency Planning,CP-09,System Backup,mitigates,T1070.002,Clear Linux or Mac System Logs,16.1,enterprise,,,,[],,,01/13/2022,04/16/2025
2815,nist_800_53,rev5,Contingency Planning,CP-09,System Backup,mitigates,T1070.008,Clear Mailbox Data,16.1,enterprise,,,,[],,,01/13/2022,04/16/2025
2816,nist_800_53,rev5,Contingency Planning,CP-09,System Backup,mitigates,T1486,Data Encrypted for Impact,16.1,enterprise,,,,[],,,01/13/2022,04/16/2025
2817,nist_800_53,rev5,Contingency Planning,CP-09,System Backup,mitigates,T1491,Defacement,16.1,enterprise,,,,[],,,01/13/2022,04/16/2025
2818,nist_800_53,rev5,Contingency Planning,CP-09,System Backup,mitigates,T1491.001,Internal Defacement,16.1,enterprise,,,,[],,,01/13/2022,04/16/2025
2819,nist_800_53,rev5,Contingency Planning,CP-09,System Backup,mitigates,T1491.002,External Defacement,16.1,enterprise,,,,[],,,01/13/2022,04/16/2025
2820,nist_800_53,rev5,Contingency Planning,CP-09,System Backup,mitigates,T1561,Disk Wipe,16.1,enterprise,,,,[],,,01/13/2022,04/16/2025
2821,nist_800_53,rev5,Contingency Planning,CP-09,System Backup,mitigates,T1561.001,Disk Content Wipe,16.1,enterprise,,,,[],,,01/13/2022,04/16/2025
2822,nist_800_53,rev5,Contingency Planning,CP-09,System Backup,mitigates,T1561.002,Disk Structure Wipe,16.1,enterprise,,,,[],,,01/13/2022,04/16/2025
2823,nist_800_53,rev5,Contingency Planning,CP-09,System Backup,mitigates,T1565.001,Stored Data Manipulation,16.1,enterprise,,,,[],,,01/13/2022,04/16/2025
2824,nist_800_53,rev5,Contingency Planning,CP-09,System Backup,mitigates,T1565.003,Runtime Data Manipulation,16.1,enterprise,,,,[],,,01/13/2022,04/16/2025
2825,nist_800_53,rev5,Access Control,AC-23,Data Mining Protection,mitigates,T1005,Data from Local System,16.1,enterprise,,,,[],,,01/13/2022,04/16/2025
2826,nist_800_53,rev5,Access Control,AC-23,Data Mining Protection,mitigates,T1025,Data from Removable Media,16.1,enterprise,,,,[],,,01/13/2022,04/16/2025
2827,nist_800_53,rev5,Access Control,AC-23,Data Mining Protection,mitigates,T1041,Exfiltration Over C2 Channel,16.1,enterprise,,,,[],,,01/13/2022,04/16/2025
2828,nist_800_53,rev5,Access Control,AC-23,Data Mining Protection,mitigates,T1048,Exfiltration Over Alternative Protocol,16.1,enterprise,,,,[],,,01/13/2022,04/16/2025
2829,nist_800_53,rev5,Access Control,AC-23,Data Mining Protection,mitigates,T1048.002,Exfiltration Over Asymmetric Encrypted Non-C2 Protocol,16.1,enterprise,,,,[],,,01/13/2022,04/16/2025
2830,nist_800_53,rev5,Access Control,AC-23,Data Mining Protection,mitigates,T1048.003,Exfiltration Over Unencrypted Non-C2 Protocol,16.1,enterprise,,,,[],,,01/13/2022,04/16/2025
2831,nist_800_53,rev5,Access Control,AC-23,Data Mining Protection,mitigates,T1052,Exfiltration Over Physical Medium,16.1,enterprise,,,,[],,,01/13/2022,04/16/2025
2832,nist_800_53,rev5,Access Control,AC-23,Data Mining Protection,mitigates,T1052.001,Exfiltration over USB,16.1,enterprise,,,,[],,,01/13/2022,04/16/2025
2833,nist_800_53,rev5,Access Control,AC-23,Data Mining Protection,mitigates,T1552.007,Container API,16.1,enterprise,,,,[],,,01/13/2022,04/16/2025
2834,nist_800_53,rev5,Access Control,AC-23,Data Mining Protection,mitigates,T1567,Exfiltration Over Web Service,16.1,enterprise,,,,[],,,01/13/2022,04/16/2025
2835,nist_800_53,rev5,Security Assessment and Authorization,CA-03,Information Exchange,mitigates,T1041,Exfiltration Over C2 Channel,16.1,enterprise,,,,[],,,01/13/2022,04/16/2025
2836,nist_800_53,rev5,Security Assessment and Authorization,CA-03,Information Exchange,mitigates,T1048,Exfiltration Over Alternative Protocol,16.1,enterprise,,,,[],,,01/13/2022,04/16/2025
2837,nist_800_53,rev5,Security Assessment and Authorization,CA-03,Information Exchange,mitigates,T1048.002,Exfiltration Over Asymmetric Encrypted Non-C2 Protocol,16.1,enterprise,,,,[],,,01/13/2022,04/16/2025
2838,nist_800_53,rev5,Security Assessment and Authorization,CA-03,Information Exchange,mitigates,T1048.003,Exfiltration Over Unencrypted Non-C2 Protocol,16.1,enterprise,,,,[],,,01/13/2022,04/16/2025
2839,nist_800_53,rev5,Security Assessment and Authorization,CA-03,Information Exchange,mitigates,T1567,Exfiltration Over Web Service,16.1,enterprise,,,,[],,,01/13/2022,04/16/2025
2840,nist_800_53,rev5,System and Services Acquisition,SA-09,External System Services,mitigates,T1048,Exfiltration Over Alternative Protocol,16.1,enterprise,,,,[],,,01/13/2022,04/16/2025
2841,nist_800_53,rev5,System and Services Acquisition,SA-09,External System Services,mitigates,T1048.002,Exfiltration Over Asymmetric Encrypted Non-C2 Protocol,16.1,enterprise,,,,[],,,01/13/2022,04/16/2025
2842,nist_800_53,rev5,System and Services Acquisition,SA-09,External System Services,mitigates,T1048.003,Exfiltration Over Unencrypted Non-C2 Protocol,16.1,enterprise,,,,[],,,01/13/2022,04/16/2025
2843,nist_800_53,rev5,System and Services Acquisition,SA-09,External System Services,mitigates,T1567,Exfiltration Over Web Service,16.1,enterprise,,,,[],,,01/13/2022,04/16/2025
2844,nist_800_53,rev5,System and Communications Protection,SC-31,Covert Channel Analysis,mitigates,T1048,Exfiltration Over Alternative Protocol,16.1,enterprise,,,,[],,,01/13/2022,04/16/2025
2845,nist_800_53,rev5,System and Communications Protection,SC-31,Covert Channel Analysis,mitigates,T1048.002,Exfiltration Over Asymmetric Encrypted Non-C2 Protocol,16.1,enterprise,,,,[],,,01/13/2022,04/16/2025
2846,nist_800_53,rev5,System and Communications Protection,SC-31,Covert Channel Analysis,mitigates,T1048.003,Exfiltration Over Unencrypted Non-C2 Protocol,16.1,enterprise,,,,[],,,01/13/2022,04/16/2025
2847,nist_800_53,rev5,System and Communications Protection,SC-31,Covert Channel Analysis,mitigates,T1071.001,Web Protocols,16.1,enterprise,,,,[],,,01/13/2022,04/16/2025
2848,nist_800_53,rev5,System and Communications Protection,SC-31,Covert Channel Analysis,mitigates,T1071.004,DNS,16.1,enterprise,,,,[],,,01/13/2022,04/16/2025
2849,nist_800_53,rev5,System and Communications Protection,SC-31,Covert Channel Analysis,mitigates,T1567,Exfiltration Over Web Service,16.1,enterprise,,,,[],,,01/13/2022,04/16/2025
2850,nist_800_53,rev5,System and Communications Protection,SC-21,Secure Name/Address Resolution Service (Recursive or Caching Resolver),mitigates,T1071.001,Web Protocols,16.1,enterprise,,,,[],,,01/13/2022,04/16/2025
2851,nist_800_53,rev5,System and Communications Protection,SC-21,Secure Name/Address Resolution Service (Recursive or Caching Resolver),mitigates,T1071.004,DNS,16.1,enterprise,,,,[],,,01/13/2022,04/16/2025
2852,nist_800_53,rev5,System and Communications Protection,SC-21,Secure Name/Address Resolution Service (Recursive or Caching Resolver),mitigates,T1568,Dynamic Resolution,16.1,enterprise,,,,[],,,01/13/2022,04/16/2025
2853,nist_800_53,rev5,System and Communications Protection,SC-21,Secure Name/Address Resolution Service (Recursive or Caching Resolver),mitigates,T1568.002,Domain Generation Algorithms,16.1,enterprise,,,,[],,,01/13/2022,04/16/2025
2854,nist_800_53,rev5,System and Communications Protection,SC-22,Architecture and Provisioning for Name/Address Resolution Service,mitigates,T1071.001,Web Protocols,16.1,enterprise,,,,[],,,01/13/2022,04/16/2025
2855,nist_800_53,rev5,System and Communications Protection,SC-22,Architecture and Provisioning for Name/Address Resolution Service,mitigates,T1071.004,DNS,16.1,enterprise,,,,[],,,01/13/2022,04/16/2025
2856,nist_800_53,rev5,System and Communications Protection,SC-22,Architecture and Provisioning for Name/Address Resolution Service,mitigates,T1568,Dynamic Resolution,16.1,enterprise,,,,[],,,01/13/2022,04/16/2025
2857,nist_800_53,rev5,System and Communications Protection,SC-22,Architecture and Provisioning for Name/Address Resolution Service,mitigates,T1568.002,Domain Generation Algorithms,16.1,enterprise,,,,[],,,01/13/2022,04/16/2025
2858,nist_800_53,rev5,Configuration Management,CM-11,User-installed Software,mitigates,T1195.002,Compromise Software Supply Chain,16.1,enterprise,,,,[],,,01/13/2022,04/16/2025
2859,nist_800_53,rev5,Configuration Management,CM-11,User-installed Software,mitigates,T1218.001,Compiled HTML File,16.1,enterprise,,,,[],,,01/13/2022,04/16/2025
2860,nist_800_53,rev5,Configuration Management,CM-11,User-installed Software,mitigates,T1218.002,Control Panel,16.1,enterprise,,,,[],,,01/13/2022,04/16/2025
2861,nist_800_53,rev5,Configuration Management,CM-11,User-installed Software,mitigates,T1218.003,CMSTP,16.1,enterprise,,,,[],,,01/13/2022,04/16/2025
2862,nist_800_53,rev5,Configuration Management,CM-11,User-installed Software,mitigates,T1218.004,InstallUtil,16.1,enterprise,,,,[],,,01/13/2022,04/16/2025
2863,nist_800_53,rev5,Configuration Management,CM-11,User-installed Software,mitigates,T1218.005,Mshta,16.1,enterprise,,,,[],,,01/13/2022,04/16/2025
2864,nist_800_53,rev5,Configuration Management,CM-11,User-installed Software,mitigates,T1218.008,Odbcconf,16.1,enterprise,,,,[],,,01/13/2022,04/16/2025
2865,nist_800_53,rev5,Configuration Management,CM-11,User-installed Software,mitigates,T1218.009,Regsvcs/Regasm,16.1,enterprise,,,,[],,,01/13/2022,04/16/2025
2866,nist_800_53,rev5,Configuration Management,CM-11,User-installed Software,mitigates,T1218.012,Verclsid,16.1,enterprise,,,,[],,,01/13/2022,04/16/2025
2867,nist_800_53,rev5,Configuration Management,CM-11,User-installed Software,mitigates,T1218.013,Mavinject,16.1,enterprise,,,,[],,,01/13/2022,04/16/2025
2868,nist_800_53,rev5,Configuration Management,CM-11,User-installed Software,mitigates,T1218.014,MMC,16.1,enterprise,,,,[],,,01/13/2022,04/16/2025
2869,nist_800_53,rev5,Configuration Management,CM-11,User-installed Software,mitigates,T1505,Server Software Component,16.1,enterprise,,,,[],,,01/13/2022,04/16/2025
2870,nist_800_53,rev5,Configuration Management,CM-11,User-installed Software,mitigates,T1505.001,SQL Stored Procedures,16.1,enterprise,,,,[],,,01/13/2022,04/16/2025
2871,nist_800_53,rev5,Configuration Management,CM-11,User-installed Software,mitigates,T1505.002,Transport Agent,16.1,enterprise,,,,[],,,01/13/2022,04/16/2025
2872,nist_800_53,rev5,Configuration Management,CM-11,User-installed Software,mitigates,T1505.004,IIS Components,16.1,enterprise,,,,[],,,01/13/2022,04/16/2025
2873,nist_800_53,rev5,Configuration Management,CM-11,User-installed Software,mitigates,T1543.001,Launch Agent,16.1,enterprise,,,,[],,,01/13/2022,04/16/2025
2874,nist_800_53,rev5,Configuration Management,CM-11,User-installed Software,mitigates,T1543.004,Launch Daemon,16.1,enterprise,,,,[],,,01/13/2022,04/16/2025
2875,nist_800_53,rev5,Configuration Management,CM-11,User-installed Software,mitigates,T1547.013,XDG Autostart Entries,16.1,enterprise,,,,[],,,01/13/2022,04/16/2025
2876,nist_800_53,rev5,Configuration Management,CM-11,User-installed Software,mitigates,T1564.009,Resource Forking,16.1,enterprise,,,,[],,,01/13/2022,04/16/2025
2877,nist_800_53,rev5,Configuration Management,CM-11,User-installed Software,mitigates,T1569,System Services,16.1,enterprise,,,,[],,,01/13/2022,04/16/2025
2878,nist_800_53,rev5,Configuration Management,CM-11,User-installed Software,mitigates,T1569.001,Launchctl,16.1,enterprise,,,,[],,,01/13/2022,04/16/2025
2879,nist_800_53,rev5,System and Communications Protection,SC-12,Cryptographic Key Establishment and Management,mitigates,T1098.004,SSH Authorized Keys,16.1,enterprise,,,,[],,,01/13/2022,04/16/2025
2880,nist_800_53,rev5,System and Communications Protection,SC-12,Cryptographic Key Establishment and Management,mitigates,T1552.002,Credentials in Registry,16.1,enterprise,,,,[],,,01/13/2022,04/16/2025
2881,nist_800_53,rev5,System and Communications Protection,SC-12,Cryptographic Key Establishment and Management,mitigates,T1563.001,SSH Hijacking,16.1,enterprise,,,,[],,,01/13/2022,04/16/2025
2882,nist_800_53,rev5,System and Communications Protection,SC-12,Cryptographic Key Establishment and Management,mitigates,T1573.001,Symmetric Cryptography,16.1,enterprise,,,,[],,,01/13/2022,04/16/2025
2883,nist_800_53,rev5,System and Communications Protection,SC-12,Cryptographic Key Establishment and Management,mitigates,T1573.002,Asymmetric Cryptography,16.1,enterprise,,,,[],,,01/13/2022,04/16/2025
2884,nist_800_53,rev5,System and Communications Protection,SC-16,Transmission of Security and Privacy Attributes,mitigates,T1505.002,Transport Agent,16.1,enterprise,,,,[],,,01/13/2022,04/16/2025
2885,nist_800_53,rev5,System and Communications Protection,SC-16,Transmission of Security and Privacy Attributes,mitigates,T1573.001,Symmetric Cryptography,16.1,enterprise,,,,[],,,01/13/2022,04/16/2025
2886,nist_800_53,rev5,System and Communications Protection,SC-16,Transmission of Security and Privacy Attributes,mitigates,T1573.002,Asymmetric Cryptography,16.1,enterprise,,,,[],,,01/13/2022,04/16/2025
2887,nist_800_53,rev5,System and Services Acquisition,SA-15,"Development Process, Standards, and Tools",mitigates,T1552.002,Credentials in Registry,16.1,enterprise,,,,[],,,01/13/2022,04/16/2025
2888,nist_800_53,rev5,System and Services Acquisition,SA-15,"Development Process, Standards, and Tools",mitigates,T1552.006,Group Policy Preferences,16.1,enterprise,,,,[],,,01/13/2022,04/16/2025
2889,nist_800_53,rev5,System and Services Acquisition,SA-15,"Development Process, Standards, and Tools",mitigates,T1558.004,AS-REP Roasting,16.1,enterprise,,,,[],,,01/13/2022,04/16/2025
2890,nist_800_53,rev5,System and Services Acquisition,SA-15,"Development Process, Standards, and Tools",mitigates,T1574.002,DLL Side-Loading,16.1,enterprise,,,,[],,,01/13/2022,04/16/2025
2891,nist_800_53,rev5,System and Services Acquisition,SA-16,Developer-provided Training,mitigates,T1574.002,DLL Side-Loading,16.1,enterprise,,,,[],,,01/13/2022,04/16/2025
2892,nist_800_53,rev5,System and Services Acquisition,SA-17,Developer Security and Privacy Architecture and Design,mitigates,T1134.005,SID-History Injection,16.1,enterprise,,,,[],,,01/13/2022,04/16/2025
2893,nist_800_53,rev5,System and Services Acquisition,SA-17,Developer Security and Privacy Architecture and Design,mitigates,T1482,Domain Trust Discovery,16.1,enterprise,,,,[],,,01/13/2022,04/16/2025
2894,nist_800_53,rev5,System and Services Acquisition,SA-17,Developer Security and Privacy Architecture and Design,mitigates,T1574.002,DLL Side-Loading,16.1,enterprise,,,,[],,,01/13/2022,04/16/2025
2895,nist_800_53,rev5,System and Services Acquisition,SA-03,System Development Life Cycle,mitigates,T1574.002,DLL Side-Loading,16.1,enterprise,,,,[],,,01/13/2022,04/16/2025
2896,nist_800_53,rev5,System and Services Acquisition,SA-04,Acquisition Process,mitigates,T1134.005,SID-History Injection,16.1,enterprise,,,,[],,,01/13/2022,04/16/2025
2897,nist_800_53,rev5,System and Services Acquisition,SA-04,Acquisition Process,mitigates,T1574.002,DLL Side-Loading,16.1,enterprise,,,,[],,,01/13/2022,04/16/2025
2898,nist_800_53,rev5,Identification and Authentication,IA-06,Authentication Feedback,mitigates,T1021.005,VNC,16.1,enterprise,,,,[],,,01/13/2022,04/16/2025
2899,nist_800_53,rev5,Identification and Authentication,IA-06,Authentication Feedback,mitigates,T1578,Modify Cloud Compute Infrastructure,16.1,enterprise,,,,[],,,01/13/2022,04/16/2025
2900,nist_800_53,rev5,Identification and Authentication,IA-06,Authentication Feedback,mitigates,T1578.001,Create Snapshot,16.1,enterprise,,,,[],,,01/13/2022,04/16/2025
2901,nist_800_53,rev5,Identification and Authentication,IA-06,Authentication Feedback,mitigates,T1578.002,Create Cloud Instance,16.1,enterprise,,,,[],,,01/13/2022,04/16/2025
2902,nist_800_53,rev5,Identification and Authentication,IA-06,Authentication Feedback,mitigates,T1578.003,Delete Cloud Instance,16.1,enterprise,,,,[],,,01/13/2022,04/16/2025
2903,nist_800_53,rev5,System and Communications Protection,SC-20,Secure Name/Address Resolution Service (Authoritative Source),mitigates,T1071.001,Web Protocols,16.1,enterprise,,,,[],,,01/13/2022,04/16/2025
2904,nist_800_53,rev5,System and Communications Protection,SC-20,Secure Name/Address Resolution Service (Authoritative Source),mitigates,T1071.004,DNS,16.1,enterprise,,,,[],,,01/13/2022,04/16/2025
2905,nist_800_53,rev5,System and Communications Protection,SC-20,Secure Name/Address Resolution Service (Authoritative Source),mitigates,T1553.004,Install Root Certificate,16.1,enterprise,,,,[],,,01/13/2022,04/16/2025
2906,nist_800_53,rev5,System and Communications Protection,SC-20,Secure Name/Address Resolution Service (Authoritative Source),mitigates,T1568,Dynamic Resolution,16.1,enterprise,,,,[],,,01/13/2022,04/16/2025
2907,nist_800_53,rev5,System and Communications Protection,SC-20,Secure Name/Address Resolution Service (Authoritative Source),mitigates,T1568.002,Domain Generation Algorithms,16.1,enterprise,,,,[],,,01/13/2022,04/16/2025
2908,nist_800_53,rev5,System and Communications Protection,SC-20,Secure Name/Address Resolution Service (Authoritative Source),mitigates,T1598,Phishing for Information,16.1,enterprise,,,,[],,,01/13/2022,04/16/2025
2909,nist_800_53,rev5,System and Communications Protection,SC-20,Secure Name/Address Resolution Service (Authoritative Source),mitigates,T1598.002,Spearphishing Attachment,16.1,enterprise,,,,[],,,01/13/2022,04/16/2025
2910,nist_800_53,rev5,System and Communications Protection,SC-44,Detonation Chambers,mitigates,T1137.001,Office Template Macros,16.1,enterprise,,,,[],,,01/13/2022,04/16/2025
2911,nist_800_53,rev5,System and Communications Protection,SC-44,Detonation Chambers,mitigates,T1137.003,Outlook Forms,16.1,enterprise,,,,[],,,01/13/2022,04/16/2025
2912,nist_800_53,rev5,System and Communications Protection,SC-44,Detonation Chambers,mitigates,T1137.004,Outlook Home Page,16.1,enterprise,,,,[],,,01/13/2022,04/16/2025
2913,nist_800_53,rev5,System and Communications Protection,SC-44,Detonation Chambers,mitigates,T1137.005,Outlook Rules,16.1,enterprise,,,,[],,,01/13/2022,04/16/2025
2914,nist_800_53,rev5,System and Communications Protection,SC-44,Detonation Chambers,mitigates,T1137.006,Add-ins,16.1,enterprise,,,,[],,,01/13/2022,04/16/2025
2915,nist_800_53,rev5,System and Communications Protection,SC-44,Detonation Chambers,mitigates,T1204.001,Malicious Link,16.1,enterprise,,,,[],,,01/13/2022,04/16/2025
2916,nist_800_53,rev5,System and Communications Protection,SC-44,Detonation Chambers,mitigates,T1204.003,Malicious Image,16.1,enterprise,,,,[],,,01/13/2022,04/16/2025
2917,nist_800_53,rev5,System and Communications Protection,SC-44,Detonation Chambers,mitigates,T1221,Template Injection,16.1,enterprise,,,,[],,,01/13/2022,04/16/2025
2918,nist_800_53,rev5,System and Communications Protection,SC-44,Detonation Chambers,mitigates,T1564.009,Resource Forking,16.1,enterprise,,,,[],,,01/13/2022,04/16/2025
2919,nist_800_53,rev5,System and Communications Protection,SC-44,Detonation Chambers,mitigates,T1598,Phishing for Information,16.1,enterprise,,,,[],,,01/13/2022,04/16/2025
2920,nist_800_53,rev5,System and Communications Protection,SC-44,Detonation Chambers,mitigates,T1598.001,Spearphishing Service,16.1,enterprise,,,,[],,,01/13/2022,04/16/2025
2921,nist_800_53,rev5,System and Communications Protection,SC-44,Detonation Chambers,mitigates,T1598.002,Spearphishing Attachment,16.1,enterprise,,,,[],,,01/13/2022,04/16/2025
2922,nist_800_53,rev5,System and Information Integrity,SI-08,Spam Protection,mitigates,T1137.001,Office Template Macros,16.1,enterprise,,,,[],,,01/13/2022,04/16/2025
2923,nist_800_53,rev5,System and Information Integrity,SI-08,Spam Protection,mitigates,T1137.003,Outlook Forms,16.1,enterprise,,,,[],,,01/13/2022,04/16/2025
2924,nist_800_53,rev5,System and Information Integrity,SI-08,Spam Protection,mitigates,T1137.004,Outlook Home Page,16.1,enterprise,,,,[],,,01/13/2022,04/16/2025
2925,nist_800_53,rev5,System and Information Integrity,SI-08,Spam Protection,mitigates,T1137.005,Outlook Rules,16.1,enterprise,,,,[],,,01/13/2022,04/16/2025
2926,nist_800_53,rev5,System and Information Integrity,SI-08,Spam Protection,mitigates,T1137.006,Add-ins,16.1,enterprise,,,,[],,,01/13/2022,04/16/2025
2927,nist_800_53,rev5,System and Information Integrity,SI-08,Spam Protection,mitigates,T1204.001,Malicious Link,16.1,enterprise,,,,[],,,01/13/2022,04/16/2025
2928,nist_800_53,rev5,System and Information Integrity,SI-08,Spam Protection,mitigates,T1204.003,Malicious Image,16.1,enterprise,,,,[],,,01/13/2022,04/16/2025
2929,nist_800_53,rev5,System and Information Integrity,SI-08,Spam Protection,mitigates,T1221,Template Injection,16.1,enterprise,,,,[],,,01/13/2022,04/16/2025
2930,nist_800_53,rev5,System and Information Integrity,SI-08,Spam Protection,mitigates,T1598,Phishing for Information,16.1,enterprise,,,,[],,,01/13/2022,04/16/2025
2931,nist_800_53,rev5,System and Information Integrity,SI-08,Spam Protection,mitigates,T1598.001,Spearphishing Service,16.1,enterprise,,,,[],,,01/13/2022,04/16/2025
2932,nist_800_53,rev5,System and Information Integrity,SI-08,Spam Protection,mitigates,T1598.002,Spearphishing Attachment,16.1,enterprise,,,,[],,,01/13/2022,04/16/2025
2933,nist_800_53,rev5,Risk Assessment,RA-09,Criticality Analysis,mitigates,T1495,Firmware Corruption,16.1,enterprise,,,,[],,,01/13/2022,04/16/2025
2934,nist_800_53,rev5,Risk Assessment,RA-09,Criticality Analysis,mitigates,T1542.003,Bootkit,16.1,enterprise,,,,[],,,01/13/2022,04/16/2025
2935,nist_800_53,rev5,Risk Assessment,RA-09,Criticality Analysis,mitigates,T1542.004,ROMMONkit,16.1,enterprise,,,,[],,,01/13/2022,04/16/2025
2936,nist_800_53,rev5,Risk Assessment,RA-09,Criticality Analysis,mitigates,T1542.005,TFTP Boot,16.1,enterprise,,,,[],,,01/13/2022,04/16/2025
2937,nist_800_53,rev5,Risk Assessment,RA-09,Criticality Analysis,mitigates,T1553.006,Code Signing Policy Modification,16.1,enterprise,,,,[],,,01/13/2022,04/16/2025
2938,nist_800_53,rev5,Risk Assessment,RA-09,Criticality Analysis,mitigates,T1601,Modify System Image,16.1,enterprise,,,,[],,,01/13/2022,04/16/2025
2939,nist_800_53,rev5,Risk Assessment,RA-09,Criticality Analysis,mitigates,T1601.001,Patch System Image,16.1,enterprise,,,,[],,,01/13/2022,04/16/2025
2940,nist_800_53,rev5,Risk Assessment,RA-09,Criticality Analysis,mitigates,T1601.002,Downgrade System Image,16.1,enterprise,,,,[],,,01/13/2022,04/16/2025
2941,nist_800_53,rev5,Supply Chain Risk Management,SR-11,Component Authenticity,mitigates,T1204.003,Malicious Image,16.1,enterprise,,,,[],,,01/13/2022,04/16/2025
2942,nist_800_53,rev5,Supply Chain Risk Management,SR-11,Component Authenticity,mitigates,T1505,Server Software Component,16.1,enterprise,,,,[],,,01/13/2022,04/16/2025
2943,nist_800_53,rev5,Supply Chain Risk Management,SR-11,Component Authenticity,mitigates,T1505.001,SQL Stored Procedures,16.1,enterprise,,,,[],,,01/13/2022,04/16/2025
2944,nist_800_53,rev5,Supply Chain Risk Management,SR-11,Component Authenticity,mitigates,T1505.002,Transport Agent,16.1,enterprise,,,,[],,,01/13/2022,04/16/2025
2945,nist_800_53,rev5,Supply Chain Risk Management,SR-11,Component Authenticity,mitigates,T1505.004,IIS Components,16.1,enterprise,,,,[],,,01/13/2022,04/16/2025
2946,nist_800_53,rev5,Supply Chain Risk Management,SR-11,Component Authenticity,mitigates,T1546.006,LC_LOAD_DYLIB Addition,16.1,enterprise,,,,[],,,01/13/2022,04/16/2025
2947,nist_800_53,rev5,Supply Chain Risk Management,SR-11,Component Authenticity,mitigates,T1601,Modify System Image,16.1,enterprise,,,,[],,,01/13/2022,04/16/2025
2948,nist_800_53,rev5,Supply Chain Risk Management,SR-11,Component Authenticity,mitigates,T1601.001,Patch System Image,16.1,enterprise,,,,[],,,01/13/2022,04/16/2025
2949,nist_800_53,rev5,Supply Chain Risk Management,SR-11,Component Authenticity,mitigates,T1601.002,Downgrade System Image,16.1,enterprise,,,,[],,,01/13/2022,04/16/2025
2950,nist_800_53,rev5,Supply Chain Risk Management,SR-04,Provenance,mitigates,T1048,Exfiltration Over Alternative Protocol,16.1,enterprise,,,,[],,,01/13/2022,04/16/2025
2951,nist_800_53,rev5,Supply Chain Risk Management,SR-04,Provenance,mitigates,T1048.002,Exfiltration Over Asymmetric Encrypted Non-C2 Protocol,16.1,enterprise,,,,[],,,01/13/2022,04/16/2025
2952,nist_800_53,rev5,Supply Chain Risk Management,SR-04,Provenance,mitigates,T1048.003,Exfiltration Over Unencrypted Non-C2 Protocol,16.1,enterprise,,,,[],,,01/13/2022,04/16/2025
2953,nist_800_53,rev5,Supply Chain Risk Management,SR-04,Provenance,mitigates,T1052,Exfiltration Over Physical Medium,16.1,enterprise,,,,[],,,01/13/2022,04/16/2025
2954,nist_800_53,rev5,Supply Chain Risk Management,SR-04,Provenance,mitigates,T1052.001,Exfiltration over USB,16.1,enterprise,,,,[],,,01/13/2022,04/16/2025
2955,nist_800_53,rev5,Supply Chain Risk Management,SR-04,Provenance,mitigates,T1059.002,AppleScript,16.1,enterprise,,,,[],,,01/13/2022,04/16/2025
2956,nist_800_53,rev5,Supply Chain Risk Management,SR-04,Provenance,mitigates,T1204.003,Malicious Image,16.1,enterprise,,,,[],,,01/13/2022,04/16/2025
2957,nist_800_53,rev5,Supply Chain Risk Management,SR-04,Provenance,mitigates,T1505,Server Software Component,16.1,enterprise,,,,[],,,01/13/2022,04/16/2025
2958,nist_800_53,rev5,Supply Chain Risk Management,SR-04,Provenance,mitigates,T1505.001,SQL Stored Procedures,16.1,enterprise,,,,[],,,01/13/2022,04/16/2025
2959,nist_800_53,rev5,Supply Chain Risk Management,SR-04,Provenance,mitigates,T1505.002,Transport Agent,16.1,enterprise,,,,[],,,01/13/2022,04/16/2025
2960,nist_800_53,rev5,Supply Chain Risk Management,SR-04,Provenance,mitigates,T1505.004,IIS Components,16.1,enterprise,,,,[],,,01/13/2022,04/16/2025
2961,nist_800_53,rev5,Supply Chain Risk Management,SR-04,Provenance,mitigates,T1546.006,LC_LOAD_DYLIB Addition,16.1,enterprise,,,,[],,,01/13/2022,04/16/2025
2962,nist_800_53,rev5,Supply Chain Risk Management,SR-04,Provenance,mitigates,T1567,Exfiltration Over Web Service,16.1,enterprise,,,,[],,,01/13/2022,04/16/2025
2963,nist_800_53,rev5,Supply Chain Risk Management,SR-04,Provenance,mitigates,T1601,Modify System Image,16.1,enterprise,,,,[],,,01/13/2022,04/16/2025
2964,nist_800_53,rev5,Supply Chain Risk Management,SR-04,Provenance,mitigates,T1601.001,Patch System Image,16.1,enterprise,,,,[],,,01/13/2022,04/16/2025
2965,nist_800_53,rev5,Supply Chain Risk Management,SR-04,Provenance,mitigates,T1601.002,Downgrade System Image,16.1,enterprise,,,,[],,,01/13/2022,04/16/2025
2966,nist_800_53,rev5,Supply Chain Risk Management,SR-05,"Acquisition Strategies, Tools, and Methods",mitigates,T1204.003,Malicious Image,16.1,enterprise,,,,[],,,01/13/2022,04/16/2025
2967,nist_800_53,rev5,Supply Chain Risk Management,SR-05,"Acquisition Strategies, Tools, and Methods",mitigates,T1505,Server Software Component,16.1,enterprise,,,,[],,,01/13/2022,04/16/2025
2968,nist_800_53,rev5,Supply Chain Risk Management,SR-05,"Acquisition Strategies, Tools, and Methods",mitigates,T1505.001,SQL Stored Procedures,16.1,enterprise,,,,[],,,01/13/2022,04/16/2025
2969,nist_800_53,rev5,Supply Chain Risk Management,SR-05,"Acquisition Strategies, Tools, and Methods",mitigates,T1505.002,Transport Agent,16.1,enterprise,,,,[],,,01/13/2022,04/16/2025
2970,nist_800_53,rev5,Supply Chain Risk Management,SR-05,"Acquisition Strategies, Tools, and Methods",mitigates,T1505.004,IIS Components,16.1,enterprise,,,,[],,,01/13/2022,04/16/2025
2971,nist_800_53,rev5,Supply Chain Risk Management,SR-05,"Acquisition Strategies, Tools, and Methods",mitigates,T1546.006,LC_LOAD_DYLIB Addition,16.1,enterprise,,,,[],,,01/13/2022,04/16/2025
2972,nist_800_53,rev5,Supply Chain Risk Management,SR-05,"Acquisition Strategies, Tools, and Methods",mitigates,T1601,Modify System Image,16.1,enterprise,,,,[],,,01/13/2022,04/16/2025
2973,nist_800_53,rev5,Supply Chain Risk Management,SR-05,"Acquisition Strategies, Tools, and Methods",mitigates,T1601.001,Patch System Image,16.1,enterprise,,,,[],,,01/13/2022,04/16/2025
2974,nist_800_53,rev5,Supply Chain Risk Management,SR-05,"Acquisition Strategies, Tools, and Methods",mitigates,T1601.002,Downgrade System Image,16.1,enterprise,,,,[],,,01/13/2022,04/16/2025
2975,nist_800_53,rev5,Access Control,AC-19,Access Control for Mobile Devices,mitigates,T1070.002,Clear Linux or Mac System Logs,16.1,enterprise,,,,[],,,01/13/2022,04/16/2025
2976,nist_800_53,rev5,Access Control,AC-19,Access Control for Mobile Devices,mitigates,T1070.008,Clear Mailbox Data,16.1,enterprise,,,,[],,,01/13/2022,04/16/2025
2977,nist_800_53,rev5,Access Control,AC-19,Access Control for Mobile Devices,mitigates,T1114.001,Local Email Collection,16.1,enterprise,,,,[],,,01/13/2022,04/16/2025
2978,nist_800_53,rev5,Access Control,AC-19,Access Control for Mobile Devices,mitigates,T1557.002,ARP Cache Poisoning,16.1,enterprise,,,,[],,,01/13/2022,04/16/2025
2979,nist_800_53,rev5,Access Control,AC-19,Access Control for Mobile Devices,mitigates,T1558.002,Silver Ticket,16.1,enterprise,,,,[],,,01/13/2022,04/16/2025
2980,nist_800_53,rev5,Access Control,AC-19,Access Control for Mobile Devices,mitigates,T1558.003,Kerberoasting,16.1,enterprise,,,,[],,,01/13/2022,04/16/2025
2981,nist_800_53,rev5,Access Control,AC-19,Access Control for Mobile Devices,mitigates,T1558.004,AS-REP Roasting,16.1,enterprise,,,,[],,,01/13/2022,04/16/2025
2982,nist_800_53,rev5,Access Control,AC-19,Access Control for Mobile Devices,mitigates,T1565.001,Stored Data Manipulation,16.1,enterprise,,,,[],,,01/13/2022,04/16/2025
2983,nist_800_53,rev5,Access Control,AC-19,Access Control for Mobile Devices,mitigates,T1565.002,Transmitted Data Manipulation,16.1,enterprise,,,,[],,,01/13/2022,04/16/2025
2984,nist_800_53,rev5,Access Control,AC-19,Access Control for Mobile Devices,mitigates,T1602,Data from Configuration Repository,16.1,enterprise,,,,[],,,01/13/2022,04/16/2025
2985,nist_800_53,rev5,Access Control,AC-19,Access Control for Mobile Devices,mitigates,T1602.001,SNMP (MIB Dump),16.1,enterprise,,,,[],,,01/13/2022,04/16/2025
2986,nist_800_53,rev5,Access Control,AC-19,Access Control for Mobile Devices,mitigates,T1602.002,Network Device Configuration Dump,16.1,enterprise,,,,[],,,01/13/2022,04/16/2025
2987,nist_800_53,rev5,Identification and Authentication,IA-04,Identifier Management,mitigates,T1003.006,DCSync,16.1,enterprise,,,,[],,,01/13/2022,04/16/2025
2988,nist_800_53,rev5,Identification and Authentication,IA-04,Identifier Management,mitigates,T1021.001,Remote Desktop Protocol,16.1,enterprise,,,,[],,,01/13/2022,04/16/2025
2989,nist_800_53,rev5,Identification and Authentication,IA-04,Identifier Management,mitigates,T1021.005,VNC,16.1,enterprise,,,,[],,,01/13/2022,04/16/2025
2990,nist_800_53,rev5,Identification and Authentication,IA-04,Identifier Management,mitigates,T1110.001,Password Guessing,16.1,enterprise,,,,[],,,01/13/2022,04/16/2025
2991,nist_800_53,rev5,Identification and Authentication,IA-04,Identifier Management,mitigates,T1110.002,Password Cracking,16.1,enterprise,,,,[],,,01/13/2022,04/16/2025
2992,nist_800_53,rev5,Identification and Authentication,IA-04,Identifier Management,mitigates,T1110.003,Password Spraying,16.1,enterprise,,,,[],,,01/13/2022,04/16/2025
2993,nist_800_53,rev5,Identification and Authentication,IA-04,Identifier Management,mitigates,T1110.004,Credential Stuffing,16.1,enterprise,,,,[],,,01/13/2022,04/16/2025
2994,nist_800_53,rev5,Identification and Authentication,IA-04,Identifier Management,mitigates,T1547.006,Kernel Modules and Extensions,16.1,enterprise,,,,[],,,01/13/2022,04/16/2025
2995,nist_800_53,rev5,Identification and Authentication,IA-04,Identifier Management,mitigates,T1552.005,Cloud Instance Metadata API,16.1,enterprise,,,,[],,,01/13/2022,04/16/2025
2996,nist_800_53,rev5,Identification and Authentication,IA-04,Identifier Management,mitigates,T1578,Modify Cloud Compute Infrastructure,16.1,enterprise,,,,[],,,01/13/2022,04/16/2025
2997,nist_800_53,rev5,Identification and Authentication,IA-04,Identifier Management,mitigates,T1578.001,Create Snapshot,16.1,enterprise,,,,[],,,01/13/2022,04/16/2025
2998,nist_800_53,rev5,Identification and Authentication,IA-04,Identifier Management,mitigates,T1578.002,Create Cloud Instance,16.1,enterprise,,,,[],,,01/13/2022,04/16/2025
2999,nist_800_53,rev5,Identification and Authentication,IA-04,Identifier Management,mitigates,T1578.003,Delete Cloud Instance,16.1,enterprise,,,,[],,,01/13/2022,04/16/2025
3000,nist_800_53,rev5,Identification and Authentication,IA-04,Identifier Management,mitigates,T1602,Data from Configuration Repository,16.1,enterprise,,,,[],,,01/13/2022,04/16/2025
3001,nist_800_53,rev5,Identification and Authentication,IA-04,Identifier Management,mitigates,T1602.001,SNMP (MIB Dump),16.1,enterprise,,,,[],,,01/13/2022,04/16/2025
3002,nist_800_53,rev5,Identification and Authentication,IA-04,Identifier Management,mitigates,T1602.002,Network Device Configuration Dump,16.1,enterprise,,,,[],,,01/13/2022,04/16/2025
3003,nist_800_53,rev5,System and Communications Protection,SC-28,Protection of Information at Rest,mitigates,T1003.002,Security Account Manager,16.1,enterprise,,,,[],,,01/13/2022,04/16/2025
3004,nist_800_53,rev5,System and Communications Protection,SC-28,Protection of Information at Rest,mitigates,T1003.003,NTDS,16.1,enterprise,,,,[],,,01/13/2022,04/16/2025
3005,nist_800_53,rev5,System and Communications Protection,SC-28,Protection of Information at Rest,mitigates,T1003.004,LSA Secrets,16.1,enterprise,,,,[],,,01/13/2022,04/16/2025
3006,nist_800_53,rev5,System and Communications Protection,SC-28,Protection of Information at Rest,mitigates,T1003.006,DCSync,16.1,enterprise,,,,[],,,01/13/2022,04/16/2025
3007,nist_800_53,rev5,System and Communications Protection,SC-28,Protection of Information at Rest,mitigates,T1003.008,/etc/passwd and /etc/shadow,16.1,enterprise,,,,[],,,01/13/2022,04/16/2025
3008,nist_800_53,rev5,System and Communications Protection,SC-28,Protection of Information at Rest,mitigates,T1005,Data from Local System,16.1,enterprise,,,,[],,,01/13/2022,04/16/2025
3009,nist_800_53,rev5,System and Communications Protection,SC-28,Protection of Information at Rest,mitigates,T1025,Data from Removable Media,16.1,enterprise,,,,[],,,01/13/2022,04/16/2025
3010,nist_800_53,rev5,System and Communications Protection,SC-28,Protection of Information at Rest,mitigates,T1041,Exfiltration Over C2 Channel,16.1,enterprise,,,,[],,,01/13/2022,04/16/2025
3011,nist_800_53,rev5,System and Communications Protection,SC-28,Protection of Information at Rest,mitigates,T1048,Exfiltration Over Alternative Protocol,16.1,enterprise,,,,[],,,01/13/2022,04/16/2025
3012,nist_800_53,rev5,System and Communications Protection,SC-28,Protection of Information at Rest,mitigates,T1048.002,Exfiltration Over Asymmetric Encrypted Non-C2 Protocol,16.1,enterprise,,,,[],,,01/13/2022,04/16/2025
3013,nist_800_53,rev5,System and Communications Protection,SC-28,Protection of Information at Rest,mitigates,T1048.003,Exfiltration Over Unencrypted Non-C2 Protocol,16.1,enterprise,,,,[],,,01/13/2022,04/16/2025
3014,nist_800_53,rev5,System and Communications Protection,SC-28,Protection of Information at Rest,mitigates,T1052,Exfiltration Over Physical Medium,16.1,enterprise,,,,[],,,01/13/2022,04/16/2025
3015,nist_800_53,rev5,System and Communications Protection,SC-28,Protection of Information at Rest,mitigates,T1052.001,Exfiltration over USB,16.1,enterprise,,,,[],,,01/13/2022,04/16/2025
3016,nist_800_53,rev5,System and Communications Protection,SC-28,Protection of Information at Rest,mitigates,T1552.002,Credentials in Registry,16.1,enterprise,,,,[],,,01/13/2022,04/16/2025
3017,nist_800_53,rev5,System and Communications Protection,SC-28,Protection of Information at Rest,mitigates,T1552.003,Bash History,16.1,enterprise,,,,[],,,01/13/2022,04/16/2025
3018,nist_800_53,rev5,System and Communications Protection,SC-28,Protection of Information at Rest,mitigates,T1565.001,Stored Data Manipulation,16.1,enterprise,,,,[],,,01/13/2022,04/16/2025
3019,nist_800_53,rev5,System and Communications Protection,SC-28,Protection of Information at Rest,mitigates,T1565.003,Runtime Data Manipulation,16.1,enterprise,,,,[],,,01/13/2022,04/16/2025
3020,nist_800_53,rev5,System and Communications Protection,SC-28,Protection of Information at Rest,mitigates,T1567,Exfiltration Over Web Service,16.1,enterprise,,,,[],,,01/13/2022,04/16/2025
3021,nist_800_53,rev5,System and Communications Protection,SC-28,Protection of Information at Rest,mitigates,T1599,Network Boundary Bridging,16.1,enterprise,,,,[],,,01/13/2022,04/16/2025
3022,nist_800_53,rev5,System and Communications Protection,SC-28,Protection of Information at Rest,mitigates,T1599.001,Network Address Translation Traversal,16.1,enterprise,,,,[],,,01/13/2022,04/16/2025
3023,nist_800_53,rev5,System and Communications Protection,SC-28,Protection of Information at Rest,mitigates,T1602,Data from Configuration Repository,16.1,enterprise,,,,[],,,01/13/2022,04/16/2025
3024,nist_800_53,rev5,System and Communications Protection,SC-28,Protection of Information at Rest,mitigates,T1602.001,SNMP (MIB Dump),16.1,enterprise,,,,[],,,01/13/2022,04/16/2025
3025,nist_800_53,rev5,System and Communications Protection,SC-28,Protection of Information at Rest,mitigates,T1602.002,Network Device Configuration Dump,16.1,enterprise,,,,[],,,01/13/2022,04/16/2025
3026,nist_800_53,rev5,System and Communications Protection,SC-04,Information in Shared System Resources,mitigates,T1070,Indicator Removal,16.1,enterprise,,,,[],,,01/13/2022,04/16/2025
3027,nist_800_53,rev5,System and Communications Protection,SC-04,Information in Shared System Resources,mitigates,T1070.002,Clear Linux or Mac System Logs,16.1,enterprise,,,,[],,,01/13/2022,04/16/2025
3028,nist_800_53,rev5,System and Communications Protection,SC-04,Information in Shared System Resources,mitigates,T1070.008,Clear Mailbox Data,16.1,enterprise,,,,[],,,01/13/2022,04/16/2025
3029,nist_800_53,rev5,System and Communications Protection,SC-04,Information in Shared System Resources,mitigates,T1080,Taint Shared Content,16.1,enterprise,,,,[],,,01/13/2022,04/16/2025
3030,nist_800_53,rev5,System and Communications Protection,SC-04,Information in Shared System Resources,mitigates,T1552.002,Credentials in Registry,16.1,enterprise,,,,[],,,01/13/2022,04/16/2025
3031,nist_800_53,rev5,System and Communications Protection,SC-04,Information in Shared System Resources,mitigates,T1557.002,ARP Cache Poisoning,16.1,enterprise,,,,[],,,01/13/2022,04/16/2025
3032,nist_800_53,rev5,System and Communications Protection,SC-04,Information in Shared System Resources,mitigates,T1558.002,Silver Ticket,16.1,enterprise,,,,[],,,01/13/2022,04/16/2025
3033,nist_800_53,rev5,System and Communications Protection,SC-04,Information in Shared System Resources,mitigates,T1558.003,Kerberoasting,16.1,enterprise,,,,[],,,01/13/2022,04/16/2025
3034,nist_800_53,rev5,System and Communications Protection,SC-04,Information in Shared System Resources,mitigates,T1558.004,AS-REP Roasting,16.1,enterprise,,,,[],,,01/13/2022,04/16/2025
3035,nist_800_53,rev5,System and Communications Protection,SC-04,Information in Shared System Resources,mitigates,T1564.009,Resource Forking,16.1,enterprise,,,,[],,,01/13/2022,04/16/2025
3036,nist_800_53,rev5,System and Communications Protection,SC-04,Information in Shared System Resources,mitigates,T1565.001,Stored Data Manipulation,16.1,enterprise,,,,[],,,01/13/2022,04/16/2025
3037,nist_800_53,rev5,System and Communications Protection,SC-04,Information in Shared System Resources,mitigates,T1565.002,Transmitted Data Manipulation,16.1,enterprise,,,,[],,,01/13/2022,04/16/2025
3038,nist_800_53,rev5,System and Communications Protection,SC-04,Information in Shared System Resources,mitigates,T1565.003,Runtime Data Manipulation,16.1,enterprise,,,,[],,,01/13/2022,04/16/2025
3039,nist_800_53,rev5,System and Communications Protection,SC-04,Information in Shared System Resources,mitigates,T1595.003,Wordlist Scanning,16.1,enterprise,,,,[],,,01/13/2022,04/16/2025
3040,nist_800_53,rev5,System and Communications Protection,SC-04,Information in Shared System Resources,mitigates,T1602,Data from Configuration Repository,16.1,enterprise,,,,[],,,01/13/2022,04/16/2025
3041,nist_800_53,rev5,System and Communications Protection,SC-04,Information in Shared System Resources,mitigates,T1602.001,SNMP (MIB Dump),16.1,enterprise,,,,[],,,01/13/2022,04/16/2025
3042,nist_800_53,rev5,System and Communications Protection,SC-04,Information in Shared System Resources,mitigates,T1602.002,Network Device Configuration Dump,16.1,enterprise,,,,[],,,01/13/2022,04/16/2025
3043,nist_800_53,rev5,System and Information Integrity,SI-12,Information Management and Retention,mitigates,T1003.003,NTDS,16.1,enterprise,,,,[],,,01/13/2022,04/16/2025
3044,nist_800_53,rev5,System and Information Integrity,SI-12,Information Management and Retention,mitigates,T1070,Indicator Removal,16.1,enterprise,,,,[],,,01/13/2022,04/16/2025
3045,nist_800_53,rev5,System and Information Integrity,SI-12,Information Management and Retention,mitigates,T1070.002,Clear Linux or Mac System Logs,16.1,enterprise,,,,[],,,01/13/2022,04/16/2025
3046,nist_800_53,rev5,System and Information Integrity,SI-12,Information Management and Retention,mitigates,T1070.008,Clear Mailbox Data,16.1,enterprise,,,,[],,,01/13/2022,04/16/2025
3047,nist_800_53,rev5,System and Information Integrity,SI-12,Information Management and Retention,mitigates,T1070.008,Clear Mailbox Data,16.1,enterprise,,,,[],,,01/13/2022,04/16/2025
3048,nist_800_53,rev5,System and Information Integrity,SI-12,Information Management and Retention,mitigates,T1114.001,Local Email Collection,16.1,enterprise,,,,[],,,01/13/2022,04/16/2025
3049,nist_800_53,rev5,System and Information Integrity,SI-12,Information Management and Retention,mitigates,T1548.004,Elevated Execution with Prompt,16.1,enterprise,,,,[],,,01/13/2022,04/16/2025
3050,nist_800_53,rev5,System and Information Integrity,SI-12,Information Management and Retention,mitigates,T1557.002,ARP Cache Poisoning,16.1,enterprise,,,,[],,,01/13/2022,04/16/2025
3051,nist_800_53,rev5,System and Information Integrity,SI-12,Information Management and Retention,mitigates,T1558.002,Silver Ticket,16.1,enterprise,,,,[],,,01/13/2022,04/16/2025
3052,nist_800_53,rev5,System and Information Integrity,SI-12,Information Management and Retention,mitigates,T1558.003,Kerberoasting,16.1,enterprise,,,,[],,,01/13/2022,04/16/2025
3053,nist_800_53,rev5,System and Information Integrity,SI-12,Information Management and Retention,mitigates,T1558.004,AS-REP Roasting,16.1,enterprise,,,,[],,,01/13/2022,04/16/2025
3054,nist_800_53,rev5,System and Information Integrity,SI-12,Information Management and Retention,mitigates,T1565.001,Stored Data Manipulation,16.1,enterprise,,,,[],,,01/13/2022,04/16/2025
3055,nist_800_53,rev5,System and Information Integrity,SI-12,Information Management and Retention,mitigates,T1565.002,Transmitted Data Manipulation,16.1,enterprise,,,,[],,,01/13/2022,04/16/2025
3056,nist_800_53,rev5,System and Information Integrity,SI-12,Information Management and Retention,mitigates,T1602,Data from Configuration Repository,16.1,enterprise,,,,[],,,01/13/2022,04/16/2025
3057,nist_800_53,rev5,System and Information Integrity,SI-12,Information Management and Retention,mitigates,T1602.001,SNMP (MIB Dump),16.1,enterprise,,,,[],,,01/13/2022,04/16/2025
3058,nist_800_53,rev5,System and Information Integrity,SI-12,Information Management and Retention,mitigates,T1602.002,Network Device Configuration Dump,16.1,enterprise,,,,[],,,01/13/2022,04/16/2025
3059,nist_800_53,rev5,System and Communications Protection,SC-17,Public Key Infrastructure Certificates,mitigates,T1606,Forge Web Credentials,16.1,enterprise,,,,[],,,01/13/2022,04/16/2025
3060,nist_800_53,rev5,System and Communications Protection,SC-02,Separation of System and User Functionality,mitigates,T1189,Drive-by Compromise,16.1,enterprise,,,,[],,,01/13/2022,04/16/2025
3061,nist_800_53,rev5,System and Communications Protection,SC-02,Separation of System and User Functionality,mitigates,T1210,Exploitation of Remote Services,16.1,enterprise,,,,[],,,01/13/2022,04/16/2025
3062,nist_800_53,rev5,System and Communications Protection,SC-02,Separation of System and User Functionality,mitigates,T1211,Exploitation for Defense Evasion,16.1,enterprise,,,,[],,,01/13/2022,04/16/2025
3063,nist_800_53,rev5,System and Communications Protection,SC-02,Separation of System and User Functionality,mitigates,T1212,Exploitation for Credential Access,16.1,enterprise,,,,[],,,01/13/2022,04/16/2025
3064,nist_800_53,rev5,System and Communications Protection,SC-03,Security Function Isolation,mitigates,T1021.003,Distributed Component Object Model,16.1,enterprise,,,,[],,,01/13/2022,04/16/2025
3065,nist_800_53,rev5,System and Communications Protection,SC-03,Security Function Isolation,mitigates,T1068,Exploitation for Privilege Escalation,16.1,enterprise,,,,[],,,01/13/2022,04/16/2025
3066,nist_800_53,rev5,System and Communications Protection,SC-03,Security Function Isolation,mitigates,T1134.005,SID-History Injection,16.1,enterprise,,,,[],,,01/13/2022,04/16/2025
3067,nist_800_53,rev5,System and Communications Protection,SC-03,Security Function Isolation,mitigates,T1189,Drive-by Compromise,16.1,enterprise,,,,[],,,01/13/2022,04/16/2025
3068,nist_800_53,rev5,System and Communications Protection,SC-03,Security Function Isolation,mitigates,T1210,Exploitation of Remote Services,16.1,enterprise,,,,[],,,01/13/2022,04/16/2025
3069,nist_800_53,rev5,System and Communications Protection,SC-03,Security Function Isolation,mitigates,T1211,Exploitation for Defense Evasion,16.1,enterprise,,,,[],,,01/13/2022,04/16/2025
3070,nist_800_53,rev5,System and Communications Protection,SC-03,Security Function Isolation,mitigates,T1212,Exploitation for Credential Access,16.1,enterprise,,,,[],,,01/13/2022,04/16/2025
3071,nist_800_53,rev5,System and Communications Protection,SC-03,Security Function Isolation,mitigates,T1559,Inter-Process Communication,16.1,enterprise,,,,[],,,01/13/2022,04/16/2025
3072,nist_800_53,rev5,System and Communications Protection,SC-03,Security Function Isolation,mitigates,T1559.001,Component Object Model,16.1,enterprise,,,,[],,,01/13/2022,04/16/2025
3073,nist_800_53,rev5,System and Communications Protection,SC-03,Security Function Isolation,mitigates,T1559.002,Dynamic Data Exchange,16.1,enterprise,,,,[],,,01/13/2022,04/16/2025
3074,nist_800_53,rev5,System and Communications Protection,SC-03,Security Function Isolation,mitigates,T1602,Data from Configuration Repository,16.1,enterprise,,,,[],,,01/13/2022,04/16/2025
3075,nist_800_53,rev5,System and Communications Protection,SC-03,Security Function Isolation,mitigates,T1602.001,SNMP (MIB Dump),16.1,enterprise,,,,[],,,01/13/2022,04/16/2025
3076,nist_800_53,rev5,System and Communications Protection,SC-03,Security Function Isolation,mitigates,T1602.002,Network Device Configuration Dump,16.1,enterprise,,,,[],,,01/13/2022,04/16/2025
3077,nist_800_53,rev5,System and Communications Protection,SC-34,Non-modifiable Executable Programs,mitigates,T1542.003,Bootkit,16.1,enterprise,,,,[],,,01/13/2022,04/16/2025
3078,nist_800_53,rev5,System and Communications Protection,SC-34,Non-modifiable Executable Programs,mitigates,T1542.004,ROMMONkit,16.1,enterprise,,,,[],,,01/13/2022,04/16/2025
3079,nist_800_53,rev5,System and Communications Protection,SC-34,Non-modifiable Executable Programs,mitigates,T1542.005,TFTP Boot,16.1,enterprise,,,,[],,,01/13/2022,04/16/2025
3080,nist_800_53,rev5,System and Communications Protection,SC-34,Non-modifiable Executable Programs,mitigates,T1548.004,Elevated Execution with Prompt,16.1,enterprise,,,,[],,,01/13/2022,04/16/2025
3081,nist_800_53,rev5,System and Communications Protection,SC-34,Non-modifiable Executable Programs,mitigates,T1553.006,Code Signing Policy Modification,16.1,enterprise,,,,[],,,01/13/2022,04/16/2025
3082,nist_800_53,rev5,System and Communications Protection,SC-34,Non-modifiable Executable Programs,mitigates,T1601,Modify System Image,16.1,enterprise,,,,[],,,01/13/2022,04/16/2025
3083,nist_800_53,rev5,System and Communications Protection,SC-34,Non-modifiable Executable Programs,mitigates,T1601.001,Patch System Image,16.1,enterprise,,,,[],,,01/13/2022,04/16/2025
3084,nist_800_53,rev5,System and Communications Protection,SC-34,Non-modifiable Executable Programs,mitigates,T1601.002,Downgrade System Image,16.1,enterprise,,,,[],,,01/13/2022,04/16/2025
3085,nist_800_53,rev5,System and Communications Protection,SC-39,Process Isolation,mitigates,T1003.002,Security Account Manager,16.1,enterprise,,,,[],,,01/13/2022,04/16/2025
3086,nist_800_53,rev5,System and Communications Protection,SC-39,Process Isolation,mitigates,T1003.003,NTDS,16.1,enterprise,,,,[],,,01/13/2022,04/16/2025
3087,nist_800_53,rev5,System and Communications Protection,SC-39,Process Isolation,mitigates,T1003.004,LSA Secrets,16.1,enterprise,,,,[],,,01/13/2022,04/16/2025
3088,nist_800_53,rev5,System and Communications Protection,SC-39,Process Isolation,mitigates,T1003.006,DCSync,16.1,enterprise,,,,[],,,01/13/2022,04/16/2025
3089,nist_800_53,rev5,System and Communications Protection,SC-39,Process Isolation,mitigates,T1003.008,/etc/passwd and /etc/shadow,16.1,enterprise,,,,[],,,01/13/2022,04/16/2025
3090,nist_800_53,rev5,System and Communications Protection,SC-39,Process Isolation,mitigates,T1068,Exploitation for Privilege Escalation,16.1,enterprise,,,,[],,,01/13/2022,04/16/2025
3091,nist_800_53,rev5,System and Communications Protection,SC-39,Process Isolation,mitigates,T1189,Drive-by Compromise,16.1,enterprise,,,,[],,,01/13/2022,04/16/2025
3092,nist_800_53,rev5,System and Communications Protection,SC-39,Process Isolation,mitigates,T1210,Exploitation of Remote Services,16.1,enterprise,,,,[],,,01/13/2022,04/16/2025
3093,nist_800_53,rev5,System and Communications Protection,SC-39,Process Isolation,mitigates,T1211,Exploitation for Defense Evasion,16.1,enterprise,,,,[],,,01/13/2022,04/16/2025
3094,nist_800_53,rev5,System and Communications Protection,SC-39,Process Isolation,mitigates,T1212,Exploitation for Credential Access,16.1,enterprise,,,,[],,,01/13/2022,04/16/2025
3095,nist_800_53,rev5,System and Communications Protection,SC-39,Process Isolation,mitigates,T1547.002,Authentication Package,16.1,enterprise,,,,[],,,01/13/2022,04/16/2025
3096,nist_800_53,rev5,System and Communications Protection,SC-39,Process Isolation,mitigates,T1547.005,Security Support Provider,16.1,enterprise,,,,[],,,01/13/2022,04/16/2025
3097,nist_800_53,rev5,System and Communications Protection,SC-39,Process Isolation,mitigates,T1547.008,LSASS Driver,16.1,enterprise,,,,[],,,01/13/2022,04/16/2025
3098,nist_800_53,rev5,System and Information Integrity,SI-16,Memory Protection,mitigates,T1055.009,Proc Memory,16.1,enterprise,,,,[],,,01/13/2022,04/16/2025
3099,nist_800_53,rev5,System and Information Integrity,SI-16,Memory Protection,mitigates,T1059.001,PowerShell,16.1,enterprise,,,,[],,,01/13/2022,04/16/2025
3100,nist_800_53,rev5,System and Information Integrity,SI-16,Memory Protection,mitigates,T1059.002,AppleScript,16.1,enterprise,,,,[],,,01/13/2022,04/16/2025
3101,nist_800_53,rev5,System and Information Integrity,SI-16,Memory Protection,mitigates,T1059.003,Windows Command Shell,16.1,enterprise,,,,[],,,01/13/2022,04/16/2025
3102,nist_800_53,rev5,System and Information Integrity,SI-16,Memory Protection,mitigates,T1059.004,Unix Shell,16.1,enterprise,,,,[],,,01/13/2022,04/16/2025
3103,nist_800_53,rev5,System and Information Integrity,SI-16,Memory Protection,mitigates,T1059.005,Visual Basic,16.1,enterprise,,,,[],,,01/13/2022,04/16/2025
3104,nist_800_53,rev5,System and Information Integrity,SI-16,Memory Protection,mitigates,T1059.007,JavaScript,16.1,enterprise,,,,[],,,01/13/2022,04/16/2025
3105,nist_800_53,rev5,System and Information Integrity,SI-16,Memory Protection,mitigates,T1059.008,Network Device CLI,16.1,enterprise,,,,[],,,01/13/2022,04/16/2025
3106,nist_800_53,rev5,System and Information Integrity,SI-16,Memory Protection,mitigates,T1218.001,Compiled HTML File,16.1,enterprise,,,,[],,,01/13/2022,04/16/2025
3107,nist_800_53,rev5,System and Information Integrity,SI-16,Memory Protection,mitigates,T1218.002,Control Panel,16.1,enterprise,,,,[],,,01/13/2022,04/16/2025
3108,nist_800_53,rev5,System and Information Integrity,SI-16,Memory Protection,mitigates,T1218.003,CMSTP,16.1,enterprise,,,,[],,,01/13/2022,04/16/2025
3109,nist_800_53,rev5,System and Information Integrity,SI-16,Memory Protection,mitigates,T1218.004,InstallUtil,16.1,enterprise,,,,[],,,01/13/2022,04/16/2025
3110,nist_800_53,rev5,System and Information Integrity,SI-16,Memory Protection,mitigates,T1218.005,Mshta,16.1,enterprise,,,,[],,,01/13/2022,04/16/2025
3111,nist_800_53,rev5,System and Information Integrity,SI-16,Memory Protection,mitigates,T1218.008,Odbcconf,16.1,enterprise,,,,[],,,01/13/2022,04/16/2025
3112,nist_800_53,rev5,System and Information Integrity,SI-16,Memory Protection,mitigates,T1218.009,Regsvcs/Regasm,16.1,enterprise,,,,[],,,01/13/2022,04/16/2025
3113,nist_800_53,rev5,System and Information Integrity,SI-16,Memory Protection,mitigates,T1218.012,Verclsid,16.1,enterprise,,,,[],,,01/13/2022,04/16/2025
3114,nist_800_53,rev5,System and Information Integrity,SI-16,Memory Protection,mitigates,T1218.013,Mavinject,16.1,enterprise,,,,[],,,01/13/2022,04/16/2025
3115,nist_800_53,rev5,System and Information Integrity,SI-16,Memory Protection,mitigates,T1218.014,MMC,16.1,enterprise,,,,[],,,01/13/2022,04/16/2025
3116,nist_800_53,rev5,System and Information Integrity,SI-16,Memory Protection,mitigates,T1505.004,IIS Components,16.1,enterprise,,,,[],,,01/13/2022,04/16/2025
3117,nist_800_53,rev5,System and Information Integrity,SI-16,Memory Protection,mitigates,T1547.006,Kernel Modules and Extensions,16.1,enterprise,,,,[],,,01/13/2022,04/16/2025
3118,nist_800_53,rev5,System and Information Integrity,SI-16,Memory Protection,mitigates,T1548.004,Elevated Execution with Prompt,16.1,enterprise,,,,[],,,01/13/2022,04/16/2025
3119,nist_800_53,rev5,System and Information Integrity,SI-16,Memory Protection,mitigates,T1565.001,Stored Data Manipulation,16.1,enterprise,,,,[],,,01/13/2022,04/16/2025
3120,nist_800_53,rev5,System and Information Integrity,SI-16,Memory Protection,mitigates,T1565.003,Runtime Data Manipulation,16.1,enterprise,,,,[],,,01/13/2022,04/16/2025
3121,nist_800_53,rev5,System and Information Integrity,SI-02,Flaw Remediation,mitigates,T1027.002,Software Packing,16.1,enterprise,,,,[],,,01/13/2022,04/16/2025
3122,nist_800_53,rev5,System and Information Integrity,SI-02,Flaw Remediation,mitigates,T1027.007,Dynamic API Resolution,16.1,enterprise,,,,[],,,01/13/2022,04/16/2025
3123,nist_800_53,rev5,System and Information Integrity,SI-02,Flaw Remediation,mitigates,T1027.008,Stripped Payloads,16.1,enterprise,,,,[],,,01/13/2022,04/16/2025
3124,nist_800_53,rev5,System and Information Integrity,SI-02,Flaw Remediation,mitigates,T1027.009,Embedded Payloads,16.1,enterprise,,,,[],,,01/13/2022,04/16/2025
3125,nist_800_53,rev5,System and Information Integrity,SI-02,Flaw Remediation,mitigates,T1055,Process Injection,16.1,enterprise,,,,[],,,01/13/2022,04/16/2025
3126,nist_800_53,rev5,System and Information Integrity,SI-02,Flaw Remediation,mitigates,T1055.001,Dynamic-link Library Injection,16.1,enterprise,,,,[],,,01/13/2022,04/16/2025
3127,nist_800_53,rev5,System and Information Integrity,SI-02,Flaw Remediation,mitigates,T1055.002,Portable Executable Injection,16.1,enterprise,,,,[],,,01/13/2022,04/16/2025
3128,nist_800_53,rev5,System and Information Integrity,SI-02,Flaw Remediation,mitigates,T1055.003,Thread Execution Hijacking,16.1,enterprise,,,,[],,,01/13/2022,04/16/2025
3129,nist_800_53,rev5,System and Information Integrity,SI-02,Flaw Remediation,mitigates,T1055.004,Asynchronous Procedure Call,16.1,enterprise,,,,[],,,01/13/2022,04/16/2025
3130,nist_800_53,rev5,System and Information Integrity,SI-02,Flaw Remediation,mitigates,T1055.005,Thread Local Storage,16.1,enterprise,,,,[],,,01/13/2022,04/16/2025
3131,nist_800_53,rev5,System and Information Integrity,SI-02,Flaw Remediation,mitigates,T1055.008,Ptrace System Calls,16.1,enterprise,,,,[],,,01/13/2022,04/16/2025
3132,nist_800_53,rev5,System and Information Integrity,SI-02,Flaw Remediation,mitigates,T1055.009,Proc Memory,16.1,enterprise,,,,[],,,01/13/2022,04/16/2025
3133,nist_800_53,rev5,System and Information Integrity,SI-02,Flaw Remediation,mitigates,T1055.011,Extra Window Memory Injection,16.1,enterprise,,,,[],,,01/13/2022,04/16/2025
3134,nist_800_53,rev5,System and Information Integrity,SI-02,Flaw Remediation,mitigates,T1055.012,Process Hollowing,16.1,enterprise,,,,[],,,01/13/2022,04/16/2025
3135,nist_800_53,rev5,System and Information Integrity,SI-02,Flaw Remediation,mitigates,T1055.013,Process Doppelgänging,16.1,enterprise,,,,[],,,01/13/2022,04/16/2025
3136,nist_800_53,rev5,System and Information Integrity,SI-02,Flaw Remediation,mitigates,T1055.014,VDSO Hijacking,16.1,enterprise,,,,[],,,01/13/2022,04/16/2025
3137,nist_800_53,rev5,System and Information Integrity,SI-02,Flaw Remediation,mitigates,T1059.001,PowerShell,16.1,enterprise,,,,[],,,01/13/2022,04/16/2025
3138,nist_800_53,rev5,System and Information Integrity,SI-02,Flaw Remediation,mitigates,T1059.005,Visual Basic,16.1,enterprise,,,,[],,,01/13/2022,04/16/2025
3139,nist_800_53,rev5,System and Information Integrity,SI-02,Flaw Remediation,mitigates,T1068,Exploitation for Privilege Escalation,16.1,enterprise,,,,[],,,01/13/2022,04/16/2025
3140,nist_800_53,rev5,System and Information Integrity,SI-02,Flaw Remediation,mitigates,T1106,Native API,16.1,enterprise,,,,[],,,01/13/2022,04/16/2025
3141,nist_800_53,rev5,System and Information Integrity,SI-02,Flaw Remediation,mitigates,T1137,Office Application Startup,16.1,enterprise,,,,[],,,01/13/2022,04/16/2025
3142,nist_800_53,rev5,System and Information Integrity,SI-02,Flaw Remediation,mitigates,T1137.003,Outlook Forms,16.1,enterprise,,,,[],,,01/13/2022,04/16/2025
3143,nist_800_53,rev5,System and Information Integrity,SI-02,Flaw Remediation,mitigates,T1137.004,Outlook Home Page,16.1,enterprise,,,,[],,,01/13/2022,04/16/2025
3144,nist_800_53,rev5,System and Information Integrity,SI-02,Flaw Remediation,mitigates,T1137.005,Outlook Rules,16.1,enterprise,,,,[],,,01/13/2022,04/16/2025
3145,nist_800_53,rev5,System and Information Integrity,SI-02,Flaw Remediation,mitigates,T1189,Drive-by Compromise,16.1,enterprise,,,,[],,,01/13/2022,04/16/2025
3146,nist_800_53,rev5,System and Information Integrity,SI-02,Flaw Remediation,mitigates,T1195.002,Compromise Software Supply Chain,16.1,enterprise,,,,[],,,01/13/2022,04/16/2025
3147,nist_800_53,rev5,System and Information Integrity,SI-02,Flaw Remediation,mitigates,T1195.003,Compromise Hardware Supply Chain,16.1,enterprise,,,,[],,,01/13/2022,04/16/2025
3148,nist_800_53,rev5,System and Information Integrity,SI-02,Flaw Remediation,mitigates,T1204.001,Malicious Link,16.1,enterprise,,,,[],,,01/13/2022,04/16/2025
3149,nist_800_53,rev5,System and Information Integrity,SI-02,Flaw Remediation,mitigates,T1204.003,Malicious Image,16.1,enterprise,,,,[],,,01/13/2022,04/16/2025
3150,nist_800_53,rev5,System and Information Integrity,SI-02,Flaw Remediation,mitigates,T1210,Exploitation of Remote Services,16.1,enterprise,,,,[],,,01/13/2022,04/16/2025
3151,nist_800_53,rev5,System and Information Integrity,SI-02,Flaw Remediation,mitigates,T1211,Exploitation for Defense Evasion,16.1,enterprise,,,,[],,,01/13/2022,04/16/2025
3152,nist_800_53,rev5,System and Information Integrity,SI-02,Flaw Remediation,mitigates,T1212,Exploitation for Credential Access,16.1,enterprise,,,,[],,,01/13/2022,04/16/2025
3153,nist_800_53,rev5,System and Information Integrity,SI-02,Flaw Remediation,mitigates,T1221,Template Injection,16.1,enterprise,,,,[],,,01/13/2022,04/16/2025
3154,nist_800_53,rev5,System and Information Integrity,SI-02,Flaw Remediation,mitigates,T1495,Firmware Corruption,16.1,enterprise,,,,[],,,01/13/2022,04/16/2025
3155,nist_800_53,rev5,System and Information Integrity,SI-02,Flaw Remediation,mitigates,T1525,Implant Internal Image,16.1,enterprise,,,,[],,,01/13/2022,04/16/2025
3156,nist_800_53,rev5,System and Information Integrity,SI-02,Flaw Remediation,mitigates,T1542.003,Bootkit,16.1,enterprise,,,,[],,,01/13/2022,04/16/2025
3157,nist_800_53,rev5,System and Information Integrity,SI-02,Flaw Remediation,mitigates,T1542.004,ROMMONkit,16.1,enterprise,,,,[],,,01/13/2022,04/16/2025
3158,nist_800_53,rev5,System and Information Integrity,SI-02,Flaw Remediation,mitigates,T1542.005,TFTP Boot,16.1,enterprise,,,,[],,,01/13/2022,04/16/2025
3159,nist_800_53,rev5,System and Information Integrity,SI-02,Flaw Remediation,mitigates,T1546.006,LC_LOAD_DYLIB Addition,16.1,enterprise,,,,[],,,01/13/2022,04/16/2025
3160,nist_800_53,rev5,System and Information Integrity,SI-02,Flaw Remediation,mitigates,T1546.010,AppInit DLLs,16.1,enterprise,,,,[],,,01/13/2022,04/16/2025
3161,nist_800_53,rev5,System and Information Integrity,SI-02,Flaw Remediation,mitigates,T1546.011,Application Shimming,16.1,enterprise,,,,[],,,01/13/2022,04/16/2025
3162,nist_800_53,rev5,System and Information Integrity,SI-02,Flaw Remediation,mitigates,T1547.006,Kernel Modules and Extensions,16.1,enterprise,,,,[],,,01/13/2022,04/16/2025
3163,nist_800_53,rev5,System and Information Integrity,SI-02,Flaw Remediation,mitigates,T1548.002,Bypass User Account Control,16.1,enterprise,,,,[],,,01/13/2022,04/16/2025
3164,nist_800_53,rev5,System and Information Integrity,SI-02,Flaw Remediation,mitigates,T1550.002,Pass the Hash,16.1,enterprise,,,,[],,,01/13/2022,04/16/2025
3165,nist_800_53,rev5,System and Information Integrity,SI-02,Flaw Remediation,mitigates,T1552.006,Group Policy Preferences,16.1,enterprise,,,,[],,,01/13/2022,04/16/2025
3166,nist_800_53,rev5,System and Information Integrity,SI-02,Flaw Remediation,mitigates,T1553.006,Code Signing Policy Modification,16.1,enterprise,,,,[],,,01/13/2022,04/16/2025
3167,nist_800_53,rev5,System and Information Integrity,SI-02,Flaw Remediation,mitigates,T1559,Inter-Process Communication,16.1,enterprise,,,,[],,,01/13/2022,04/16/2025
3168,nist_800_53,rev5,System and Information Integrity,SI-02,Flaw Remediation,mitigates,T1559.002,Dynamic Data Exchange,16.1,enterprise,,,,[],,,01/13/2022,04/16/2025
3169,nist_800_53,rev5,System and Information Integrity,SI-02,Flaw Remediation,mitigates,T1574,Hijack Execution Flow,16.1,enterprise,,,,[],,,01/13/2022,04/16/2025
3170,nist_800_53,rev5,System and Information Integrity,SI-02,Flaw Remediation,mitigates,T1574.002,DLL Side-Loading,16.1,enterprise,,,,[],,,01/13/2022,04/16/2025
3171,nist_800_53,rev5,System and Information Integrity,SI-02,Flaw Remediation,mitigates,T1574.013,KernelCallbackTable,16.1,enterprise,,,,[],,,01/13/2022,04/16/2025
3172,nist_800_53,rev5,System and Information Integrity,SI-02,Flaw Remediation,mitigates,T1601,Modify System Image,16.1,enterprise,,,,[],,,01/13/2022,04/16/2025
3173,nist_800_53,rev5,System and Information Integrity,SI-02,Flaw Remediation,mitigates,T1601.001,Patch System Image,16.1,enterprise,,,,[],,,01/13/2022,04/16/2025
3174,nist_800_53,rev5,System and Information Integrity,SI-02,Flaw Remediation,mitigates,T1601.002,Downgrade System Image,16.1,enterprise,,,,[],,,01/13/2022,04/16/2025
3175,nist_800_53,rev5,System and Information Integrity,SI-02,Flaw Remediation,mitigates,T1606,Forge Web Credentials,16.1,enterprise,,,,[],,,01/13/2022,04/16/2025
3176,nist_800_53,rev5,System and Information Integrity,SI-02,Flaw Remediation,mitigates,T1606.001,Web Cookies,16.1,enterprise,,,,[],,,01/13/2022,04/16/2025
3177,nist_800_53,rev5,Risk Assessment,RA-05,Vulnerability Monitoring and Scanning,mitigates,T1021.001,Remote Desktop Protocol,16.1,enterprise,,,,[],,,01/13/2022,04/16/2025
3178,nist_800_53,rev5,Risk Assessment,RA-05,Vulnerability Monitoring and Scanning,mitigates,T1021.003,Distributed Component Object Model,16.1,enterprise,,,,[],,,01/13/2022,04/16/2025
3179,nist_800_53,rev5,Risk Assessment,RA-05,Vulnerability Monitoring and Scanning,mitigates,T1021.004,SSH,16.1,enterprise,,,,[],,,01/13/2022,04/16/2025
3180,nist_800_53,rev5,Risk Assessment,RA-05,Vulnerability Monitoring and Scanning,mitigates,T1021.005,VNC,16.1,enterprise,,,,[],,,01/13/2022,04/16/2025
3181,nist_800_53,rev5,Risk Assessment,RA-05,Vulnerability Monitoring and Scanning,mitigates,T1021.006,Windows Remote Management,16.1,enterprise,,,,[],,,01/13/2022,04/16/2025
3182,nist_800_53,rev5,Risk Assessment,RA-05,Vulnerability Monitoring and Scanning,mitigates,T1046,Network Service Discovery,16.1,enterprise,,,,[],,,01/13/2022,04/16/2025
3183,nist_800_53,rev5,Risk Assessment,RA-05,Vulnerability Monitoring and Scanning,mitigates,T1052,Exfiltration Over Physical Medium,16.1,enterprise,,,,[],,,01/13/2022,04/16/2025
3184,nist_800_53,rev5,Risk Assessment,RA-05,Vulnerability Monitoring and Scanning,mitigates,T1052.001,Exfiltration over USB,16.1,enterprise,,,,[],,,01/13/2022,04/16/2025
3185,nist_800_53,rev5,Risk Assessment,RA-05,Vulnerability Monitoring and Scanning,mitigates,T1053.003,Cron,16.1,enterprise,,,,[],,,01/13/2022,04/16/2025
3186,nist_800_53,rev5,Risk Assessment,RA-05,Vulnerability Monitoring and Scanning,mitigates,T1059.001,PowerShell,16.1,enterprise,,,,[],,,01/13/2022,04/16/2025
3187,nist_800_53,rev5,Risk Assessment,RA-05,Vulnerability Monitoring and Scanning,mitigates,T1059.005,Visual Basic,16.1,enterprise,,,,[],,,01/13/2022,04/16/2025
3188,nist_800_53,rev5,Risk Assessment,RA-05,Vulnerability Monitoring and Scanning,mitigates,T1059.007,JavaScript,16.1,enterprise,,,,[],,,01/13/2022,04/16/2025
3189,nist_800_53,rev5,Risk Assessment,RA-05,Vulnerability Monitoring and Scanning,mitigates,T1068,Exploitation for Privilege Escalation,16.1,enterprise,,,,[],,,01/13/2022,04/16/2025
3190,nist_800_53,rev5,Risk Assessment,RA-05,Vulnerability Monitoring and Scanning,mitigates,T1091,Replication Through Removable Media,16.1,enterprise,,,,[],,,01/13/2022,04/16/2025
3191,nist_800_53,rev5,Risk Assessment,RA-05,Vulnerability Monitoring and Scanning,mitigates,T1098.004,SSH Authorized Keys,16.1,enterprise,,,,[],,,01/13/2022,04/16/2025
3192,nist_800_53,rev5,Risk Assessment,RA-05,Vulnerability Monitoring and Scanning,mitigates,T1127,Trusted Developer Utilities Proxy Execution,16.1,enterprise,,,,[],,,01/13/2022,04/16/2025
3193,nist_800_53,rev5,Risk Assessment,RA-05,Vulnerability Monitoring and Scanning,mitigates,T1127.001,MSBuild,16.1,enterprise,,,,[],,,01/13/2022,04/16/2025
3194,nist_800_53,rev5,Risk Assessment,RA-05,Vulnerability Monitoring and Scanning,mitigates,T1133,External Remote Services,16.1,enterprise,,,,[],,,01/13/2022,04/16/2025
3195,nist_800_53,rev5,Risk Assessment,RA-05,Vulnerability Monitoring and Scanning,mitigates,T1137,Office Application Startup,16.1,enterprise,,,,[],,,01/13/2022,04/16/2025
3196,nist_800_53,rev5,Risk Assessment,RA-05,Vulnerability Monitoring and Scanning,mitigates,T1137.001,Office Template Macros,16.1,enterprise,,,,[],,,01/13/2022,04/16/2025
3197,nist_800_53,rev5,Risk Assessment,RA-05,Vulnerability Monitoring and Scanning,mitigates,T1195.002,Compromise Software Supply Chain,16.1,enterprise,,,,[],,,01/13/2022,04/16/2025
3198,nist_800_53,rev5,Risk Assessment,RA-05,Vulnerability Monitoring and Scanning,mitigates,T1204.003,Malicious Image,16.1,enterprise,,,,[],,,01/13/2022,04/16/2025
3199,nist_800_53,rev5,Risk Assessment,RA-05,Vulnerability Monitoring and Scanning,mitigates,T1210,Exploitation of Remote Services,16.1,enterprise,,,,[],,,01/13/2022,04/16/2025
3200,nist_800_53,rev5,Risk Assessment,RA-05,Vulnerability Monitoring and Scanning,mitigates,T1211,Exploitation for Defense Evasion,16.1,enterprise,,,,[],,,01/13/2022,04/16/2025
3201,nist_800_53,rev5,Risk Assessment,RA-05,Vulnerability Monitoring and Scanning,mitigates,T1212,Exploitation for Credential Access,16.1,enterprise,,,,[],,,01/13/2022,04/16/2025
3202,nist_800_53,rev5,Risk Assessment,RA-05,Vulnerability Monitoring and Scanning,mitigates,T1218.003,CMSTP,16.1,enterprise,,,,[],,,01/13/2022,04/16/2025
3203,nist_800_53,rev5,Risk Assessment,RA-05,Vulnerability Monitoring and Scanning,mitigates,T1218.004,InstallUtil,16.1,enterprise,,,,[],,,01/13/2022,04/16/2025
3204,nist_800_53,rev5,Risk Assessment,RA-05,Vulnerability Monitoring and Scanning,mitigates,T1218.005,Mshta,16.1,enterprise,,,,[],,,01/13/2022,04/16/2025
3205,nist_800_53,rev5,Risk Assessment,RA-05,Vulnerability Monitoring and Scanning,mitigates,T1218.008,Odbcconf,16.1,enterprise,,,,[],,,01/13/2022,04/16/2025
3206,nist_800_53,rev5,Risk Assessment,RA-05,Vulnerability Monitoring and Scanning,mitigates,T1218.009,Regsvcs/Regasm,16.1,enterprise,,,,[],,,01/13/2022,04/16/2025
3207,nist_800_53,rev5,Risk Assessment,RA-05,Vulnerability Monitoring and Scanning,mitigates,T1218.012,Verclsid,16.1,enterprise,,,,[],,,01/13/2022,04/16/2025
3208,nist_800_53,rev5,Risk Assessment,RA-05,Vulnerability Monitoring and Scanning,mitigates,T1218.013,Mavinject,16.1,enterprise,,,,[],,,01/13/2022,04/16/2025
3209,nist_800_53,rev5,Risk Assessment,RA-05,Vulnerability Monitoring and Scanning,mitigates,T1218.014,MMC,16.1,enterprise,,,,[],,,01/13/2022,04/16/2025
3210,nist_800_53,rev5,Risk Assessment,RA-05,Vulnerability Monitoring and Scanning,mitigates,T1221,Template Injection,16.1,enterprise,,,,[],,,01/13/2022,04/16/2025
3211,nist_800_53,rev5,Risk Assessment,RA-05,Vulnerability Monitoring and Scanning,mitigates,T1482,Domain Trust Discovery,16.1,enterprise,,,,[],,,01/13/2022,04/16/2025
3212,nist_800_53,rev5,Risk Assessment,RA-05,Vulnerability Monitoring and Scanning,mitigates,T1505,Server Software Component,16.1,enterprise,,,,[],,,01/13/2022,04/16/2025
3213,nist_800_53,rev5,Risk Assessment,RA-05,Vulnerability Monitoring and Scanning,mitigates,T1505.001,SQL Stored Procedures,16.1,enterprise,,,,[],,,01/13/2022,04/16/2025
3214,nist_800_53,rev5,Risk Assessment,RA-05,Vulnerability Monitoring and Scanning,mitigates,T1505.002,Transport Agent,16.1,enterprise,,,,[],,,01/13/2022,04/16/2025
3215,nist_800_53,rev5,Risk Assessment,RA-05,Vulnerability Monitoring and Scanning,mitigates,T1505.004,IIS Components,16.1,enterprise,,,,[],,,01/13/2022,04/16/2025
3216,nist_800_53,rev5,Risk Assessment,RA-05,Vulnerability Monitoring and Scanning,mitigates,T1505.005,Terminal Services DLL,16.1,enterprise,,,,[],,,01/13/2022,04/16/2025
3217,nist_800_53,rev5,Risk Assessment,RA-05,Vulnerability Monitoring and Scanning,mitigates,T1525,Implant Internal Image,16.1,enterprise,,,,[],,,01/13/2022,04/16/2025
3218,nist_800_53,rev5,Risk Assessment,RA-05,Vulnerability Monitoring and Scanning,mitigates,T1542.004,ROMMONkit,16.1,enterprise,,,,[],,,01/13/2022,04/16/2025
3219,nist_800_53,rev5,Risk Assessment,RA-05,Vulnerability Monitoring and Scanning,mitigates,T1542.005,TFTP Boot,16.1,enterprise,,,,[],,,01/13/2022,04/16/2025
3220,nist_800_53,rev5,Risk Assessment,RA-05,Vulnerability Monitoring and Scanning,mitigates,T1546.002,Screensaver,16.1,enterprise,,,,[],,,01/13/2022,04/16/2025
3221,nist_800_53,rev5,Risk Assessment,RA-05,Vulnerability Monitoring and Scanning,mitigates,T1546.014,Emond,16.1,enterprise,,,,[],,,01/13/2022,04/16/2025
3222,nist_800_53,rev5,Risk Assessment,RA-05,Vulnerability Monitoring and Scanning,mitigates,T1547.006,Kernel Modules and Extensions,16.1,enterprise,,,,[],,,01/13/2022,04/16/2025
3223,nist_800_53,rev5,Risk Assessment,RA-05,Vulnerability Monitoring and Scanning,mitigates,T1547.007,Re-opened Applications,16.1,enterprise,,,,[],,,01/13/2022,04/16/2025
3224,nist_800_53,rev5,Risk Assessment,RA-05,Vulnerability Monitoring and Scanning,mitigates,T1547.008,LSASS Driver,16.1,enterprise,,,,[],,,01/13/2022,04/16/2025
3225,nist_800_53,rev5,Risk Assessment,RA-05,Vulnerability Monitoring and Scanning,mitigates,T1548.002,Bypass User Account Control,16.1,enterprise,,,,[],,,01/13/2022,04/16/2025
3226,nist_800_53,rev5,Risk Assessment,RA-05,Vulnerability Monitoring and Scanning,mitigates,T1548.003,Sudo and Sudo Caching,16.1,enterprise,,,,[],,,01/13/2022,04/16/2025
3227,nist_800_53,rev5,Risk Assessment,RA-05,Vulnerability Monitoring and Scanning,mitigates,T1552.002,Credentials in Registry,16.1,enterprise,,,,[],,,01/13/2022,04/16/2025
3228,nist_800_53,rev5,Risk Assessment,RA-05,Vulnerability Monitoring and Scanning,mitigates,T1552.006,Group Policy Preferences,16.1,enterprise,,,,[],,,01/13/2022,04/16/2025
3229,nist_800_53,rev5,Risk Assessment,RA-05,Vulnerability Monitoring and Scanning,mitigates,T1558.004,AS-REP Roasting,16.1,enterprise,,,,[],,,01/13/2022,04/16/2025
3230,nist_800_53,rev5,Risk Assessment,RA-05,Vulnerability Monitoring and Scanning,mitigates,T1559,Inter-Process Communication,16.1,enterprise,,,,[],,,01/13/2022,04/16/2025
3231,nist_800_53,rev5,Risk Assessment,RA-05,Vulnerability Monitoring and Scanning,mitigates,T1559.002,Dynamic Data Exchange,16.1,enterprise,,,,[],,,01/13/2022,04/16/2025
3232,nist_800_53,rev5,Risk Assessment,RA-05,Vulnerability Monitoring and Scanning,mitigates,T1560.001,Archive via Utility,16.1,enterprise,,,,[],,,01/13/2022,04/16/2025
3233,nist_800_53,rev5,Risk Assessment,RA-05,Vulnerability Monitoring and Scanning,mitigates,T1562.010,Downgrade Attack,16.1,enterprise,,,,[],,,01/13/2022,04/16/2025
3234,nist_800_53,rev5,Risk Assessment,RA-05,Vulnerability Monitoring and Scanning,mitigates,T1563.001,SSH Hijacking,16.1,enterprise,,,,[],,,01/13/2022,04/16/2025
3235,nist_800_53,rev5,Risk Assessment,RA-05,Vulnerability Monitoring and Scanning,mitigates,T1563.002,RDP Hijacking,16.1,enterprise,,,,[],,,01/13/2022,04/16/2025
3236,nist_800_53,rev5,Risk Assessment,RA-05,Vulnerability Monitoring and Scanning,mitigates,T1574,Hijack Execution Flow,16.1,enterprise,,,,[],,,01/13/2022,04/16/2025
3237,nist_800_53,rev5,Risk Assessment,RA-05,Vulnerability Monitoring and Scanning,mitigates,T1574.004,Dylib Hijacking,16.1,enterprise,,,,[],,,01/13/2022,04/16/2025
3238,nist_800_53,rev5,Risk Assessment,RA-05,Vulnerability Monitoring and Scanning,mitigates,T1574.005,Executable Installer File Permissions Weakness,16.1,enterprise,,,,[],,,01/13/2022,04/16/2025
3239,nist_800_53,rev5,Risk Assessment,RA-05,Vulnerability Monitoring and Scanning,mitigates,T1574.007,Path Interception by PATH Environment Variable,16.1,enterprise,,,,[],,,01/13/2022,04/16/2025
3240,nist_800_53,rev5,Risk Assessment,RA-05,Vulnerability Monitoring and Scanning,mitigates,T1574.008,Path Interception by Search Order Hijacking,16.1,enterprise,,,,[],,,01/13/2022,04/16/2025
3241,nist_800_53,rev5,Risk Assessment,RA-05,Vulnerability Monitoring and Scanning,mitigates,T1574.009,Path Interception by Unquoted Path,16.1,enterprise,,,,[],,,01/13/2022,04/16/2025
3242,nist_800_53,rev5,Risk Assessment,RA-05,Vulnerability Monitoring and Scanning,mitigates,T1574.010,Services File Permissions Weakness,16.1,enterprise,,,,[],,,01/13/2022,04/16/2025
3243,nist_800_53,rev5,Risk Assessment,RA-05,Vulnerability Monitoring and Scanning,mitigates,T1578,Modify Cloud Compute Infrastructure,16.1,enterprise,,,,[],,,01/13/2022,04/16/2025
3244,nist_800_53,rev5,Risk Assessment,RA-05,Vulnerability Monitoring and Scanning,mitigates,T1578.001,Create Snapshot,16.1,enterprise,,,,[],,,01/13/2022,04/16/2025
3245,nist_800_53,rev5,Risk Assessment,RA-05,Vulnerability Monitoring and Scanning,mitigates,T1578.002,Create Cloud Instance,16.1,enterprise,,,,[],,,01/13/2022,04/16/2025
3246,nist_800_53,rev5,Risk Assessment,RA-05,Vulnerability Monitoring and Scanning,mitigates,T1578.003,Delete Cloud Instance,16.1,enterprise,,,,[],,,01/13/2022,04/16/2025
3247,nist_800_53,rev5,Risk Assessment,RA-05,Vulnerability Monitoring and Scanning,mitigates,T1612,Build Image on Host,16.1,enterprise,,,,[],,,01/13/2022,04/16/2025
3248,nist_800_53,rev5,System and Communications Protection,SC-43,Usage Restrictions,mitigates,T1613,Container and Resource Discovery,16.1,enterprise,,,,[],,,01/13/2022,04/16/2025
3249,nist_800_53,rev5,Identification and Authentication,IA-03,Device Identification and Authentication,mitigates,T1552.005,Cloud Instance Metadata API,16.1,enterprise,,,,[],,,01/13/2022,04/16/2025
3250,nist_800_53,rev5,Identification and Authentication,IA-03,Device Identification and Authentication,mitigates,T1602,Data from Configuration Repository,16.1,enterprise,,,,[],,,01/13/2022,04/16/2025
3251,nist_800_53,rev5,Identification and Authentication,IA-03,Device Identification and Authentication,mitigates,T1602.001,SNMP (MIB Dump),16.1,enterprise,,,,[],,,01/13/2022,04/16/2025
3252,nist_800_53,rev5,Identification and Authentication,IA-03,Device Identification and Authentication,mitigates,T1602.002,Network Device Configuration Dump,16.1,enterprise,,,,[],,,01/13/2022,04/16/2025
3253,nist_800_53,rev5,Configuration Management,CM-08,System Component Inventory,mitigates,T1021.001,Remote Desktop Protocol,16.1,enterprise,,,,[],,,01/13/2022,04/16/2025
3254,nist_800_53,rev5,Configuration Management,CM-08,System Component Inventory,mitigates,T1021.003,Distributed Component Object Model,16.1,enterprise,,,,[],,,01/13/2022,04/16/2025
3255,nist_800_53,rev5,Configuration Management,CM-08,System Component Inventory,mitigates,T1021.004,SSH,16.1,enterprise,,,,[],,,01/13/2022,04/16/2025
3256,nist_800_53,rev5,Configuration Management,CM-08,System Component Inventory,mitigates,T1021.005,VNC,16.1,enterprise,,,,[],,,01/13/2022,04/16/2025
3257,nist_800_53,rev5,Configuration Management,CM-08,System Component Inventory,mitigates,T1021.006,Windows Remote Management,16.1,enterprise,,,,[],,,01/13/2022,04/16/2025
3258,nist_800_53,rev5,Configuration Management,CM-08,System Component Inventory,mitigates,T1046,Network Service Discovery,16.1,enterprise,,,,[],,,01/13/2022,04/16/2025
3259,nist_800_53,rev5,Configuration Management,CM-08,System Component Inventory,mitigates,T1052,Exfiltration Over Physical Medium,16.1,enterprise,,,,[],,,01/13/2022,04/16/2025
3260,nist_800_53,rev5,Configuration Management,CM-08,System Component Inventory,mitigates,T1052.001,Exfiltration over USB,16.1,enterprise,,,,[],,,01/13/2022,04/16/2025
3261,nist_800_53,rev5,Configuration Management,CM-08,System Component Inventory,mitigates,T1059.001,PowerShell,16.1,enterprise,,,,[],,,01/13/2022,04/16/2025
3262,nist_800_53,rev5,Configuration Management,CM-08,System Component Inventory,mitigates,T1059.005,Visual Basic,16.1,enterprise,,,,[],,,01/13/2022,04/16/2025
3263,nist_800_53,rev5,Configuration Management,CM-08,System Component Inventory,mitigates,T1059.007,JavaScript,16.1,enterprise,,,,[],,,01/13/2022,04/16/2025
3264,nist_800_53,rev5,Configuration Management,CM-08,System Component Inventory,mitigates,T1068,Exploitation for Privilege Escalation,16.1,enterprise,,,,[],,,01/13/2022,04/16/2025
3265,nist_800_53,rev5,Configuration Management,CM-08,System Component Inventory,mitigates,T1091,Replication Through Removable Media,16.1,enterprise,,,,[],,,01/13/2022,04/16/2025
3266,nist_800_53,rev5,Configuration Management,CM-08,System Component Inventory,mitigates,T1098.004,SSH Authorized Keys,16.1,enterprise,,,,[],,,01/13/2022,04/16/2025
3267,nist_800_53,rev5,Configuration Management,CM-08,System Component Inventory,mitigates,T1127,Trusted Developer Utilities Proxy Execution,16.1,enterprise,,,,[],,,01/13/2022,04/16/2025
3268,nist_800_53,rev5,Configuration Management,CM-08,System Component Inventory,mitigates,T1127.001,MSBuild,16.1,enterprise,,,,[],,,01/13/2022,04/16/2025
3269,nist_800_53,rev5,Configuration Management,CM-08,System Component Inventory,mitigates,T1133,External Remote Services,16.1,enterprise,,,,[],,,01/13/2022,04/16/2025
3270,nist_800_53,rev5,Configuration Management,CM-08,System Component Inventory,mitigates,T1137,Office Application Startup,16.1,enterprise,,,,[],,,01/13/2022,04/16/2025
3271,nist_800_53,rev5,Configuration Management,CM-08,System Component Inventory,mitigates,T1137.001,Office Template Macros,16.1,enterprise,,,,[],,,01/13/2022,04/16/2025
3272,nist_800_53,rev5,Configuration Management,CM-08,System Component Inventory,mitigates,T1189,Drive-by Compromise,16.1,enterprise,,,,[],,,01/13/2022,04/16/2025
3273,nist_800_53,rev5,Configuration Management,CM-08,System Component Inventory,mitigates,T1195.003,Compromise Hardware Supply Chain,16.1,enterprise,,,,[],,,01/13/2022,04/16/2025
3274,nist_800_53,rev5,Configuration Management,CM-08,System Component Inventory,mitigates,T1210,Exploitation of Remote Services,16.1,enterprise,,,,[],,,01/13/2022,04/16/2025
3275,nist_800_53,rev5,Configuration Management,CM-08,System Component Inventory,mitigates,T1211,Exploitation for Defense Evasion,16.1,enterprise,,,,[],,,01/13/2022,04/16/2025
3276,nist_800_53,rev5,Configuration Management,CM-08,System Component Inventory,mitigates,T1212,Exploitation for Credential Access,16.1,enterprise,,,,[],,,01/13/2022,04/16/2025
3277,nist_800_53,rev5,Configuration Management,CM-08,System Component Inventory,mitigates,T1218.003,CMSTP,16.1,enterprise,,,,[],,,01/13/2022,04/16/2025
3278,nist_800_53,rev5,Configuration Management,CM-08,System Component Inventory,mitigates,T1218.004,InstallUtil,16.1,enterprise,,,,[],,,01/13/2022,04/16/2025
3279,nist_800_53,rev5,Configuration Management,CM-08,System Component Inventory,mitigates,T1218.005,Mshta,16.1,enterprise,,,,[],,,01/13/2022,04/16/2025
3280,nist_800_53,rev5,Configuration Management,CM-08,System Component Inventory,mitigates,T1218.008,Odbcconf,16.1,enterprise,,,,[],,,01/13/2022,04/16/2025
3281,nist_800_53,rev5,Configuration Management,CM-08,System Component Inventory,mitigates,T1218.009,Regsvcs/Regasm,16.1,enterprise,,,,[],,,01/13/2022,04/16/2025
3282,nist_800_53,rev5,Configuration Management,CM-08,System Component Inventory,mitigates,T1218.012,Verclsid,16.1,enterprise,,,,[],,,01/13/2022,04/16/2025
3283,nist_800_53,rev5,Configuration Management,CM-08,System Component Inventory,mitigates,T1218.013,Mavinject,16.1,enterprise,,,,[],,,01/13/2022,04/16/2025
3284,nist_800_53,rev5,Configuration Management,CM-08,System Component Inventory,mitigates,T1218.014,MMC,16.1,enterprise,,,,[],,,01/13/2022,04/16/2025
3285,nist_800_53,rev5,Configuration Management,CM-08,System Component Inventory,mitigates,T1221,Template Injection,16.1,enterprise,,,,[],,,01/13/2022,04/16/2025
3286,nist_800_53,rev5,Configuration Management,CM-08,System Component Inventory,mitigates,T1495,Firmware Corruption,16.1,enterprise,,,,[],,,01/13/2022,04/16/2025
3287,nist_800_53,rev5,Configuration Management,CM-08,System Component Inventory,mitigates,T1505,Server Software Component,16.1,enterprise,,,,[],,,01/13/2022,04/16/2025
3288,nist_800_53,rev5,Configuration Management,CM-08,System Component Inventory,mitigates,T1505.001,SQL Stored Procedures,16.1,enterprise,,,,[],,,01/13/2022,04/16/2025
3289,nist_800_53,rev5,Configuration Management,CM-08,System Component Inventory,mitigates,T1505.002,Transport Agent,16.1,enterprise,,,,[],,,01/13/2022,04/16/2025
3290,nist_800_53,rev5,Configuration Management,CM-08,System Component Inventory,mitigates,T1505.004,IIS Components,16.1,enterprise,,,,[],,,01/13/2022,04/16/2025
3291,nist_800_53,rev5,Configuration Management,CM-08,System Component Inventory,mitigates,T1542.003,Bootkit,16.1,enterprise,,,,[],,,01/13/2022,04/16/2025
3292,nist_800_53,rev5,Configuration Management,CM-08,System Component Inventory,mitigates,T1542.004,ROMMONkit,16.1,enterprise,,,,[],,,01/13/2022,04/16/2025
3293,nist_800_53,rev5,Configuration Management,CM-08,System Component Inventory,mitigates,T1542.005,TFTP Boot,16.1,enterprise,,,,[],,,01/13/2022,04/16/2025
3294,nist_800_53,rev5,Configuration Management,CM-08,System Component Inventory,mitigates,T1546.002,Screensaver,16.1,enterprise,,,,[],,,01/13/2022,04/16/2025
3295,nist_800_53,rev5,Configuration Management,CM-08,System Component Inventory,mitigates,T1546.006,LC_LOAD_DYLIB Addition,16.1,enterprise,,,,[],,,01/13/2022,04/16/2025
3296,nist_800_53,rev5,Configuration Management,CM-08,System Component Inventory,mitigates,T1546.014,Emond,16.1,enterprise,,,,[],,,01/13/2022,04/16/2025
3297,nist_800_53,rev5,Configuration Management,CM-08,System Component Inventory,mitigates,T1547.007,Re-opened Applications,16.1,enterprise,,,,[],,,01/13/2022,04/16/2025
3298,nist_800_53,rev5,Configuration Management,CM-08,System Component Inventory,mitigates,T1548.004,Elevated Execution with Prompt,16.1,enterprise,,,,[],,,01/13/2022,04/16/2025
3299,nist_800_53,rev5,Configuration Management,CM-08,System Component Inventory,mitigates,T1553.006,Code Signing Policy Modification,16.1,enterprise,,,,[],,,01/13/2022,04/16/2025
3300,nist_800_53,rev5,Configuration Management,CM-08,System Component Inventory,mitigates,T1557.001,LLMNR/NBT-NS Poisoning and SMB Relay,16.1,enterprise,,,,[],,,01/13/2022,04/16/2025
3301,nist_800_53,rev5,Configuration Management,CM-08,System Component Inventory,mitigates,T1557.002,ARP Cache Poisoning,16.1,enterprise,,,,[],,,01/13/2022,04/16/2025
3302,nist_800_53,rev5,Configuration Management,CM-08,System Component Inventory,mitigates,T1557.003,DHCP Spoofing,16.1,enterprise,,,,[],,,01/13/2022,04/16/2025
3303,nist_800_53,rev5,Configuration Management,CM-08,System Component Inventory,mitigates,T1559,Inter-Process Communication,16.1,enterprise,,,,[],,,01/13/2022,04/16/2025
3304,nist_800_53,rev5,Configuration Management,CM-08,System Component Inventory,mitigates,T1559.002,Dynamic Data Exchange,16.1,enterprise,,,,[],,,01/13/2022,04/16/2025
3305,nist_800_53,rev5,Configuration Management,CM-08,System Component Inventory,mitigates,T1563.001,SSH Hijacking,16.1,enterprise,,,,[],,,01/13/2022,04/16/2025
3306,nist_800_53,rev5,Configuration Management,CM-08,System Component Inventory,mitigates,T1563.002,RDP Hijacking,16.1,enterprise,,,,[],,,01/13/2022,04/16/2025
3307,nist_800_53,rev5,Configuration Management,CM-08,System Component Inventory,mitigates,T1564.006,Run Virtual Instance,16.1,enterprise,,,,[],,,01/13/2022,04/16/2025
3308,nist_800_53,rev5,Configuration Management,CM-08,System Component Inventory,mitigates,T1564.007,VBA Stomping,16.1,enterprise,,,,[],,,01/13/2022,04/16/2025
3309,nist_800_53,rev5,Configuration Management,CM-08,System Component Inventory,mitigates,T1565.001,Stored Data Manipulation,16.1,enterprise,,,,[],,,01/13/2022,04/16/2025
3310,nist_800_53,rev5,Configuration Management,CM-08,System Component Inventory,mitigates,T1565.002,Transmitted Data Manipulation,16.1,enterprise,,,,[],,,01/13/2022,04/16/2025
3311,nist_800_53,rev5,Configuration Management,CM-08,System Component Inventory,mitigates,T1574,Hijack Execution Flow,16.1,enterprise,,,,[],,,01/13/2022,04/16/2025
3312,nist_800_53,rev5,Configuration Management,CM-08,System Component Inventory,mitigates,T1574.004,Dylib Hijacking,16.1,enterprise,,,,[],,,01/13/2022,04/16/2025
3313,nist_800_53,rev5,Configuration Management,CM-08,System Component Inventory,mitigates,T1574.007,Path Interception by PATH Environment Variable,16.1,enterprise,,,,[],,,01/13/2022,04/16/2025
3314,nist_800_53,rev5,Configuration Management,CM-08,System Component Inventory,mitigates,T1574.008,Path Interception by Search Order Hijacking,16.1,enterprise,,,,[],,,01/13/2022,04/16/2025
3315,nist_800_53,rev5,Configuration Management,CM-08,System Component Inventory,mitigates,T1574.009,Path Interception by Unquoted Path,16.1,enterprise,,,,[],,,01/13/2022,04/16/2025
3316,nist_800_53,rev5,Configuration Management,CM-08,System Component Inventory,mitigates,T1593.003,Code Repositories,16.1,enterprise,,,,[],,,01/13/2022,04/16/2025
3317,nist_800_53,rev5,Configuration Management,CM-08,System Component Inventory,mitigates,T1601,Modify System Image,16.1,enterprise,,,,[],,,01/13/2022,04/16/2025
3318,nist_800_53,rev5,Configuration Management,CM-08,System Component Inventory,mitigates,T1601.001,Patch System Image,16.1,enterprise,,,,[],,,01/13/2022,04/16/2025
3319,nist_800_53,rev5,Configuration Management,CM-08,System Component Inventory,mitigates,T1601.002,Downgrade System Image,16.1,enterprise,,,,[],,,01/13/2022,04/16/2025
3320,nist_800_53,rev5,Configuration Management,CM-08,System Component Inventory,mitigates,T1602,Data from Configuration Repository,16.1,enterprise,,,,[],,,01/13/2022,04/16/2025
3321,nist_800_53,rev5,Configuration Management,CM-08,System Component Inventory,mitigates,T1602.001,SNMP (MIB Dump),16.1,enterprise,,,,[],,,01/13/2022,04/16/2025
3322,nist_800_53,rev5,Configuration Management,CM-08,System Component Inventory,mitigates,T1602.002,Network Device Configuration Dump,16.1,enterprise,,,,[],,,01/13/2022,04/16/2025
3323,nist_800_53,rev5,Configuration Management,CM-08,System Component Inventory,mitigates,T1622,Debugger Evasion,16.1,enterprise,,,,[],,,01/13/2022,04/16/2025
3324,nist_800_53,rev5,System and Communications Protection,SC-23,Session Authenticity,mitigates,T1071.001,Web Protocols,16.1,enterprise,,,,[],,,01/13/2022,04/16/2025
3325,nist_800_53,rev5,System and Communications Protection,SC-23,Session Authenticity,mitigates,T1071.004,DNS,16.1,enterprise,,,,[],,,01/13/2022,04/16/2025
3326,nist_800_53,rev5,System and Communications Protection,SC-23,Session Authenticity,mitigates,T1185,Browser Session Hijacking,16.1,enterprise,,,,[],,,01/13/2022,04/16/2025
3327,nist_800_53,rev5,System and Communications Protection,SC-23,Session Authenticity,mitigates,T1535,Unused/Unsupported Cloud Regions,16.1,enterprise,,,,[],,,01/13/2022,04/16/2025
3328,nist_800_53,rev5,System and Communications Protection,SC-23,Session Authenticity,mitigates,T1550.004,Web Session Cookie,16.1,enterprise,,,,[],,,01/13/2022,04/16/2025
3329,nist_800_53,rev5,System and Communications Protection,SC-23,Session Authenticity,mitigates,T1557.001,LLMNR/NBT-NS Poisoning and SMB Relay,16.1,enterprise,,,,[],,,01/13/2022,04/16/2025
3330,nist_800_53,rev5,System and Communications Protection,SC-23,Session Authenticity,mitigates,T1557.002,ARP Cache Poisoning,16.1,enterprise,,,,[],,,01/13/2022,04/16/2025
3331,nist_800_53,rev5,System and Communications Protection,SC-23,Session Authenticity,mitigates,T1557.003,DHCP Spoofing,16.1,enterprise,,,,[],,,01/13/2022,04/16/2025
3332,nist_800_53,rev5,System and Communications Protection,SC-23,Session Authenticity,mitigates,T1562.009,Safe Mode Boot,16.1,enterprise,,,,[],,,01/13/2022,04/16/2025
3333,nist_800_53,rev5,System and Communications Protection,SC-23,Session Authenticity,mitigates,T1563.001,SSH Hijacking,16.1,enterprise,,,,[],,,01/13/2022,04/16/2025
3334,nist_800_53,rev5,System and Communications Protection,SC-23,Session Authenticity,mitigates,T1573.001,Symmetric Cryptography,16.1,enterprise,,,,[],,,01/13/2022,04/16/2025
3335,nist_800_53,rev5,System and Communications Protection,SC-23,Session Authenticity,mitigates,T1573.002,Asymmetric Cryptography,16.1,enterprise,,,,[],,,01/13/2022,04/16/2025
3336,nist_800_53,rev5,System and Communications Protection,SC-23,Session Authenticity,mitigates,T1622,Debugger Evasion,16.1,enterprise,,,,[],,,01/13/2022,04/16/2025
3337,nist_800_53,rev5,System and Communications Protection,SC-46,Cross Domain Policy Enforcement,mitigates,T1021.003,Distributed Component Object Model,16.1,enterprise,,,,[],,,01/13/2022,04/16/2025
3338,nist_800_53,rev5,System and Communications Protection,SC-46,Cross Domain Policy Enforcement,mitigates,T1021.006,Windows Remote Management,16.1,enterprise,,,,[],,,01/13/2022,04/16/2025
3339,nist_800_53,rev5,System and Communications Protection,SC-46,Cross Domain Policy Enforcement,mitigates,T1046,Network Service Discovery,16.1,enterprise,,,,[],,,01/13/2022,04/16/2025
3340,nist_800_53,rev5,System and Communications Protection,SC-46,Cross Domain Policy Enforcement,mitigates,T1048,Exfiltration Over Alternative Protocol,16.1,enterprise,,,,[],,,01/13/2022,04/16/2025
3341,nist_800_53,rev5,System and Communications Protection,SC-46,Cross Domain Policy Enforcement,mitigates,T1048.001,Exfiltration Over Symmetric Encrypted Non-C2 Protocol,16.1,enterprise,,,,[],,,01/13/2022,04/16/2025
3342,nist_800_53,rev5,System and Communications Protection,SC-46,Cross Domain Policy Enforcement,mitigates,T1048.002,Exfiltration Over Asymmetric Encrypted Non-C2 Protocol,16.1,enterprise,,,,[],,,01/13/2022,04/16/2025
3343,nist_800_53,rev5,System and Communications Protection,SC-46,Cross Domain Policy Enforcement,mitigates,T1133,External Remote Services,16.1,enterprise,,,,[],,,01/13/2022,04/16/2025
3344,nist_800_53,rev5,System and Communications Protection,SC-46,Cross Domain Policy Enforcement,mitigates,T1199,Trusted Relationship,16.1,enterprise,,,,[],,,01/13/2022,04/16/2025
3345,nist_800_53,rev5,System and Communications Protection,SC-46,Cross Domain Policy Enforcement,mitigates,T1210,Exploitation of Remote Services,16.1,enterprise,,,,[],,,01/13/2022,04/16/2025
3346,nist_800_53,rev5,System and Communications Protection,SC-46,Cross Domain Policy Enforcement,mitigates,T1482,Domain Trust Discovery,16.1,enterprise,,,,[],,,01/13/2022,04/16/2025
3347,nist_800_53,rev5,System and Communications Protection,SC-46,Cross Domain Policy Enforcement,mitigates,T1552.007,Container API,16.1,enterprise,,,,[],,,01/13/2022,04/16/2025
3348,nist_800_53,rev5,System and Communications Protection,SC-46,Cross Domain Policy Enforcement,mitigates,T1557.001,LLMNR/NBT-NS Poisoning and SMB Relay,16.1,enterprise,,,,[],,,01/13/2022,04/16/2025
3349,nist_800_53,rev5,System and Communications Protection,SC-46,Cross Domain Policy Enforcement,mitigates,T1557.003,DHCP Spoofing,16.1,enterprise,,,,[],,,01/13/2022,04/16/2025
3350,nist_800_53,rev5,System and Communications Protection,SC-46,Cross Domain Policy Enforcement,mitigates,T1563.002,RDP Hijacking,16.1,enterprise,,,,[],,,01/13/2022,04/16/2025
3351,nist_800_53,rev5,System and Communications Protection,SC-46,Cross Domain Policy Enforcement,mitigates,T1565.003,Runtime Data Manipulation,16.1,enterprise,,,,[],,,01/13/2022,04/16/2025
3352,nist_800_53,rev5,System and Communications Protection,SC-46,Cross Domain Policy Enforcement,mitigates,T1622,Debugger Evasion,16.1,enterprise,,,,[],,,01/13/2022,04/16/2025
3353,nist_800_53,rev5,System and Communications Protection,SC-08,Transmission Confidentiality and Integrity,mitigates,T1090,Proxy,16.1,enterprise,,,,[],,,01/13/2022,04/16/2025
3354,nist_800_53,rev5,System and Communications Protection,SC-08,Transmission Confidentiality and Integrity,mitigates,T1090.004,Domain Fronting,16.1,enterprise,,,,[],,,01/13/2022,04/16/2025
3355,nist_800_53,rev5,System and Communications Protection,SC-08,Transmission Confidentiality and Integrity,mitigates,T1550.004,Web Session Cookie,16.1,enterprise,,,,[],,,01/13/2022,04/16/2025
3356,nist_800_53,rev5,System and Communications Protection,SC-08,Transmission Confidentiality and Integrity,mitigates,T1552.007,Container API,16.1,enterprise,,,,[],,,01/13/2022,04/16/2025
3357,nist_800_53,rev5,System and Communications Protection,SC-08,Transmission Confidentiality and Integrity,mitigates,T1557.001,LLMNR/NBT-NS Poisoning and SMB Relay,16.1,enterprise,,,,[],,,01/13/2022,04/16/2025
3358,nist_800_53,rev5,System and Communications Protection,SC-08,Transmission Confidentiality and Integrity,mitigates,T1557.002,ARP Cache Poisoning,16.1,enterprise,,,,[],,,01/13/2022,04/16/2025
3359,nist_800_53,rev5,System and Communications Protection,SC-08,Transmission Confidentiality and Integrity,mitigates,T1557.003,DHCP Spoofing,16.1,enterprise,,,,[],,,01/13/2022,04/16/2025
3360,nist_800_53,rev5,System and Communications Protection,SC-08,Transmission Confidentiality and Integrity,mitigates,T1562.009,Safe Mode Boot,16.1,enterprise,,,,[],,,01/13/2022,04/16/2025
3361,nist_800_53,rev5,System and Communications Protection,SC-08,Transmission Confidentiality and Integrity,mitigates,T1562.010,Downgrade Attack,16.1,enterprise,,,,[],,,01/13/2022,04/16/2025
3362,nist_800_53,rev5,System and Communications Protection,SC-08,Transmission Confidentiality and Integrity,mitigates,T1602,Data from Configuration Repository,16.1,enterprise,,,,[],,,01/13/2022,04/16/2025
3363,nist_800_53,rev5,System and Communications Protection,SC-08,Transmission Confidentiality and Integrity,mitigates,T1602.001,SNMP (MIB Dump),16.1,enterprise,,,,[],,,01/13/2022,04/16/2025
3364,nist_800_53,rev5,System and Communications Protection,SC-08,Transmission Confidentiality and Integrity,mitigates,T1602.002,Network Device Configuration Dump,16.1,enterprise,,,,[],,,01/13/2022,04/16/2025
3365,nist_800_53,rev5,System and Communications Protection,SC-08,Transmission Confidentiality and Integrity,mitigates,T1622,Debugger Evasion,16.1,enterprise,,,,[],,,01/13/2022,04/16/2025
3366,nist_800_53,rev5,System and Information Integrity,SI-10,Information Input Validation,mitigates,T1021.005,VNC,16.1,enterprise,,,,[],,,01/13/2022,04/16/2025
3367,nist_800_53,rev5,System and Information Integrity,SI-10,Information Input Validation,mitigates,T1027.010,Command Obfuscation,16.1,enterprise,,,,[],,,01/13/2022,04/16/2025
3368,nist_800_53,rev5,System and Information Integrity,SI-10,Information Input Validation,mitigates,T1036.005,Match Legitimate Name or Location,16.1,enterprise,,,,[],,,01/13/2022,04/16/2025
3369,nist_800_53,rev5,System and Information Integrity,SI-10,Information Input Validation,mitigates,T1036.008,Masquerade File Type,16.1,enterprise,,,,[],,,01/13/2022,04/16/2025
3370,nist_800_53,rev5,System and Information Integrity,SI-10,Information Input Validation,mitigates,T1048,Exfiltration Over Alternative Protocol,16.1,enterprise,,,,[],,,01/13/2022,04/16/2025
3371,nist_800_53,rev5,System and Information Integrity,SI-10,Information Input Validation,mitigates,T1048.001,Exfiltration Over Symmetric Encrypted Non-C2 Protocol,16.1,enterprise,,,,[],,,01/13/2022,04/16/2025
3372,nist_800_53,rev5,System and Information Integrity,SI-10,Information Input Validation,mitigates,T1048.002,Exfiltration Over Asymmetric Encrypted Non-C2 Protocol,16.1,enterprise,,,,[],,,01/13/2022,04/16/2025
3373,nist_800_53,rev5,System and Information Integrity,SI-10,Information Input Validation,mitigates,T1048.003,Exfiltration Over Unencrypted Non-C2 Protocol,16.1,enterprise,,,,[],,,01/13/2022,04/16/2025
3374,nist_800_53,rev5,System and Information Integrity,SI-10,Information Input Validation,mitigates,T1059.001,PowerShell,16.1,enterprise,,,,[],,,01/13/2022,04/16/2025
3375,nist_800_53,rev5,System and Information Integrity,SI-10,Information Input Validation,mitigates,T1059.002,AppleScript,16.1,enterprise,,,,[],,,01/13/2022,04/16/2025
3376,nist_800_53,rev5,System and Information Integrity,SI-10,Information Input Validation,mitigates,T1059.003,Windows Command Shell,16.1,enterprise,,,,[],,,01/13/2022,04/16/2025
3377,nist_800_53,rev5,System and Information Integrity,SI-10,Information Input Validation,mitigates,T1059.004,Unix Shell,16.1,enterprise,,,,[],,,01/13/2022,04/16/2025
3378,nist_800_53,rev5,System and Information Integrity,SI-10,Information Input Validation,mitigates,T1059.005,Visual Basic,16.1,enterprise,,,,[],,,01/13/2022,04/16/2025
3379,nist_800_53,rev5,System and Information Integrity,SI-10,Information Input Validation,mitigates,T1059.007,JavaScript,16.1,enterprise,,,,[],,,01/13/2022,04/16/2025
3380,nist_800_53,rev5,System and Information Integrity,SI-10,Information Input Validation,mitigates,T1059.008,Network Device CLI,16.1,enterprise,,,,[],,,01/13/2022,04/16/2025
3381,nist_800_53,rev5,System and Information Integrity,SI-10,Information Input Validation,mitigates,T1071.004,DNS,16.1,enterprise,,,,[],,,01/13/2022,04/16/2025
3382,nist_800_53,rev5,System and Information Integrity,SI-10,Information Input Validation,mitigates,T1080,Taint Shared Content,16.1,enterprise,,,,[],,,01/13/2022,04/16/2025
3383,nist_800_53,rev5,System and Information Integrity,SI-10,Information Input Validation,mitigates,T1090,Proxy,16.1,enterprise,,,,[],,,01/13/2022,04/16/2025
3384,nist_800_53,rev5,System and Information Integrity,SI-10,Information Input Validation,mitigates,T1095,Non-Application Layer Protocol,16.1,enterprise,,,,[],,,01/13/2022,04/16/2025
3385,nist_800_53,rev5,System and Information Integrity,SI-10,Information Input Validation,mitigates,T1127,Trusted Developer Utilities Proxy Execution,16.1,enterprise,,,,[],,,01/13/2022,04/16/2025
3386,nist_800_53,rev5,System and Information Integrity,SI-10,Information Input Validation,mitigates,T1129,Shared Modules,16.1,enterprise,,,,[],,,01/13/2022,04/16/2025
3387,nist_800_53,rev5,System and Information Integrity,SI-10,Information Input Validation,mitigates,T1187,Forced Authentication,16.1,enterprise,,,,[],,,01/13/2022,04/16/2025
3388,nist_800_53,rev5,System and Information Integrity,SI-10,Information Input Validation,mitigates,T1197,BITS Jobs,16.1,enterprise,,,,[],,,01/13/2022,04/16/2025
3389,nist_800_53,rev5,System and Information Integrity,SI-10,Information Input Validation,mitigates,T1216,System Script Proxy Execution,16.1,enterprise,,,,[],,,01/13/2022,04/16/2025
3390,nist_800_53,rev5,System and Information Integrity,SI-10,Information Input Validation,mitigates,T1216.001,PubPrn,16.1,enterprise,,,,[],,,01/13/2022,04/16/2025
3391,nist_800_53,rev5,System and Information Integrity,SI-10,Information Input Validation,mitigates,T1218.001,Compiled HTML File,16.1,enterprise,,,,[],,,01/13/2022,04/16/2025
3392,nist_800_53,rev5,System and Information Integrity,SI-10,Information Input Validation,mitigates,T1218.002,Control Panel,16.1,enterprise,,,,[],,,01/13/2022,04/16/2025
3393,nist_800_53,rev5,System and Information Integrity,SI-10,Information Input Validation,mitigates,T1218.003,CMSTP,16.1,enterprise,,,,[],,,01/13/2022,04/16/2025
3394,nist_800_53,rev5,System and Information Integrity,SI-10,Information Input Validation,mitigates,T1218.004,InstallUtil,16.1,enterprise,,,,[],,,01/13/2022,04/16/2025
3395,nist_800_53,rev5,System and Information Integrity,SI-10,Information Input Validation,mitigates,T1218.005,Mshta,16.1,enterprise,,,,[],,,01/13/2022,04/16/2025
3396,nist_800_53,rev5,System and Information Integrity,SI-10,Information Input Validation,mitigates,T1218.008,Odbcconf,16.1,enterprise,,,,[],,,01/13/2022,04/16/2025
3397,nist_800_53,rev5,System and Information Integrity,SI-10,Information Input Validation,mitigates,T1218.009,Regsvcs/Regasm,16.1,enterprise,,,,[],,,01/13/2022,04/16/2025
3398,nist_800_53,rev5,System and Information Integrity,SI-10,Information Input Validation,mitigates,T1218.010,Regsvr32,16.1,enterprise,,,,[],,,01/13/2022,04/16/2025
3399,nist_800_53,rev5,System and Information Integrity,SI-10,Information Input Validation,mitigates,T1218.012,Verclsid,16.1,enterprise,,,,[],,,01/13/2022,04/16/2025
3400,nist_800_53,rev5,System and Information Integrity,SI-10,Information Input Validation,mitigates,T1218.013,Mavinject,16.1,enterprise,,,,[],,,01/13/2022,04/16/2025
3401,nist_800_53,rev5,System and Information Integrity,SI-10,Information Input Validation,mitigates,T1218.014,MMC,16.1,enterprise,,,,[],,,01/13/2022,04/16/2025
3402,nist_800_53,rev5,System and Information Integrity,SI-10,Information Input Validation,mitigates,T1220,XSL Script Processing,16.1,enterprise,,,,[],,,01/13/2022,04/16/2025
3403,nist_800_53,rev5,System and Information Integrity,SI-10,Information Input Validation,mitigates,T1221,Template Injection,16.1,enterprise,,,,[],,,01/13/2022,04/16/2025
3404,nist_800_53,rev5,System and Information Integrity,SI-10,Information Input Validation,mitigates,T1498,Network Denial of Service,16.1,enterprise,,,,[],,,01/13/2022,04/16/2025
3405,nist_800_53,rev5,System and Information Integrity,SI-10,Information Input Validation,mitigates,T1498.001,Direct Network Flood,16.1,enterprise,,,,[],,,01/13/2022,04/16/2025
3406,nist_800_53,rev5,System and Information Integrity,SI-10,Information Input Validation,mitigates,T1498.002,Reflection Amplification,16.1,enterprise,,,,[],,,01/13/2022,04/16/2025
3407,nist_800_53,rev5,System and Information Integrity,SI-10,Information Input Validation,mitigates,T1499,Endpoint Denial of Service,16.1,enterprise,,,,[],,,01/13/2022,04/16/2025
3408,nist_800_53,rev5,System and Information Integrity,SI-10,Information Input Validation,mitigates,T1499.001,OS Exhaustion Flood,16.1,enterprise,,,,[],,,01/13/2022,04/16/2025
3409,nist_800_53,rev5,System and Information Integrity,SI-10,Information Input Validation,mitigates,T1499.002,Service Exhaustion Flood,16.1,enterprise,,,,[],,,01/13/2022,04/16/2025
3410,nist_800_53,rev5,System and Information Integrity,SI-10,Information Input Validation,mitigates,T1499.003,Application Exhaustion Flood,16.1,enterprise,,,,[],,,01/13/2022,04/16/2025
3411,nist_800_53,rev5,System and Information Integrity,SI-10,Information Input Validation,mitigates,T1499.004,Application or System Exploitation,16.1,enterprise,,,,[],,,01/13/2022,04/16/2025
3412,nist_800_53,rev5,System and Information Integrity,SI-10,Information Input Validation,mitigates,T1546.002,Screensaver,16.1,enterprise,,,,[],,,01/13/2022,04/16/2025
3413,nist_800_53,rev5,System and Information Integrity,SI-10,Information Input Validation,mitigates,T1546.006,LC_LOAD_DYLIB Addition,16.1,enterprise,,,,[],,,01/13/2022,04/16/2025
3414,nist_800_53,rev5,System and Information Integrity,SI-10,Information Input Validation,mitigates,T1546.008,Accessibility Features,16.1,enterprise,,,,[],,,01/13/2022,04/16/2025
3415,nist_800_53,rev5,System and Information Integrity,SI-10,Information Input Validation,mitigates,T1546.009,AppCert DLLs,16.1,enterprise,,,,[],,,01/13/2022,04/16/2025
3416,nist_800_53,rev5,System and Information Integrity,SI-10,Information Input Validation,mitigates,T1546.010,AppInit DLLs,16.1,enterprise,,,,[],,,01/13/2022,04/16/2025
3417,nist_800_53,rev5,System and Information Integrity,SI-10,Information Input Validation,mitigates,T1547.006,Kernel Modules and Extensions,16.1,enterprise,,,,[],,,01/13/2022,04/16/2025
3418,nist_800_53,rev5,System and Information Integrity,SI-10,Information Input Validation,mitigates,T1552.005,Cloud Instance Metadata API,16.1,enterprise,,,,[],,,01/13/2022,04/16/2025
3419,nist_800_53,rev5,System and Information Integrity,SI-10,Information Input Validation,mitigates,T1553.001,Gatekeeper Bypass,16.1,enterprise,,,,[],,,01/13/2022,04/16/2025
3420,nist_800_53,rev5,System and Information Integrity,SI-10,Information Input Validation,mitigates,T1553.003,SIP and Trust Provider Hijacking,16.1,enterprise,,,,[],,,01/13/2022,04/16/2025
3421,nist_800_53,rev5,System and Information Integrity,SI-10,Information Input Validation,mitigates,T1553.005,Mark-of-the-Web Bypass,16.1,enterprise,,,,[],,,01/13/2022,04/16/2025
3422,nist_800_53,rev5,System and Information Integrity,SI-10,Information Input Validation,mitigates,T1557.001,LLMNR/NBT-NS Poisoning and SMB Relay,16.1,enterprise,,,,[],,,01/13/2022,04/16/2025
3423,nist_800_53,rev5,System and Information Integrity,SI-10,Information Input Validation,mitigates,T1557.002,ARP Cache Poisoning,16.1,enterprise,,,,[],,,01/13/2022,04/16/2025
3424,nist_800_53,rev5,System and Information Integrity,SI-10,Information Input Validation,mitigates,T1557.003,DHCP Spoofing,16.1,enterprise,,,,[],,,01/13/2022,04/16/2025
3425,nist_800_53,rev5,System and Information Integrity,SI-10,Information Input Validation,mitigates,T1564.006,Run Virtual Instance,16.1,enterprise,,,,[],,,01/13/2022,04/16/2025
3426,nist_800_53,rev5,System and Information Integrity,SI-10,Information Input Validation,mitigates,T1564.009,Resource Forking,16.1,enterprise,,,,[],,,01/13/2022,04/16/2025
3427,nist_800_53,rev5,System and Information Integrity,SI-10,Information Input Validation,mitigates,T1570,Lateral Tool Transfer,16.1,enterprise,,,,[],,,01/13/2022,04/16/2025
3428,nist_800_53,rev5,System and Information Integrity,SI-10,Information Input Validation,mitigates,T1574,Hijack Execution Flow,16.1,enterprise,,,,[],,,01/13/2022,04/16/2025
3429,nist_800_53,rev5,System and Information Integrity,SI-10,Information Input Validation,mitigates,T1574.006,Dynamic Linker Hijacking,16.1,enterprise,,,,[],,,01/13/2022,04/16/2025
3430,nist_800_53,rev5,System and Information Integrity,SI-10,Information Input Validation,mitigates,T1574.007,Path Interception by PATH Environment Variable,16.1,enterprise,,,,[],,,01/13/2022,04/16/2025
3431,nist_800_53,rev5,System and Information Integrity,SI-10,Information Input Validation,mitigates,T1574.008,Path Interception by Search Order Hijacking,16.1,enterprise,,,,[],,,01/13/2022,04/16/2025
3432,nist_800_53,rev5,System and Information Integrity,SI-10,Information Input Validation,mitigates,T1574.009,Path Interception by Unquoted Path,16.1,enterprise,,,,[],,,01/13/2022,04/16/2025
3433,nist_800_53,rev5,System and Information Integrity,SI-10,Information Input Validation,mitigates,T1574.012,COR_PROFILER,16.1,enterprise,,,,[],,,01/13/2022,04/16/2025
3434,nist_800_53,rev5,System and Information Integrity,SI-10,Information Input Validation,mitigates,T1574.013,KernelCallbackTable,16.1,enterprise,,,,[],,,01/13/2022,04/16/2025
3435,nist_800_53,rev5,System and Information Integrity,SI-10,Information Input Validation,mitigates,T1599,Network Boundary Bridging,16.1,enterprise,,,,[],,,01/13/2022,04/16/2025
3436,nist_800_53,rev5,System and Information Integrity,SI-10,Information Input Validation,mitigates,T1599.001,Network Address Translation Traversal,16.1,enterprise,,,,[],,,01/13/2022,04/16/2025
3437,nist_800_53,rev5,System and Information Integrity,SI-10,Information Input Validation,mitigates,T1602,Data from Configuration Repository,16.1,enterprise,,,,[],,,01/13/2022,04/16/2025
3438,nist_800_53,rev5,System and Information Integrity,SI-10,Information Input Validation,mitigates,T1602.001,SNMP (MIB Dump),16.1,enterprise,,,,[],,,01/13/2022,04/16/2025
3439,nist_800_53,rev5,System and Information Integrity,SI-10,Information Input Validation,mitigates,T1602.002,Network Device Configuration Dump,16.1,enterprise,,,,[],,,01/13/2022,04/16/2025
3440,nist_800_53,rev5,System and Information Integrity,SI-10,Information Input Validation,mitigates,T1609,Container Administration Command,16.1,enterprise,,,,[],,,01/13/2022,04/16/2025
3441,nist_800_53,rev5,System and Information Integrity,SI-10,Information Input Validation,mitigates,T1622,Debugger Evasion,16.1,enterprise,,,,[],,,01/13/2022,04/16/2025
3442,nist_800_53,rev5,System and Information Integrity,SI-15,Information Output Filtering,mitigates,T1021.005,VNC,16.1,enterprise,,,,[],,,01/13/2022,04/16/2025
3443,nist_800_53,rev5,System and Information Integrity,SI-15,Information Output Filtering,mitigates,T1048,Exfiltration Over Alternative Protocol,16.1,enterprise,,,,[],,,01/13/2022,04/16/2025
3444,nist_800_53,rev5,System and Information Integrity,SI-15,Information Output Filtering,mitigates,T1048.001,Exfiltration Over Symmetric Encrypted Non-C2 Protocol,16.1,enterprise,,,,[],,,01/13/2022,04/16/2025
3445,nist_800_53,rev5,System and Information Integrity,SI-15,Information Output Filtering,mitigates,T1048.002,Exfiltration Over Asymmetric Encrypted Non-C2 Protocol,16.1,enterprise,,,,[],,,01/13/2022,04/16/2025
3446,nist_800_53,rev5,System and Information Integrity,SI-15,Information Output Filtering,mitigates,T1048.003,Exfiltration Over Unencrypted Non-C2 Protocol,16.1,enterprise,,,,[],,,01/13/2022,04/16/2025
3447,nist_800_53,rev5,System and Information Integrity,SI-15,Information Output Filtering,mitigates,T1071.004,DNS,16.1,enterprise,,,,[],,,01/13/2022,04/16/2025
3448,nist_800_53,rev5,System and Information Integrity,SI-15,Information Output Filtering,mitigates,T1090,Proxy,16.1,enterprise,,,,[],,,01/13/2022,04/16/2025
3449,nist_800_53,rev5,System and Information Integrity,SI-15,Information Output Filtering,mitigates,T1095,Non-Application Layer Protocol,16.1,enterprise,,,,[],,,01/13/2022,04/16/2025
3450,nist_800_53,rev5,System and Information Integrity,SI-15,Information Output Filtering,mitigates,T1187,Forced Authentication,16.1,enterprise,,,,[],,,01/13/2022,04/16/2025
3451,nist_800_53,rev5,System and Information Integrity,SI-15,Information Output Filtering,mitigates,T1197,BITS Jobs,16.1,enterprise,,,,[],,,01/13/2022,04/16/2025
3452,nist_800_53,rev5,System and Information Integrity,SI-15,Information Output Filtering,mitigates,T1205,Traffic Signaling,16.1,enterprise,,,,[],,,01/13/2022,04/16/2025
3453,nist_800_53,rev5,System and Information Integrity,SI-15,Information Output Filtering,mitigates,T1205.001,Port Knocking,16.1,enterprise,,,,[],,,01/13/2022,04/16/2025
3454,nist_800_53,rev5,System and Information Integrity,SI-15,Information Output Filtering,mitigates,T1218.012,Verclsid,16.1,enterprise,,,,[],,,01/13/2022,04/16/2025
3455,nist_800_53,rev5,System and Information Integrity,SI-15,Information Output Filtering,mitigates,T1498,Network Denial of Service,16.1,enterprise,,,,[],,,01/13/2022,04/16/2025
3456,nist_800_53,rev5,System and Information Integrity,SI-15,Information Output Filtering,mitigates,T1498.001,Direct Network Flood,16.1,enterprise,,,,[],,,01/13/2022,04/16/2025
3457,nist_800_53,rev5,System and Information Integrity,SI-15,Information Output Filtering,mitigates,T1498.002,Reflection Amplification,16.1,enterprise,,,,[],,,01/13/2022,04/16/2025
3458,nist_800_53,rev5,System and Information Integrity,SI-15,Information Output Filtering,mitigates,T1499,Endpoint Denial of Service,16.1,enterprise,,,,[],,,01/13/2022,04/16/2025
3459,nist_800_53,rev5,System and Information Integrity,SI-15,Information Output Filtering,mitigates,T1499.001,OS Exhaustion Flood,16.1,enterprise,,,,[],,,01/13/2022,04/16/2025
3460,nist_800_53,rev5,System and Information Integrity,SI-15,Information Output Filtering,mitigates,T1499.002,Service Exhaustion Flood,16.1,enterprise,,,,[],,,01/13/2022,04/16/2025
3461,nist_800_53,rev5,System and Information Integrity,SI-15,Information Output Filtering,mitigates,T1499.003,Application Exhaustion Flood,16.1,enterprise,,,,[],,,01/13/2022,04/16/2025
3462,nist_800_53,rev5,System and Information Integrity,SI-15,Information Output Filtering,mitigates,T1499.004,Application or System Exploitation,16.1,enterprise,,,,[],,,01/13/2022,04/16/2025
3463,nist_800_53,rev5,System and Information Integrity,SI-15,Information Output Filtering,mitigates,T1552.005,Cloud Instance Metadata API,16.1,enterprise,,,,[],,,01/13/2022,04/16/2025
3464,nist_800_53,rev5,System and Information Integrity,SI-15,Information Output Filtering,mitigates,T1557.001,LLMNR/NBT-NS Poisoning and SMB Relay,16.1,enterprise,,,,[],,,01/13/2022,04/16/2025
3465,nist_800_53,rev5,System and Information Integrity,SI-15,Information Output Filtering,mitigates,T1557.002,ARP Cache Poisoning,16.1,enterprise,,,,[],,,01/13/2022,04/16/2025
3466,nist_800_53,rev5,System and Information Integrity,SI-15,Information Output Filtering,mitigates,T1557.003,DHCP Spoofing,16.1,enterprise,,,,[],,,01/13/2022,04/16/2025
3467,nist_800_53,rev5,System and Information Integrity,SI-15,Information Output Filtering,mitigates,T1564.009,Resource Forking,16.1,enterprise,,,,[],,,01/13/2022,04/16/2025
3468,nist_800_53,rev5,System and Information Integrity,SI-15,Information Output Filtering,mitigates,T1570,Lateral Tool Transfer,16.1,enterprise,,,,[],,,01/13/2022,04/16/2025
3469,nist_800_53,rev5,System and Information Integrity,SI-15,Information Output Filtering,mitigates,T1599,Network Boundary Bridging,16.1,enterprise,,,,[],,,01/13/2022,04/16/2025
3470,nist_800_53,rev5,System and Information Integrity,SI-15,Information Output Filtering,mitigates,T1599.001,Network Address Translation Traversal,16.1,enterprise,,,,[],,,01/13/2022,04/16/2025
3471,nist_800_53,rev5,System and Information Integrity,SI-15,Information Output Filtering,mitigates,T1602,Data from Configuration Repository,16.1,enterprise,,,,[],,,01/13/2022,04/16/2025
3472,nist_800_53,rev5,System and Information Integrity,SI-15,Information Output Filtering,mitigates,T1602.001,SNMP (MIB Dump),16.1,enterprise,,,,[],,,01/13/2022,04/16/2025
3473,nist_800_53,rev5,System and Information Integrity,SI-15,Information Output Filtering,mitigates,T1602.002,Network Device Configuration Dump,16.1,enterprise,,,,[],,,01/13/2022,04/16/2025
3474,nist_800_53,rev5,System and Information Integrity,SI-15,Information Output Filtering,mitigates,T1622,Debugger Evasion,16.1,enterprise,,,,[],,,01/13/2022,04/16/2025
3475,nist_800_53,rev5,System and Information Integrity,SI-03,Malicious Code Protection,mitigates,T1001.002,Steganography,16.1,enterprise,,,,[],,,01/13/2022,04/16/2025
3476,nist_800_53,rev5,System and Information Integrity,SI-03,Malicious Code Protection,mitigates,T1003.002,Security Account Manager,16.1,enterprise,,,,[],,,01/13/2022,04/16/2025
3477,nist_800_53,rev5,System and Information Integrity,SI-03,Malicious Code Protection,mitigates,T1003.003,NTDS,16.1,enterprise,,,,[],,,01/13/2022,04/16/2025
3478,nist_800_53,rev5,System and Information Integrity,SI-03,Malicious Code Protection,mitigates,T1003.004,LSA Secrets,16.1,enterprise,,,,[],,,01/13/2022,04/16/2025
3479,nist_800_53,rev5,System and Information Integrity,SI-03,Malicious Code Protection,mitigates,T1003.006,DCSync,16.1,enterprise,,,,[],,,01/13/2022,04/16/2025
3480,nist_800_53,rev5,System and Information Integrity,SI-03,Malicious Code Protection,mitigates,T1003.008,/etc/passwd and /etc/shadow,16.1,enterprise,,,,[],,,01/13/2022,04/16/2025
3481,nist_800_53,rev5,System and Information Integrity,SI-03,Malicious Code Protection,mitigates,T1005,Data from Local System,16.1,enterprise,,,,[],,,01/13/2022,04/16/2025
3482,nist_800_53,rev5,System and Information Integrity,SI-03,Malicious Code Protection,mitigates,T1008,Fallback Channels,16.1,enterprise,,,,[],,,01/13/2022,04/16/2025
3483,nist_800_53,rev5,System and Information Integrity,SI-03,Malicious Code Protection,mitigates,T1011.001,Exfiltration Over Bluetooth,16.1,enterprise,,,,[],,,01/13/2022,04/16/2025
3484,nist_800_53,rev5,System and Information Integrity,SI-03,Malicious Code Protection,mitigates,T1021.003,Distributed Component Object Model,16.1,enterprise,,,,[],,,01/13/2022,04/16/2025
3485,nist_800_53,rev5,System and Information Integrity,SI-03,Malicious Code Protection,mitigates,T1021.005,VNC,16.1,enterprise,,,,[],,,01/13/2022,04/16/2025
3486,nist_800_53,rev5,System and Information Integrity,SI-03,Malicious Code Protection,mitigates,T1025,Data from Removable Media,16.1,enterprise,,,,[],,,01/13/2022,04/16/2025
3487,nist_800_53,rev5,System and Information Integrity,SI-03,Malicious Code Protection,mitigates,T1027.002,Software Packing,16.1,enterprise,,,,[],,,01/13/2022,04/16/2025
3488,nist_800_53,rev5,System and Information Integrity,SI-03,Malicious Code Protection,mitigates,T1027.007,Dynamic API Resolution,16.1,enterprise,,,,[],,,01/13/2022,04/16/2025
3489,nist_800_53,rev5,System and Information Integrity,SI-03,Malicious Code Protection,mitigates,T1027.008,Stripped Payloads,16.1,enterprise,,,,[],,,01/13/2022,04/16/2025
3490,nist_800_53,rev5,System and Information Integrity,SI-03,Malicious Code Protection,mitigates,T1027.009,Embedded Payloads,16.1,enterprise,,,,[],,,01/13/2022,04/16/2025
3491,nist_800_53,rev5,System and Information Integrity,SI-03,Malicious Code Protection,mitigates,T1027.010,Command Obfuscation,16.1,enterprise,,,,[],,,01/13/2022,04/16/2025
3492,nist_800_53,rev5,System and Information Integrity,SI-03,Malicious Code Protection,mitigates,T1027.012,LNK Icon Smuggling,16.1,enterprise,,,,[],,,01/13/2022,04/16/2025
3493,nist_800_53,rev5,System and Information Integrity,SI-03,Malicious Code Protection,mitigates,T1029,Scheduled Transfer,16.1,enterprise,,,,[],,,01/13/2022,04/16/2025
3494,nist_800_53,rev5,System and Information Integrity,SI-03,Malicious Code Protection,mitigates,T1030,Data Transfer Size Limits,16.1,enterprise,,,,[],,,01/13/2022,04/16/2025
3495,nist_800_53,rev5,System and Information Integrity,SI-03,Malicious Code Protection,mitigates,T1036.003,Rename System Utilities,16.1,enterprise,,,,[],,,01/13/2022,04/16/2025
3496,nist_800_53,rev5,System and Information Integrity,SI-03,Malicious Code Protection,mitigates,T1036.005,Match Legitimate Name or Location,16.1,enterprise,,,,[],,,01/13/2022,04/16/2025
3497,nist_800_53,rev5,System and Information Integrity,SI-03,Malicious Code Protection,mitigates,T1036.008,Masquerade File Type,16.1,enterprise,,,,[],,,01/13/2022,04/16/2025
3498,nist_800_53,rev5,System and Information Integrity,SI-03,Malicious Code Protection,mitigates,T1037.002,Login Hook,16.1,enterprise,,,,[],,,01/13/2022,04/16/2025
3499,nist_800_53,rev5,System and Information Integrity,SI-03,Malicious Code Protection,mitigates,T1037.003,Network Logon Script,16.1,enterprise,,,,[],,,01/13/2022,04/16/2025
3500,nist_800_53,rev5,System and Information Integrity,SI-03,Malicious Code Protection,mitigates,T1037.004,RC Scripts,16.1,enterprise,,,,[],,,01/13/2022,04/16/2025
3501,nist_800_53,rev5,System and Information Integrity,SI-03,Malicious Code Protection,mitigates,T1037.005,Startup Items,16.1,enterprise,,,,[],,,01/13/2022,04/16/2025
3502,nist_800_53,rev5,System and Information Integrity,SI-03,Malicious Code Protection,mitigates,T1041,Exfiltration Over C2 Channel,16.1,enterprise,,,,[],,,01/13/2022,04/16/2025
3503,nist_800_53,rev5,System and Information Integrity,SI-03,Malicious Code Protection,mitigates,T1046,Network Service Discovery,16.1,enterprise,,,,[],,,01/13/2022,04/16/2025
3504,nist_800_53,rev5,System and Information Integrity,SI-03,Malicious Code Protection,mitigates,T1048,Exfiltration Over Alternative Protocol,16.1,enterprise,,,,[],,,01/13/2022,04/16/2025
3505,nist_800_53,rev5,System and Information Integrity,SI-03,Malicious Code Protection,mitigates,T1048.001,Exfiltration Over Symmetric Encrypted Non-C2 Protocol,16.1,enterprise,,,,[],,,01/13/2022,04/16/2025
3506,nist_800_53,rev5,System and Information Integrity,SI-03,Malicious Code Protection,mitigates,T1048.002,Exfiltration Over Asymmetric Encrypted Non-C2 Protocol,16.1,enterprise,,,,[],,,01/13/2022,04/16/2025
3507,nist_800_53,rev5,System and Information Integrity,SI-03,Malicious Code Protection,mitigates,T1048.003,Exfiltration Over Unencrypted Non-C2 Protocol,16.1,enterprise,,,,[],,,01/13/2022,04/16/2025
3508,nist_800_53,rev5,System and Information Integrity,SI-03,Malicious Code Protection,mitigates,T1052,Exfiltration Over Physical Medium,16.1,enterprise,,,,[],,,01/13/2022,04/16/2025
3509,nist_800_53,rev5,System and Information Integrity,SI-03,Malicious Code Protection,mitigates,T1052.001,Exfiltration over USB,16.1,enterprise,,,,[],,,01/13/2022,04/16/2025
3510,nist_800_53,rev5,System and Information Integrity,SI-03,Malicious Code Protection,mitigates,T1055,Process Injection,16.1,enterprise,,,,[],,,01/13/2022,04/16/2025
3511,nist_800_53,rev5,System and Information Integrity,SI-03,Malicious Code Protection,mitigates,T1055.001,Dynamic-link Library Injection,16.1,enterprise,,,,[],,,01/13/2022,04/16/2025
3512,nist_800_53,rev5,System and Information Integrity,SI-03,Malicious Code Protection,mitigates,T1055.002,Portable Executable Injection,16.1,enterprise,,,,[],,,01/13/2022,04/16/2025
3513,nist_800_53,rev5,System and Information Integrity,SI-03,Malicious Code Protection,mitigates,T1055.003,Thread Execution Hijacking,16.1,enterprise,,,,[],,,01/13/2022,04/16/2025
3514,nist_800_53,rev5,System and Information Integrity,SI-03,Malicious Code Protection,mitigates,T1055.004,Asynchronous Procedure Call,16.1,enterprise,,,,[],,,01/13/2022,04/16/2025
3515,nist_800_53,rev5,System and Information Integrity,SI-03,Malicious Code Protection,mitigates,T1055.005,Thread Local Storage,16.1,enterprise,,,,[],,,01/13/2022,04/16/2025
3516,nist_800_53,rev5,System and Information Integrity,SI-03,Malicious Code Protection,mitigates,T1055.008,Ptrace System Calls,16.1,enterprise,,,,[],,,01/13/2022,04/16/2025
3517,nist_800_53,rev5,System and Information Integrity,SI-03,Malicious Code Protection,mitigates,T1055.009,Proc Memory,16.1,enterprise,,,,[],,,01/13/2022,04/16/2025
3518,nist_800_53,rev5,System and Information Integrity,SI-03,Malicious Code Protection,mitigates,T1055.011,Extra Window Memory Injection,16.1,enterprise,,,,[],,,01/13/2022,04/16/2025
3519,nist_800_53,rev5,System and Information Integrity,SI-03,Malicious Code Protection,mitigates,T1055.012,Process Hollowing,16.1,enterprise,,,,[],,,01/13/2022,04/16/2025
3520,nist_800_53,rev5,System and Information Integrity,SI-03,Malicious Code Protection,mitigates,T1055.013,Process Doppelgänging,16.1,enterprise,,,,[],,,01/13/2022,04/16/2025
3521,nist_800_53,rev5,System and Information Integrity,SI-03,Malicious Code Protection,mitigates,T1055.014,VDSO Hijacking,16.1,enterprise,,,,[],,,01/13/2022,04/16/2025
3522,nist_800_53,rev5,System and Information Integrity,SI-03,Malicious Code Protection,mitigates,T1059.001,PowerShell,16.1,enterprise,,,,[],,,01/13/2022,04/16/2025
3523,nist_800_53,rev5,System and Information Integrity,SI-03,Malicious Code Protection,mitigates,T1059.002,AppleScript,16.1,enterprise,,,,[],,,01/13/2022,04/16/2025
3524,nist_800_53,rev5,System and Information Integrity,SI-03,Malicious Code Protection,mitigates,T1059.003,Windows Command Shell,16.1,enterprise,,,,[],,,01/13/2022,04/16/2025
3525,nist_800_53,rev5,System and Information Integrity,SI-03,Malicious Code Protection,mitigates,T1059.004,Unix Shell,16.1,enterprise,,,,[],,,01/13/2022,04/16/2025
3526,nist_800_53,rev5,System and Information Integrity,SI-03,Malicious Code Protection,mitigates,T1059.005,Visual Basic,16.1,enterprise,,,,[],,,01/13/2022,04/16/2025
3527,nist_800_53,rev5,System and Information Integrity,SI-03,Malicious Code Protection,mitigates,T1059.007,JavaScript,16.1,enterprise,,,,[],,,01/13/2022,04/16/2025
3528,nist_800_53,rev5,System and Information Integrity,SI-03,Malicious Code Protection,mitigates,T1059.008,Network Device CLI,16.1,enterprise,,,,[],,,01/13/2022,04/16/2025
3529,nist_800_53,rev5,System and Information Integrity,SI-03,Malicious Code Protection,mitigates,T1068,Exploitation for Privilege Escalation,16.1,enterprise,,,,[],,,01/13/2022,04/16/2025
3530,nist_800_53,rev5,System and Information Integrity,SI-03,Malicious Code Protection,mitigates,T1070,Indicator Removal,16.1,enterprise,,,,[],,,01/13/2022,04/16/2025
3531,nist_800_53,rev5,System and Information Integrity,SI-03,Malicious Code Protection,mitigates,T1070.002,Clear Linux or Mac System Logs,16.1,enterprise,,,,[],,,01/13/2022,04/16/2025
3532,nist_800_53,rev5,System and Information Integrity,SI-03,Malicious Code Protection,mitigates,T1070.007,Clear Network Connection History and Configurations,16.1,enterprise,,,,[],,,01/13/2022,04/16/2025
3533,nist_800_53,rev5,System and Information Integrity,SI-03,Malicious Code Protection,mitigates,T1070.008,Clear Mailbox Data,16.1,enterprise,,,,[],,,01/13/2022,04/16/2025
3534,nist_800_53,rev5,System and Information Integrity,SI-03,Malicious Code Protection,mitigates,T1070.009,Clear Persistence,16.1,enterprise,,,,[],,,01/13/2022,04/16/2025
3535,nist_800_53,rev5,System and Information Integrity,SI-03,Malicious Code Protection,mitigates,T1071.001,Web Protocols,16.1,enterprise,,,,[],,,01/13/2022,04/16/2025
3536,nist_800_53,rev5,System and Information Integrity,SI-03,Malicious Code Protection,mitigates,T1071.004,DNS,16.1,enterprise,,,,[],,,01/13/2022,04/16/2025
3537,nist_800_53,rev5,System and Information Integrity,SI-03,Malicious Code Protection,mitigates,T1080,Taint Shared Content,16.1,enterprise,,,,[],,,01/13/2022,04/16/2025
3538,nist_800_53,rev5,System and Information Integrity,SI-03,Malicious Code Protection,mitigates,T1090,Proxy,16.1,enterprise,,,,[],,,01/13/2022,04/16/2025
3539,nist_800_53,rev5,System and Information Integrity,SI-03,Malicious Code Protection,mitigates,T1090.001,Internal Proxy,16.1,enterprise,,,,[],,,01/13/2022,04/16/2025
3540,nist_800_53,rev5,System and Information Integrity,SI-03,Malicious Code Protection,mitigates,T1090.002,External Proxy,16.1,enterprise,,,,[],,,01/13/2022,04/16/2025
3541,nist_800_53,rev5,System and Information Integrity,SI-03,Malicious Code Protection,mitigates,T1091,Replication Through Removable Media,16.1,enterprise,,,,[],,,01/13/2022,04/16/2025
3542,nist_800_53,rev5,System and Information Integrity,SI-03,Malicious Code Protection,mitigates,T1095,Non-Application Layer Protocol,16.1,enterprise,,,,[],,,01/13/2022,04/16/2025
3543,nist_800_53,rev5,System and Information Integrity,SI-03,Malicious Code Protection,mitigates,T1098.004,SSH Authorized Keys,16.1,enterprise,,,,[],,,01/13/2022,04/16/2025
3544,nist_800_53,rev5,System and Information Integrity,SI-03,Malicious Code Protection,mitigates,T1102.001,Dead Drop Resolver,16.1,enterprise,,,,[],,,01/13/2022,04/16/2025
3545,nist_800_53,rev5,System and Information Integrity,SI-03,Malicious Code Protection,mitigates,T1102.002,Bidirectional Communication,16.1,enterprise,,,,[],,,01/13/2022,04/16/2025
3546,nist_800_53,rev5,System and Information Integrity,SI-03,Malicious Code Protection,mitigates,T1102.003,One-Way Communication,16.1,enterprise,,,,[],,,01/13/2022,04/16/2025
3547,nist_800_53,rev5,System and Information Integrity,SI-03,Malicious Code Protection,mitigates,T1104,Multi-Stage Channels,16.1,enterprise,,,,[],,,01/13/2022,04/16/2025
3548,nist_800_53,rev5,System and Information Integrity,SI-03,Malicious Code Protection,mitigates,T1106,Native API,16.1,enterprise,,,,[],,,01/13/2022,04/16/2025
3549,nist_800_53,rev5,System and Information Integrity,SI-03,Malicious Code Protection,mitigates,T1111,Multi-Factor Authentication Interception,16.1,enterprise,,,,[],,,01/13/2022,04/16/2025
3550,nist_800_53,rev5,System and Information Integrity,SI-03,Malicious Code Protection,mitigates,T1129,Shared Modules,16.1,enterprise,,,,[],,,01/13/2022,04/16/2025
3551,nist_800_53,rev5,System and Information Integrity,SI-03,Malicious Code Protection,mitigates,T1132,Data Encoding,16.1,enterprise,,,,[],,,01/13/2022,04/16/2025
3552,nist_800_53,rev5,System and Information Integrity,SI-03,Malicious Code Protection,mitigates,T1132.001,Standard Encoding,16.1,enterprise,,,,[],,,01/13/2022,04/16/2025
3553,nist_800_53,rev5,System and Information Integrity,SI-03,Malicious Code Protection,mitigates,T1132.002,Non-Standard Encoding,16.1,enterprise,,,,[],,,01/13/2022,04/16/2025
3554,nist_800_53,rev5,System and Information Integrity,SI-03,Malicious Code Protection,mitigates,T1137,Office Application Startup,16.1,enterprise,,,,[],,,01/13/2022,04/16/2025
3555,nist_800_53,rev5,System and Information Integrity,SI-03,Malicious Code Protection,mitigates,T1137.001,Office Template Macros,16.1,enterprise,,,,[],,,01/13/2022,04/16/2025
3556,nist_800_53,rev5,System and Information Integrity,SI-03,Malicious Code Protection,mitigates,T1185,Browser Session Hijacking,16.1,enterprise,,,,[],,,01/13/2022,04/16/2025
3557,nist_800_53,rev5,System and Information Integrity,SI-03,Malicious Code Protection,mitigates,T1189,Drive-by Compromise,16.1,enterprise,,,,[],,,01/13/2022,04/16/2025
3558,nist_800_53,rev5,System and Information Integrity,SI-03,Malicious Code Protection,mitigates,T1201,Password Policy Discovery,16.1,enterprise,,,,[],,,01/13/2022,04/16/2025
3559,nist_800_53,rev5,System and Information Integrity,SI-03,Malicious Code Protection,mitigates,T1204.001,Malicious Link,16.1,enterprise,,,,[],,,01/13/2022,04/16/2025
3560,nist_800_53,rev5,System and Information Integrity,SI-03,Malicious Code Protection,mitigates,T1204.003,Malicious Image,16.1,enterprise,,,,[],,,01/13/2022,04/16/2025
3561,nist_800_53,rev5,System and Information Integrity,SI-03,Malicious Code Protection,mitigates,T1210,Exploitation of Remote Services,16.1,enterprise,,,,[],,,01/13/2022,04/16/2025
3562,nist_800_53,rev5,System and Information Integrity,SI-03,Malicious Code Protection,mitigates,T1211,Exploitation for Defense Evasion,16.1,enterprise,,,,[],,,01/13/2022,04/16/2025
3563,nist_800_53,rev5,System and Information Integrity,SI-03,Malicious Code Protection,mitigates,T1212,Exploitation for Credential Access,16.1,enterprise,,,,[],,,01/13/2022,04/16/2025
3564,nist_800_53,rev5,System and Information Integrity,SI-03,Malicious Code Protection,mitigates,T1218.001,Compiled HTML File,16.1,enterprise,,,,[],,,01/13/2022,04/16/2025
3565,nist_800_53,rev5,System and Information Integrity,SI-03,Malicious Code Protection,mitigates,T1218.002,Control Panel,16.1,enterprise,,,,[],,,01/13/2022,04/16/2025
3566,nist_800_53,rev5,System and Information Integrity,SI-03,Malicious Code Protection,mitigates,T1218.003,CMSTP,16.1,enterprise,,,,[],,,01/13/2022,04/16/2025
3567,nist_800_53,rev5,System and Information Integrity,SI-03,Malicious Code Protection,mitigates,T1218.004,InstallUtil,16.1,enterprise,,,,[],,,01/13/2022,04/16/2025
3568,nist_800_53,rev5,System and Information Integrity,SI-03,Malicious Code Protection,mitigates,T1218.005,Mshta,16.1,enterprise,,,,[],,,01/13/2022,04/16/2025
3569,nist_800_53,rev5,System and Information Integrity,SI-03,Malicious Code Protection,mitigates,T1218.008,Odbcconf,16.1,enterprise,,,,[],,,01/13/2022,04/16/2025
3570,nist_800_53,rev5,System and Information Integrity,SI-03,Malicious Code Protection,mitigates,T1218.009,Regsvcs/Regasm,16.1,enterprise,,,,[],,,01/13/2022,04/16/2025
3571,nist_800_53,rev5,System and Information Integrity,SI-03,Malicious Code Protection,mitigates,T1218.012,Verclsid,16.1,enterprise,,,,[],,,01/13/2022,04/16/2025
3572,nist_800_53,rev5,System and Information Integrity,SI-03,Malicious Code Protection,mitigates,T1218.013,Mavinject,16.1,enterprise,,,,[],,,01/13/2022,04/16/2025
3573,nist_800_53,rev5,System and Information Integrity,SI-03,Malicious Code Protection,mitigates,T1218.014,MMC,16.1,enterprise,,,,[],,,01/13/2022,04/16/2025
3574,nist_800_53,rev5,System and Information Integrity,SI-03,Malicious Code Protection,mitigates,T1221,Template Injection,16.1,enterprise,,,,[],,,01/13/2022,04/16/2025
3575,nist_800_53,rev5,System and Information Integrity,SI-03,Malicious Code Protection,mitigates,T1486,Data Encrypted for Impact,16.1,enterprise,,,,[],,,01/13/2022,04/16/2025
3576,nist_800_53,rev5,System and Information Integrity,SI-03,Malicious Code Protection,mitigates,T1491,Defacement,16.1,enterprise,,,,[],,,01/13/2022,04/16/2025
3577,nist_800_53,rev5,System and Information Integrity,SI-03,Malicious Code Protection,mitigates,T1491.001,Internal Defacement,16.1,enterprise,,,,[],,,01/13/2022,04/16/2025
3578,nist_800_53,rev5,System and Information Integrity,SI-03,Malicious Code Protection,mitigates,T1491.002,External Defacement,16.1,enterprise,,,,[],,,01/13/2022,04/16/2025
3579,nist_800_53,rev5,System and Information Integrity,SI-03,Malicious Code Protection,mitigates,T1505.004,IIS Components,16.1,enterprise,,,,[],,,01/13/2022,04/16/2025
3580,nist_800_53,rev5,System and Information Integrity,SI-03,Malicious Code Protection,mitigates,T1525,Implant Internal Image,16.1,enterprise,,,,[],,,01/13/2022,04/16/2025
3581,nist_800_53,rev5,System and Information Integrity,SI-03,Malicious Code Protection,mitigates,T1546.002,Screensaver,16.1,enterprise,,,,[],,,01/13/2022,04/16/2025
3582,nist_800_53,rev5,System and Information Integrity,SI-03,Malicious Code Protection,mitigates,T1546.004,Unix Shell Configuration Modification,16.1,enterprise,,,,[],,,01/13/2022,04/16/2025
3583,nist_800_53,rev5,System and Information Integrity,SI-03,Malicious Code Protection,mitigates,T1546.006,LC_LOAD_DYLIB Addition,16.1,enterprise,,,,[],,,01/13/2022,04/16/2025
3584,nist_800_53,rev5,System and Information Integrity,SI-03,Malicious Code Protection,mitigates,T1546.013,PowerShell Profile,16.1,enterprise,,,,[],,,01/13/2022,04/16/2025
3585,nist_800_53,rev5,System and Information Integrity,SI-03,Malicious Code Protection,mitigates,T1546.014,Emond,16.1,enterprise,,,,[],,,01/13/2022,04/16/2025
3586,nist_800_53,rev5,System and Information Integrity,SI-03,Malicious Code Protection,mitigates,T1547.002,Authentication Package,16.1,enterprise,,,,[],,,01/13/2022,04/16/2025
3587,nist_800_53,rev5,System and Information Integrity,SI-03,Malicious Code Protection,mitigates,T1547.005,Security Support Provider,16.1,enterprise,,,,[],,,01/13/2022,04/16/2025
3588,nist_800_53,rev5,System and Information Integrity,SI-03,Malicious Code Protection,mitigates,T1547.006,Kernel Modules and Extensions,16.1,enterprise,,,,[],,,01/13/2022,04/16/2025
3589,nist_800_53,rev5,System and Information Integrity,SI-03,Malicious Code Protection,mitigates,T1547.007,Re-opened Applications,16.1,enterprise,,,,[],,,01/13/2022,04/16/2025
3590,nist_800_53,rev5,System and Information Integrity,SI-03,Malicious Code Protection,mitigates,T1547.008,LSASS Driver,16.1,enterprise,,,,[],,,01/13/2022,04/16/2025
3591,nist_800_53,rev5,System and Information Integrity,SI-03,Malicious Code Protection,mitigates,T1547.013,XDG Autostart Entries,16.1,enterprise,,,,[],,,01/13/2022,04/16/2025
3592,nist_800_53,rev5,System and Information Integrity,SI-03,Malicious Code Protection,mitigates,T1548.004,Elevated Execution with Prompt,16.1,enterprise,,,,[],,,01/13/2022,04/16/2025
3593,nist_800_53,rev5,System and Information Integrity,SI-03,Malicious Code Protection,mitigates,T1553.003,SIP and Trust Provider Hijacking,16.1,enterprise,,,,[],,,01/13/2022,04/16/2025
3594,nist_800_53,rev5,System and Information Integrity,SI-03,Malicious Code Protection,mitigates,T1557.001,LLMNR/NBT-NS Poisoning and SMB Relay,16.1,enterprise,,,,[],,,01/13/2022,04/16/2025
3595,nist_800_53,rev5,System and Information Integrity,SI-03,Malicious Code Protection,mitigates,T1557.002,ARP Cache Poisoning,16.1,enterprise,,,,[],,,01/13/2022,04/16/2025
3596,nist_800_53,rev5,System and Information Integrity,SI-03,Malicious Code Protection,mitigates,T1557.003,DHCP Spoofing,16.1,enterprise,,,,[],,,01/13/2022,04/16/2025
3597,nist_800_53,rev5,System and Information Integrity,SI-03,Malicious Code Protection,mitigates,T1558.002,Silver Ticket,16.1,enterprise,,,,[],,,01/13/2022,04/16/2025
3598,nist_800_53,rev5,System and Information Integrity,SI-03,Malicious Code Protection,mitigates,T1558.003,Kerberoasting,16.1,enterprise,,,,[],,,01/13/2022,04/16/2025
3599,nist_800_53,rev5,System and Information Integrity,SI-03,Malicious Code Protection,mitigates,T1558.004,AS-REP Roasting,16.1,enterprise,,,,[],,,01/13/2022,04/16/2025
3600,nist_800_53,rev5,System and Information Integrity,SI-03,Malicious Code Protection,mitigates,T1559,Inter-Process Communication,16.1,enterprise,,,,[],,,01/13/2022,04/16/2025
3601,nist_800_53,rev5,System and Information Integrity,SI-03,Malicious Code Protection,mitigates,T1559.001,Component Object Model,16.1,enterprise,,,,[],,,01/13/2022,04/16/2025
3602,nist_800_53,rev5,System and Information Integrity,SI-03,Malicious Code Protection,mitigates,T1559.002,Dynamic Data Exchange,16.1,enterprise,,,,[],,,01/13/2022,04/16/2025
3603,nist_800_53,rev5,System and Information Integrity,SI-03,Malicious Code Protection,mitigates,T1560.001,Archive via Utility,16.1,enterprise,,,,[],,,01/13/2022,04/16/2025
3604,nist_800_53,rev5,System and Information Integrity,SI-03,Malicious Code Protection,mitigates,T1561,Disk Wipe,16.1,enterprise,,,,[],,,01/13/2022,04/16/2025
3605,nist_800_53,rev5,System and Information Integrity,SI-03,Malicious Code Protection,mitigates,T1561.001,Disk Content Wipe,16.1,enterprise,,,,[],,,01/13/2022,04/16/2025
3606,nist_800_53,rev5,System and Information Integrity,SI-03,Malicious Code Protection,mitigates,T1561.002,Disk Structure Wipe,16.1,enterprise,,,,[],,,01/13/2022,04/16/2025
3607,nist_800_53,rev5,System and Information Integrity,SI-03,Malicious Code Protection,mitigates,T1562.001,Disable or Modify Tools,16.1,enterprise,,,,[],,,01/13/2022,04/16/2025
3608,nist_800_53,rev5,System and Information Integrity,SI-03,Malicious Code Protection,mitigates,T1562.002,Disable Windows Event Logging,16.1,enterprise,,,,[],,,01/13/2022,04/16/2025
3609,nist_800_53,rev5,System and Information Integrity,SI-03,Malicious Code Protection,mitigates,T1562.011,Spoof Security Alerting,16.1,enterprise,,,,[],,,01/13/2022,04/16/2025
3610,nist_800_53,rev5,System and Information Integrity,SI-03,Malicious Code Protection,mitigates,T1564.008,Email Hiding Rules,16.1,enterprise,,,,[],,,01/13/2022,04/16/2025
3611,nist_800_53,rev5,System and Information Integrity,SI-03,Malicious Code Protection,mitigates,T1564.009,Resource Forking,16.1,enterprise,,,,[],,,01/13/2022,04/16/2025
3612,nist_800_53,rev5,System and Information Integrity,SI-03,Malicious Code Protection,mitigates,T1567,Exfiltration Over Web Service,16.1,enterprise,,,,[],,,01/13/2022,04/16/2025
3613,nist_800_53,rev5,System and Information Integrity,SI-03,Malicious Code Protection,mitigates,T1568,Dynamic Resolution,16.1,enterprise,,,,[],,,01/13/2022,04/16/2025
3614,nist_800_53,rev5,System and Information Integrity,SI-03,Malicious Code Protection,mitigates,T1568.002,Domain Generation Algorithms,16.1,enterprise,,,,[],,,01/13/2022,04/16/2025
3615,nist_800_53,rev5,System and Information Integrity,SI-03,Malicious Code Protection,mitigates,T1569,System Services,16.1,enterprise,,,,[],,,01/13/2022,04/16/2025
3616,nist_800_53,rev5,System and Information Integrity,SI-03,Malicious Code Protection,mitigates,T1569.002,Service Execution,16.1,enterprise,,,,[],,,01/13/2022,04/16/2025
3617,nist_800_53,rev5,System and Information Integrity,SI-03,Malicious Code Protection,mitigates,T1570,Lateral Tool Transfer,16.1,enterprise,,,,[],,,01/13/2022,04/16/2025
3618,nist_800_53,rev5,System and Information Integrity,SI-03,Malicious Code Protection,mitigates,T1571,Non-Standard Port,16.1,enterprise,,,,[],,,01/13/2022,04/16/2025
3619,nist_800_53,rev5,System and Information Integrity,SI-03,Malicious Code Protection,mitigates,T1573.001,Symmetric Cryptography,16.1,enterprise,,,,[],,,01/13/2022,04/16/2025
3620,nist_800_53,rev5,System and Information Integrity,SI-03,Malicious Code Protection,mitigates,T1573.002,Asymmetric Cryptography,16.1,enterprise,,,,[],,,01/13/2022,04/16/2025
3621,nist_800_53,rev5,System and Information Integrity,SI-03,Malicious Code Protection,mitigates,T1574,Hijack Execution Flow,16.1,enterprise,,,,[],,,01/13/2022,04/16/2025
3622,nist_800_53,rev5,System and Information Integrity,SI-03,Malicious Code Protection,mitigates,T1574.004,Dylib Hijacking,16.1,enterprise,,,,[],,,01/13/2022,04/16/2025
3623,nist_800_53,rev5,System and Information Integrity,SI-03,Malicious Code Protection,mitigates,T1574.007,Path Interception by PATH Environment Variable,16.1,enterprise,,,,[],,,01/13/2022,04/16/2025
3624,nist_800_53,rev5,System and Information Integrity,SI-03,Malicious Code Protection,mitigates,T1574.008,Path Interception by Search Order Hijacking,16.1,enterprise,,,,[],,,01/13/2022,04/16/2025
3625,nist_800_53,rev5,System and Information Integrity,SI-03,Malicious Code Protection,mitigates,T1574.009,Path Interception by Unquoted Path,16.1,enterprise,,,,[],,,01/13/2022,04/16/2025
3626,nist_800_53,rev5,System and Information Integrity,SI-03,Malicious Code Protection,mitigates,T1574.013,KernelCallbackTable,16.1,enterprise,,,,[],,,01/13/2022,04/16/2025
3627,nist_800_53,rev5,System and Information Integrity,SI-03,Malicious Code Protection,mitigates,T1598,Phishing for Information,16.1,enterprise,,,,[],,,01/13/2022,04/16/2025
3628,nist_800_53,rev5,System and Information Integrity,SI-03,Malicious Code Protection,mitigates,T1598.001,Spearphishing Service,16.1,enterprise,,,,[],,,01/13/2022,04/16/2025
3629,nist_800_53,rev5,System and Information Integrity,SI-03,Malicious Code Protection,mitigates,T1598.002,Spearphishing Attachment,16.1,enterprise,,,,[],,,01/13/2022,04/16/2025
3630,nist_800_53,rev5,System and Information Integrity,SI-03,Malicious Code Protection,mitigates,T1602,Data from Configuration Repository,16.1,enterprise,,,,[],,,01/13/2022,04/16/2025
3631,nist_800_53,rev5,System and Information Integrity,SI-03,Malicious Code Protection,mitigates,T1602.001,SNMP (MIB Dump),16.1,enterprise,,,,[],,,01/13/2022,04/16/2025
3632,nist_800_53,rev5,System and Information Integrity,SI-03,Malicious Code Protection,mitigates,T1602.002,Network Device Configuration Dump,16.1,enterprise,,,,[],,,01/13/2022,04/16/2025
3633,nist_800_53,rev5,System and Information Integrity,SI-03,Malicious Code Protection,mitigates,T1622,Debugger Evasion,16.1,enterprise,,,,[],,,01/13/2022,04/16/2025
3634,nist_800_53,rev5,System and Information Integrity,SI-07,"Software, Firmware, and Information Integrity",mitigates,T1003.003,NTDS,16.1,enterprise,,,,[],,,01/13/2022,04/16/2025
3635,nist_800_53,rev5,System and Information Integrity,SI-07,"Software, Firmware, and Information Integrity",mitigates,T1027.002,Software Packing,16.1,enterprise,,,,[],,,01/13/2022,04/16/2025
3636,nist_800_53,rev5,System and Information Integrity,SI-07,"Software, Firmware, and Information Integrity",mitigates,T1027.007,Dynamic API Resolution,16.1,enterprise,,,,[],,,01/13/2022,04/16/2025
3637,nist_800_53,rev5,System and Information Integrity,SI-07,"Software, Firmware, and Information Integrity",mitigates,T1027.008,Stripped Payloads,16.1,enterprise,,,,[],,,01/13/2022,04/16/2025
3638,nist_800_53,rev5,System and Information Integrity,SI-07,"Software, Firmware, and Information Integrity",mitigates,T1027.009,Embedded Payloads,16.1,enterprise,,,,[],,,01/13/2022,04/16/2025
3639,nist_800_53,rev5,System and Information Integrity,SI-07,"Software, Firmware, and Information Integrity",mitigates,T1036.001,Invalid Code Signature,16.1,enterprise,,,,[],,,01/13/2022,04/16/2025
3640,nist_800_53,rev5,System and Information Integrity,SI-07,"Software, Firmware, and Information Integrity",mitigates,T1036.005,Match Legitimate Name or Location,16.1,enterprise,,,,[],,,01/13/2022,04/16/2025
3641,nist_800_53,rev5,System and Information Integrity,SI-07,"Software, Firmware, and Information Integrity",mitigates,T1037.002,Login Hook,16.1,enterprise,,,,[],,,01/13/2022,04/16/2025
3642,nist_800_53,rev5,System and Information Integrity,SI-07,"Software, Firmware, and Information Integrity",mitigates,T1037.003,Network Logon Script,16.1,enterprise,,,,[],,,01/13/2022,04/16/2025
3643,nist_800_53,rev5,System and Information Integrity,SI-07,"Software, Firmware, and Information Integrity",mitigates,T1037.004,RC Scripts,16.1,enterprise,,,,[],,,01/13/2022,04/16/2025
3644,nist_800_53,rev5,System and Information Integrity,SI-07,"Software, Firmware, and Information Integrity",mitigates,T1037.005,Startup Items,16.1,enterprise,,,,[],,,01/13/2022,04/16/2025
3645,nist_800_53,rev5,System and Information Integrity,SI-07,"Software, Firmware, and Information Integrity",mitigates,T1053.006,Systemd Timers,16.1,enterprise,,,,[],,,01/13/2022,04/16/2025
3646,nist_800_53,rev5,System and Information Integrity,SI-07,"Software, Firmware, and Information Integrity",mitigates,T1059.001,PowerShell,16.1,enterprise,,,,[],,,01/13/2022,04/16/2025
3647,nist_800_53,rev5,System and Information Integrity,SI-07,"Software, Firmware, and Information Integrity",mitigates,T1059.002,AppleScript,16.1,enterprise,,,,[],,,01/13/2022,04/16/2025
3648,nist_800_53,rev5,System and Information Integrity,SI-07,"Software, Firmware, and Information Integrity",mitigates,T1059.003,Windows Command Shell,16.1,enterprise,,,,[],,,01/13/2022,04/16/2025
3649,nist_800_53,rev5,System and Information Integrity,SI-07,"Software, Firmware, and Information Integrity",mitigates,T1059.004,Unix Shell,16.1,enterprise,,,,[],,,01/13/2022,04/16/2025
3650,nist_800_53,rev5,System and Information Integrity,SI-07,"Software, Firmware, and Information Integrity",mitigates,T1059.005,Visual Basic,16.1,enterprise,,,,[],,,01/13/2022,04/16/2025
3651,nist_800_53,rev5,System and Information Integrity,SI-07,"Software, Firmware, and Information Integrity",mitigates,T1059.007,JavaScript,16.1,enterprise,,,,[],,,01/13/2022,04/16/2025
3652,nist_800_53,rev5,System and Information Integrity,SI-07,"Software, Firmware, and Information Integrity",mitigates,T1059.008,Network Device CLI,16.1,enterprise,,,,[],,,01/13/2022,04/16/2025
3653,nist_800_53,rev5,System and Information Integrity,SI-07,"Software, Firmware, and Information Integrity",mitigates,T1068,Exploitation for Privilege Escalation,16.1,enterprise,,,,[],,,01/13/2022,04/16/2025
3654,nist_800_53,rev5,System and Information Integrity,SI-07,"Software, Firmware, and Information Integrity",mitigates,T1070,Indicator Removal,16.1,enterprise,,,,[],,,01/13/2022,04/16/2025
3655,nist_800_53,rev5,System and Information Integrity,SI-07,"Software, Firmware, and Information Integrity",mitigates,T1070.002,Clear Linux or Mac System Logs,16.1,enterprise,,,,[],,,01/13/2022,04/16/2025
3656,nist_800_53,rev5,System and Information Integrity,SI-07,"Software, Firmware, and Information Integrity",mitigates,T1070.007,Clear Network Connection History and Configurations,16.1,enterprise,,,,[],,,01/13/2022,04/16/2025
3657,nist_800_53,rev5,System and Information Integrity,SI-07,"Software, Firmware, and Information Integrity",mitigates,T1070.008,Clear Mailbox Data,16.1,enterprise,,,,[],,,01/13/2022,04/16/2025
3658,nist_800_53,rev5,System and Information Integrity,SI-07,"Software, Firmware, and Information Integrity",mitigates,T1070.009,Clear Persistence,16.1,enterprise,,,,[],,,01/13/2022,04/16/2025
3659,nist_800_53,rev5,System and Information Integrity,SI-07,"Software, Firmware, and Information Integrity",mitigates,T1080,Taint Shared Content,16.1,enterprise,,,,[],,,01/13/2022,04/16/2025
3660,nist_800_53,rev5,System and Information Integrity,SI-07,"Software, Firmware, and Information Integrity",mitigates,T1112,Modify Registry,16.1,enterprise,,,,[],,,01/13/2022,04/16/2025
3661,nist_800_53,rev5,System and Information Integrity,SI-07,"Software, Firmware, and Information Integrity",mitigates,T1114.001,Local Email Collection,16.1,enterprise,,,,[],,,01/13/2022,04/16/2025
3662,nist_800_53,rev5,System and Information Integrity,SI-07,"Software, Firmware, and Information Integrity",mitigates,T1127,Trusted Developer Utilities Proxy Execution,16.1,enterprise,,,,[],,,01/13/2022,04/16/2025
3663,nist_800_53,rev5,System and Information Integrity,SI-07,"Software, Firmware, and Information Integrity",mitigates,T1129,Shared Modules,16.1,enterprise,,,,[],,,01/13/2022,04/16/2025
3664,nist_800_53,rev5,System and Information Integrity,SI-07,"Software, Firmware, and Information Integrity",mitigates,T1133,External Remote Services,16.1,enterprise,,,,[],,,01/13/2022,04/16/2025
3665,nist_800_53,rev5,System and Information Integrity,SI-07,"Software, Firmware, and Information Integrity",mitigates,T1136.001,Local Account,16.1,enterprise,,,,[],,,01/13/2022,04/16/2025
3666,nist_800_53,rev5,System and Information Integrity,SI-07,"Software, Firmware, and Information Integrity",mitigates,T1185,Browser Session Hijacking,16.1,enterprise,,,,[],,,01/13/2022,04/16/2025
3667,nist_800_53,rev5,System and Information Integrity,SI-07,"Software, Firmware, and Information Integrity",mitigates,T1189,Drive-by Compromise,16.1,enterprise,,,,[],,,01/13/2022,04/16/2025
3668,nist_800_53,rev5,System and Information Integrity,SI-07,"Software, Firmware, and Information Integrity",mitigates,T1195.003,Compromise Hardware Supply Chain,16.1,enterprise,,,,[],,,01/13/2022,04/16/2025
3669,nist_800_53,rev5,System and Information Integrity,SI-07,"Software, Firmware, and Information Integrity",mitigates,T1204.003,Malicious Image,16.1,enterprise,,,,[],,,01/13/2022,04/16/2025
3670,nist_800_53,rev5,System and Information Integrity,SI-07,"Software, Firmware, and Information Integrity",mitigates,T1210,Exploitation of Remote Services,16.1,enterprise,,,,[],,,01/13/2022,04/16/2025
3671,nist_800_53,rev5,System and Information Integrity,SI-07,"Software, Firmware, and Information Integrity",mitigates,T1211,Exploitation for Defense Evasion,16.1,enterprise,,,,[],,,01/13/2022,04/16/2025
3672,nist_800_53,rev5,System and Information Integrity,SI-07,"Software, Firmware, and Information Integrity",mitigates,T1212,Exploitation for Credential Access,16.1,enterprise,,,,[],,,01/13/2022,04/16/2025
3673,nist_800_53,rev5,System and Information Integrity,SI-07,"Software, Firmware, and Information Integrity",mitigates,T1216,System Script Proxy Execution,16.1,enterprise,,,,[],,,01/13/2022,04/16/2025
3674,nist_800_53,rev5,System and Information Integrity,SI-07,"Software, Firmware, and Information Integrity",mitigates,T1216.001,PubPrn,16.1,enterprise,,,,[],,,01/13/2022,04/16/2025
3675,nist_800_53,rev5,System and Information Integrity,SI-07,"Software, Firmware, and Information Integrity",mitigates,T1218.001,Compiled HTML File,16.1,enterprise,,,,[],,,01/13/2022,04/16/2025
3676,nist_800_53,rev5,System and Information Integrity,SI-07,"Software, Firmware, and Information Integrity",mitigates,T1218.002,Control Panel,16.1,enterprise,,,,[],,,01/13/2022,04/16/2025
3677,nist_800_53,rev5,System and Information Integrity,SI-07,"Software, Firmware, and Information Integrity",mitigates,T1218.003,CMSTP,16.1,enterprise,,,,[],,,01/13/2022,04/16/2025
3678,nist_800_53,rev5,System and Information Integrity,SI-07,"Software, Firmware, and Information Integrity",mitigates,T1218.004,InstallUtil,16.1,enterprise,,,,[],,,01/13/2022,04/16/2025
3679,nist_800_53,rev5,System and Information Integrity,SI-07,"Software, Firmware, and Information Integrity",mitigates,T1218.005,Mshta,16.1,enterprise,,,,[],,,01/13/2022,04/16/2025
3680,nist_800_53,rev5,System and Information Integrity,SI-07,"Software, Firmware, and Information Integrity",mitigates,T1218.008,Odbcconf,16.1,enterprise,,,,[],,,01/13/2022,04/16/2025
3681,nist_800_53,rev5,System and Information Integrity,SI-07,"Software, Firmware, and Information Integrity",mitigates,T1218.009,Regsvcs/Regasm,16.1,enterprise,,,,[],,,01/13/2022,04/16/2025
3682,nist_800_53,rev5,System and Information Integrity,SI-07,"Software, Firmware, and Information Integrity",mitigates,T1218.010,Regsvr32,16.1,enterprise,,,,[],,,01/13/2022,04/16/2025
3683,nist_800_53,rev5,System and Information Integrity,SI-07,"Software, Firmware, and Information Integrity",mitigates,T1218.012,Verclsid,16.1,enterprise,,,,[],,,01/13/2022,04/16/2025
3684,nist_800_53,rev5,System and Information Integrity,SI-07,"Software, Firmware, and Information Integrity",mitigates,T1218.013,Mavinject,16.1,enterprise,,,,[],,,01/13/2022,04/16/2025
3685,nist_800_53,rev5,System and Information Integrity,SI-07,"Software, Firmware, and Information Integrity",mitigates,T1218.014,MMC,16.1,enterprise,,,,[],,,01/13/2022,04/16/2025
3686,nist_800_53,rev5,System and Information Integrity,SI-07,"Software, Firmware, and Information Integrity",mitigates,T1220,XSL Script Processing,16.1,enterprise,,,,[],,,01/13/2022,04/16/2025
3687,nist_800_53,rev5,System and Information Integrity,SI-07,"Software, Firmware, and Information Integrity",mitigates,T1221,Template Injection,16.1,enterprise,,,,[],,,01/13/2022,04/16/2025
3688,nist_800_53,rev5,System and Information Integrity,SI-07,"Software, Firmware, and Information Integrity",mitigates,T1222,File and Directory Permissions Modification,16.1,enterprise,,,,[],,,01/13/2022,04/16/2025
3689,nist_800_53,rev5,System and Information Integrity,SI-07,"Software, Firmware, and Information Integrity",mitigates,T1222.001,Windows File and Directory Permissions Modification,16.1,enterprise,,,,[],,,01/13/2022,04/16/2025
3690,nist_800_53,rev5,System and Information Integrity,SI-07,"Software, Firmware, and Information Integrity",mitigates,T1222.002,Linux and Mac File and Directory Permissions Modification,16.1,enterprise,,,,[],,,01/13/2022,04/16/2025
3691,nist_800_53,rev5,System and Information Integrity,SI-07,"Software, Firmware, and Information Integrity",mitigates,T1486,Data Encrypted for Impact,16.1,enterprise,,,,[],,,01/13/2022,04/16/2025
3692,nist_800_53,rev5,System and Information Integrity,SI-07,"Software, Firmware, and Information Integrity",mitigates,T1491,Defacement,16.1,enterprise,,,,[],,,01/13/2022,04/16/2025
3693,nist_800_53,rev5,System and Information Integrity,SI-07,"Software, Firmware, and Information Integrity",mitigates,T1491.001,Internal Defacement,16.1,enterprise,,,,[],,,01/13/2022,04/16/2025
3694,nist_800_53,rev5,System and Information Integrity,SI-07,"Software, Firmware, and Information Integrity",mitigates,T1491.002,External Defacement,16.1,enterprise,,,,[],,,01/13/2022,04/16/2025
3695,nist_800_53,rev5,System and Information Integrity,SI-07,"Software, Firmware, and Information Integrity",mitigates,T1495,Firmware Corruption,16.1,enterprise,,,,[],,,01/13/2022,04/16/2025
3696,nist_800_53,rev5,System and Information Integrity,SI-07,"Software, Firmware, and Information Integrity",mitigates,T1505,Server Software Component,16.1,enterprise,,,,[],,,01/13/2022,04/16/2025
3697,nist_800_53,rev5,System and Information Integrity,SI-07,"Software, Firmware, and Information Integrity",mitigates,T1505.001,SQL Stored Procedures,16.1,enterprise,,,,[],,,01/13/2022,04/16/2025
3698,nist_800_53,rev5,System and Information Integrity,SI-07,"Software, Firmware, and Information Integrity",mitigates,T1505.002,Transport Agent,16.1,enterprise,,,,[],,,01/13/2022,04/16/2025
3699,nist_800_53,rev5,System and Information Integrity,SI-07,"Software, Firmware, and Information Integrity",mitigates,T1505.004,IIS Components,16.1,enterprise,,,,[],,,01/13/2022,04/16/2025
3700,nist_800_53,rev5,System and Information Integrity,SI-07,"Software, Firmware, and Information Integrity",mitigates,T1525,Implant Internal Image,16.1,enterprise,,,,[],,,01/13/2022,04/16/2025
3701,nist_800_53,rev5,System and Information Integrity,SI-07,"Software, Firmware, and Information Integrity",mitigates,T1542.003,Bootkit,16.1,enterprise,,,,[],,,01/13/2022,04/16/2025
3702,nist_800_53,rev5,System and Information Integrity,SI-07,"Software, Firmware, and Information Integrity",mitigates,T1542.004,ROMMONkit,16.1,enterprise,,,,[],,,01/13/2022,04/16/2025
3703,nist_800_53,rev5,System and Information Integrity,SI-07,"Software, Firmware, and Information Integrity",mitigates,T1542.005,TFTP Boot,16.1,enterprise,,,,[],,,01/13/2022,04/16/2025
3704,nist_800_53,rev5,System and Information Integrity,SI-07,"Software, Firmware, and Information Integrity",mitigates,T1546.002,Screensaver,16.1,enterprise,,,,[],,,01/13/2022,04/16/2025
3705,nist_800_53,rev5,System and Information Integrity,SI-07,"Software, Firmware, and Information Integrity",mitigates,T1546.004,Unix Shell Configuration Modification,16.1,enterprise,,,,[],,,01/13/2022,04/16/2025
3706,nist_800_53,rev5,System and Information Integrity,SI-07,"Software, Firmware, and Information Integrity",mitigates,T1546.006,LC_LOAD_DYLIB Addition,16.1,enterprise,,,,[],,,01/13/2022,04/16/2025
3707,nist_800_53,rev5,System and Information Integrity,SI-07,"Software, Firmware, and Information Integrity",mitigates,T1546.008,Accessibility Features,16.1,enterprise,,,,[],,,01/13/2022,04/16/2025
3708,nist_800_53,rev5,System and Information Integrity,SI-07,"Software, Firmware, and Information Integrity",mitigates,T1546.009,AppCert DLLs,16.1,enterprise,,,,[],,,01/13/2022,04/16/2025
3709,nist_800_53,rev5,System and Information Integrity,SI-07,"Software, Firmware, and Information Integrity",mitigates,T1546.010,AppInit DLLs,16.1,enterprise,,,,[],,,01/13/2022,04/16/2025
3710,nist_800_53,rev5,System and Information Integrity,SI-07,"Software, Firmware, and Information Integrity",mitigates,T1546.013,PowerShell Profile,16.1,enterprise,,,,[],,,01/13/2022,04/16/2025
3711,nist_800_53,rev5,System and Information Integrity,SI-07,"Software, Firmware, and Information Integrity",mitigates,T1547.002,Authentication Package,16.1,enterprise,,,,[],,,01/13/2022,04/16/2025
3712,nist_800_53,rev5,System and Information Integrity,SI-07,"Software, Firmware, and Information Integrity",mitigates,T1547.005,Security Support Provider,16.1,enterprise,,,,[],,,01/13/2022,04/16/2025
3713,nist_800_53,rev5,System and Information Integrity,SI-07,"Software, Firmware, and Information Integrity",mitigates,T1547.006,Kernel Modules and Extensions,16.1,enterprise,,,,[],,,01/13/2022,04/16/2025
3714,nist_800_53,rev5,System and Information Integrity,SI-07,"Software, Firmware, and Information Integrity",mitigates,T1547.008,LSASS Driver,16.1,enterprise,,,,[],,,01/13/2022,04/16/2025
3715,nist_800_53,rev5,System and Information Integrity,SI-07,"Software, Firmware, and Information Integrity",mitigates,T1547.013,XDG Autostart Entries,16.1,enterprise,,,,[],,,01/13/2022,04/16/2025
3716,nist_800_53,rev5,System and Information Integrity,SI-07,"Software, Firmware, and Information Integrity",mitigates,T1548.004,Elevated Execution with Prompt,16.1,enterprise,,,,[],,,01/13/2022,04/16/2025
3717,nist_800_53,rev5,System and Information Integrity,SI-07,"Software, Firmware, and Information Integrity",mitigates,T1550.004,Web Session Cookie,16.1,enterprise,,,,[],,,01/13/2022,04/16/2025
3718,nist_800_53,rev5,System and Information Integrity,SI-07,"Software, Firmware, and Information Integrity",mitigates,T1553.001,Gatekeeper Bypass,16.1,enterprise,,,,[],,,01/13/2022,04/16/2025
3719,nist_800_53,rev5,System and Information Integrity,SI-07,"Software, Firmware, and Information Integrity",mitigates,T1553.003,SIP and Trust Provider Hijacking,16.1,enterprise,,,,[],,,01/13/2022,04/16/2025
3720,nist_800_53,rev5,System and Information Integrity,SI-07,"Software, Firmware, and Information Integrity",mitigates,T1553.005,Mark-of-the-Web Bypass,16.1,enterprise,,,,[],,,01/13/2022,04/16/2025
3721,nist_800_53,rev5,System and Information Integrity,SI-07,"Software, Firmware, and Information Integrity",mitigates,T1553.006,Code Signing Policy Modification,16.1,enterprise,,,,[],,,01/13/2022,04/16/2025
3722,nist_800_53,rev5,System and Information Integrity,SI-07,"Software, Firmware, and Information Integrity",mitigates,T1556.003,Pluggable Authentication Modules,16.1,enterprise,,,,[],,,01/13/2022,04/16/2025
3723,nist_800_53,rev5,System and Information Integrity,SI-07,"Software, Firmware, and Information Integrity",mitigates,T1556.004,Network Device Authentication,16.1,enterprise,,,,[],,,01/13/2022,04/16/2025
3724,nist_800_53,rev5,System and Information Integrity,SI-07,"Software, Firmware, and Information Integrity",mitigates,T1556.008,Network Provider DLL,16.1,enterprise,,,,[],,,01/13/2022,04/16/2025
3725,nist_800_53,rev5,System and Information Integrity,SI-07,"Software, Firmware, and Information Integrity",mitigates,T1557.002,ARP Cache Poisoning,16.1,enterprise,,,,[],,,01/13/2022,04/16/2025
3726,nist_800_53,rev5,System and Information Integrity,SI-07,"Software, Firmware, and Information Integrity",mitigates,T1558.002,Silver Ticket,16.1,enterprise,,,,[],,,01/13/2022,04/16/2025
3727,nist_800_53,rev5,System and Information Integrity,SI-07,"Software, Firmware, and Information Integrity",mitigates,T1558.003,Kerberoasting,16.1,enterprise,,,,[],,,01/13/2022,04/16/2025
3728,nist_800_53,rev5,System and Information Integrity,SI-07,"Software, Firmware, and Information Integrity",mitigates,T1558.004,AS-REP Roasting,16.1,enterprise,,,,[],,,01/13/2022,04/16/2025
3729,nist_800_53,rev5,System and Information Integrity,SI-07,"Software, Firmware, and Information Integrity",mitigates,T1561,Disk Wipe,16.1,enterprise,,,,[],,,01/13/2022,04/16/2025
3730,nist_800_53,rev5,System and Information Integrity,SI-07,"Software, Firmware, and Information Integrity",mitigates,T1561.001,Disk Content Wipe,16.1,enterprise,,,,[],,,01/13/2022,04/16/2025
3731,nist_800_53,rev5,System and Information Integrity,SI-07,"Software, Firmware, and Information Integrity",mitigates,T1561.002,Disk Structure Wipe,16.1,enterprise,,,,[],,,01/13/2022,04/16/2025
3732,nist_800_53,rev5,System and Information Integrity,SI-07,"Software, Firmware, and Information Integrity",mitigates,T1562.001,Disable or Modify Tools,16.1,enterprise,,,,[],,,01/13/2022,04/16/2025
3733,nist_800_53,rev5,System and Information Integrity,SI-07,"Software, Firmware, and Information Integrity",mitigates,T1562.002,Disable Windows Event Logging,16.1,enterprise,,,,[],,,01/13/2022,04/16/2025
3734,nist_800_53,rev5,System and Information Integrity,SI-07,"Software, Firmware, and Information Integrity",mitigates,T1562.009,Safe Mode Boot,16.1,enterprise,,,,[],,,01/13/2022,04/16/2025
3735,nist_800_53,rev5,System and Information Integrity,SI-07,"Software, Firmware, and Information Integrity",mitigates,T1562.010,Downgrade Attack,16.1,enterprise,,,,[],,,01/13/2022,04/16/2025
3736,nist_800_53,rev5,System and Information Integrity,SI-07,"Software, Firmware, and Information Integrity",mitigates,T1562.011,Spoof Security Alerting,16.1,enterprise,,,,[],,,01/13/2022,04/16/2025
3737,nist_800_53,rev5,System and Information Integrity,SI-07,"Software, Firmware, and Information Integrity",mitigates,T1562.012,Disable or Modify Linux Audit System,16.1,enterprise,,,,[],,,01/13/2022,04/16/2025
3738,nist_800_53,rev5,System and Information Integrity,SI-07,"Software, Firmware, and Information Integrity",mitigates,T1564.006,Run Virtual Instance,16.1,enterprise,,,,[],,,01/13/2022,04/16/2025
3739,nist_800_53,rev5,System and Information Integrity,SI-07,"Software, Firmware, and Information Integrity",mitigates,T1564.008,Email Hiding Rules,16.1,enterprise,,,,[],,,01/13/2022,04/16/2025
3740,nist_800_53,rev5,System and Information Integrity,SI-07,"Software, Firmware, and Information Integrity",mitigates,T1564.009,Resource Forking,16.1,enterprise,,,,[],,,01/13/2022,04/16/2025
3741,nist_800_53,rev5,System and Information Integrity,SI-07,"Software, Firmware, and Information Integrity",mitigates,T1564.010,Process Argument Spoofing,16.1,enterprise,,,,[],,,01/13/2022,04/16/2025
3742,nist_800_53,rev5,System and Information Integrity,SI-07,"Software, Firmware, and Information Integrity",mitigates,T1565.001,Stored Data Manipulation,16.1,enterprise,,,,[],,,01/13/2022,04/16/2025
3743,nist_800_53,rev5,System and Information Integrity,SI-07,"Software, Firmware, and Information Integrity",mitigates,T1565.002,Transmitted Data Manipulation,16.1,enterprise,,,,[],,,01/13/2022,04/16/2025
3744,nist_800_53,rev5,System and Information Integrity,SI-07,"Software, Firmware, and Information Integrity",mitigates,T1565.003,Runtime Data Manipulation,16.1,enterprise,,,,[],,,01/13/2022,04/16/2025
3745,nist_800_53,rev5,System and Information Integrity,SI-07,"Software, Firmware, and Information Integrity",mitigates,T1569,System Services,16.1,enterprise,,,,[],,,01/13/2022,04/16/2025
3746,nist_800_53,rev5,System and Information Integrity,SI-07,"Software, Firmware, and Information Integrity",mitigates,T1569.002,Service Execution,16.1,enterprise,,,,[],,,01/13/2022,04/16/2025
3747,nist_800_53,rev5,System and Information Integrity,SI-07,"Software, Firmware, and Information Integrity",mitigates,T1574,Hijack Execution Flow,16.1,enterprise,,,,[],,,01/13/2022,04/16/2025
3748,nist_800_53,rev5,System and Information Integrity,SI-07,"Software, Firmware, and Information Integrity",mitigates,T1574.004,Dylib Hijacking,16.1,enterprise,,,,[],,,01/13/2022,04/16/2025
3749,nist_800_53,rev5,System and Information Integrity,SI-07,"Software, Firmware, and Information Integrity",mitigates,T1574.006,Dynamic Linker Hijacking,16.1,enterprise,,,,[],,,01/13/2022,04/16/2025
3750,nist_800_53,rev5,System and Information Integrity,SI-07,"Software, Firmware, and Information Integrity",mitigates,T1574.007,Path Interception by PATH Environment Variable,16.1,enterprise,,,,[],,,01/13/2022,04/16/2025
3751,nist_800_53,rev5,System and Information Integrity,SI-07,"Software, Firmware, and Information Integrity",mitigates,T1574.008,Path Interception by Search Order Hijacking,16.1,enterprise,,,,[],,,01/13/2022,04/16/2025
3752,nist_800_53,rev5,System and Information Integrity,SI-07,"Software, Firmware, and Information Integrity",mitigates,T1574.009,Path Interception by Unquoted Path,16.1,enterprise,,,,[],,,01/13/2022,04/16/2025
3753,nist_800_53,rev5,System and Information Integrity,SI-07,"Software, Firmware, and Information Integrity",mitigates,T1574.012,COR_PROFILER,16.1,enterprise,,,,[],,,01/13/2022,04/16/2025
3754,nist_800_53,rev5,System and Information Integrity,SI-07,"Software, Firmware, and Information Integrity",mitigates,T1574.013,KernelCallbackTable,16.1,enterprise,,,,[],,,01/13/2022,04/16/2025
3755,nist_800_53,rev5,System and Information Integrity,SI-07,"Software, Firmware, and Information Integrity",mitigates,T1599,Network Boundary Bridging,16.1,enterprise,,,,[],,,01/13/2022,04/16/2025
3756,nist_800_53,rev5,System and Information Integrity,SI-07,"Software, Firmware, and Information Integrity",mitigates,T1599.001,Network Address Translation Traversal,16.1,enterprise,,,,[],,,01/13/2022,04/16/2025
3757,nist_800_53,rev5,System and Information Integrity,SI-07,"Software, Firmware, and Information Integrity",mitigates,T1601,Modify System Image,16.1,enterprise,,,,[],,,01/13/2022,04/16/2025
3758,nist_800_53,rev5,System and Information Integrity,SI-07,"Software, Firmware, and Information Integrity",mitigates,T1601.001,Patch System Image,16.1,enterprise,,,,[],,,01/13/2022,04/16/2025
3759,nist_800_53,rev5,System and Information Integrity,SI-07,"Software, Firmware, and Information Integrity",mitigates,T1601.002,Downgrade System Image,16.1,enterprise,,,,[],,,01/13/2022,04/16/2025
3760,nist_800_53,rev5,System and Information Integrity,SI-07,"Software, Firmware, and Information Integrity",mitigates,T1602,Data from Configuration Repository,16.1,enterprise,,,,[],,,01/13/2022,04/16/2025
3761,nist_800_53,rev5,System and Information Integrity,SI-07,"Software, Firmware, and Information Integrity",mitigates,T1602.001,SNMP (MIB Dump),16.1,enterprise,,,,[],,,01/13/2022,04/16/2025
3762,nist_800_53,rev5,System and Information Integrity,SI-07,"Software, Firmware, and Information Integrity",mitigates,T1602.002,Network Device Configuration Dump,16.1,enterprise,,,,[],,,01/13/2022,04/16/2025
3763,nist_800_53,rev5,System and Information Integrity,SI-07,"Software, Firmware, and Information Integrity",mitigates,T1609,Container Administration Command,16.1,enterprise,,,,[],,,01/13/2022,04/16/2025
3764,nist_800_53,rev5,System and Information Integrity,SI-07,"Software, Firmware, and Information Integrity",mitigates,T1647,Plist File Modification,16.1,enterprise,,,,[],,,01/13/2022,04/16/2025
3765,nist_800_53,rev5,Access Control,AC-16,Security and Privacy Attributes,mitigates,T1003.003,NTDS,16.1,enterprise,,,,[],,,01/13/2022,04/16/2025
3766,nist_800_53,rev5,Access Control,AC-16,Security and Privacy Attributes,mitigates,T1005,Data from Local System,16.1,enterprise,,,,[],,,01/13/2022,04/16/2025
3767,nist_800_53,rev5,Access Control,AC-18,Wireless Access,mitigates,T1011,Exfiltration Over Other Network Medium,16.1,enterprise,,,,[],,,01/13/2022,04/16/2025
3768,nist_800_53,rev5,Access Control,AC-18,Wireless Access,mitigates,T1011.001,Exfiltration Over Bluetooth,16.1,enterprise,,,,[],,,01/13/2022,04/16/2025
3769,nist_800_53,rev5,Access Control,AC-20,Use of External Systems,mitigates,T1021.001,Remote Desktop Protocol,16.1,enterprise,,,,[],,,01/13/2022,04/16/2025
3770,nist_800_53,rev5,Access Control,AC-20,Use of External Systems,mitigates,T1021.004,SSH,16.1,enterprise,,,,[],,,01/13/2022,04/16/2025
3771,nist_800_53,rev5,Access Control,AC-20,Use of External Systems,mitigates,T1021.007,Cloud Services,16.1,enterprise,,,,[],,,01/13/2022,04/16/2025
3772,nist_800_53,rev5,Access Control,AC-20,Use of External Systems,mitigates,T1021.008,Direct Cloud VM Connections,16.1,enterprise,,,,[],,,01/13/2022,04/16/2025
3773,nist_800_53,rev5,Access Control,AC-16,Security and Privacy Attributes,mitigates,T1025,Data from Removable Media,16.1,enterprise,,,,[],,,01/13/2022,04/16/2025
3774,nist_800_53,rev5,Access Control,AC-16,Security and Privacy Attributes,mitigates,T1041,Exfiltration Over C2 Channel,16.1,enterprise,,,,[],,,01/13/2022,04/16/2025
3775,nist_800_53,rev5,Access Control,AC-20,Use of External Systems,mitigates,T1041,Exfiltration Over C2 Channel,16.1,enterprise,,,,[],,,01/13/2022,04/16/2025
3776,nist_800_53,rev5,Access Control,AC-16,Security and Privacy Attributes,mitigates,T1048,Exfiltration Over Alternative Protocol,16.1,enterprise,,,,[],,,01/13/2022,04/16/2025
3777,nist_800_53,rev5,Access Control,AC-20,Use of External Systems,mitigates,T1048,Exfiltration Over Alternative Protocol,16.1,enterprise,,,,[],,,01/13/2022,04/16/2025
3778,nist_800_53,rev5,Access Control,AC-16,Security and Privacy Attributes,mitigates,T1048.002,Exfiltration Over Asymmetric Encrypted Non-C2 Protocol,16.1,enterprise,,,,[],,,01/13/2022,04/16/2025
3779,nist_800_53,rev5,Access Control,AC-20,Use of External Systems,mitigates,T1048.002,Exfiltration Over Asymmetric Encrypted Non-C2 Protocol,16.1,enterprise,,,,[],,,01/13/2022,04/16/2025
3780,nist_800_53,rev5,Access Control,AC-16,Security and Privacy Attributes,mitigates,T1048.003,Exfiltration Over Unencrypted Non-C2 Protocol,16.1,enterprise,,,,[],,,01/13/2022,04/16/2025
3781,nist_800_53,rev5,Access Control,AC-20,Use of External Systems,mitigates,T1048.003,Exfiltration Over Unencrypted Non-C2 Protocol,16.1,enterprise,,,,[],,,01/13/2022,04/16/2025
3782,nist_800_53,rev5,Access Control,AC-16,Security and Privacy Attributes,mitigates,T1052,Exfiltration Over Physical Medium,16.1,enterprise,,,,[],,,01/13/2022,04/16/2025
3783,nist_800_53,rev5,Access Control,AC-20,Use of External Systems,mitigates,T1052,Exfiltration Over Physical Medium,16.1,enterprise,,,,[],,,01/13/2022,04/16/2025
3784,nist_800_53,rev5,Access Control,AC-16,Security and Privacy Attributes,mitigates,T1052.001,Exfiltration over USB,16.1,enterprise,,,,[],,,01/13/2022,04/16/2025
3785,nist_800_53,rev5,Access Control,AC-20,Use of External Systems,mitigates,T1052.001,Exfiltration over USB,16.1,enterprise,,,,[],,,01/13/2022,04/16/2025
3786,nist_800_53,rev5,Access Control,AC-16,Security and Privacy Attributes,mitigates,T1070,Indicator Removal,16.1,enterprise,,,,[],,,01/13/2022,04/16/2025
3787,nist_800_53,rev5,Access Control,AC-18,Wireless Access,mitigates,T1070,Indicator Removal,16.1,enterprise,,,,[],,,01/13/2022,04/16/2025
3788,nist_800_53,rev5,Access Control,AC-16,Security and Privacy Attributes,mitigates,T1070.002,Clear Linux or Mac System Logs,16.1,enterprise,,,,[],,,01/13/2022,04/16/2025
3789,nist_800_53,rev5,Access Control,AC-18,Wireless Access,mitigates,T1070.002,Clear Linux or Mac System Logs,16.1,enterprise,,,,[],,,01/13/2022,04/16/2025
3790,nist_800_53,rev5,Access Control,AC-20,Use of External Systems,mitigates,T1070.008,Clear Mailbox Data,16.1,enterprise,,,,[],,,01/13/2022,04/16/2025
3791,nist_800_53,rev5,Access Control,AC-16,Security and Privacy Attributes,mitigates,T1070.008,Clear Mailbox Data,16.1,enterprise,,,,[],,,01/13/2022,04/16/2025
3792,nist_800_53,rev5,Access Control,AC-18,Wireless Access,mitigates,T1070.008,Clear Mailbox Data,16.1,enterprise,,,,[],,,01/13/2022,04/16/2025
3793,nist_800_53,rev5,Access Control,AC-20,Use of External Systems,mitigates,T1078.002,Domain Accounts,16.1,enterprise,,,,[],,,01/13/2022,04/16/2025
3794,nist_800_53,rev5,Access Control,AC-20,Use of External Systems,mitigates,T1098.004,SSH Authorized Keys,16.1,enterprise,,,,[],,,01/13/2022,04/16/2025
3795,nist_800_53,rev5,Access Control,AC-20,Use of External Systems,mitigates,T1110.001,Password Guessing,16.1,enterprise,,,,[],,,01/13/2022,04/16/2025
3796,nist_800_53,rev5,Access Control,AC-20,Use of External Systems,mitigates,T1110.002,Password Cracking,16.1,enterprise,,,,[],,,01/13/2022,04/16/2025
3797,nist_800_53,rev5,Access Control,AC-20,Use of External Systems,mitigates,T1110.003,Password Spraying,16.1,enterprise,,,,[],,,01/13/2022,04/16/2025
3798,nist_800_53,rev5,Access Control,AC-20,Use of External Systems,mitigates,T1110.004,Credential Stuffing,16.1,enterprise,,,,[],,,01/13/2022,04/16/2025
3799,nist_800_53,rev5,Access Control,AC-20,Use of External Systems,mitigates,T1111,Multi-Factor Authentication Interception,16.1,enterprise,,,,[],,,01/13/2022,04/16/2025
3800,nist_800_53,rev5,Access Control,AC-16,Security and Privacy Attributes,mitigates,T1114.001,Local Email Collection,16.1,enterprise,,,,[],,,01/13/2022,04/16/2025
3801,nist_800_53,rev5,Access Control,AC-20,Use of External Systems,mitigates,T1114.001,Local Email Collection,16.1,enterprise,,,,[],,,01/13/2022,04/16/2025
3802,nist_800_53,rev5,Access Control,AC-20,Use of External Systems,mitigates,T1133,External Remote Services,16.1,enterprise,,,,[],,,01/13/2022,04/16/2025
3803,nist_800_53,rev5,Access Control,AC-20,Use of External Systems,mitigates,T1134.005,SID-History Injection,16.1,enterprise,,,,[],,,01/13/2022,04/16/2025
3804,nist_800_53,rev5,Access Control,AC-20,Use of External Systems,mitigates,T1136.001,Local Account,16.1,enterprise,,,,[],,,01/13/2022,04/16/2025
3805,nist_800_53,rev5,Access Control,AC-20,Use of External Systems,mitigates,T1200,Hardware Additions,16.1,enterprise,,,,[],,,01/13/2022,04/16/2025
3806,nist_800_53,rev5,Access Control,AC-16,Security and Privacy Attributes,mitigates,T1222,File and Directory Permissions Modification,16.1,enterprise,,,,[],,,01/13/2022,04/16/2025
3807,nist_800_53,rev5,Access Control,AC-16,Security and Privacy Attributes,mitigates,T1222.001,Windows File and Directory Permissions Modification,16.1,enterprise,,,,[],,,01/13/2022,04/16/2025
3808,nist_800_53,rev5,Access Control,AC-16,Security and Privacy Attributes,mitigates,T1222.002,Linux and Mac File and Directory Permissions Modification,16.1,enterprise,,,,[],,,01/13/2022,04/16/2025
3809,nist_800_53,rev5,Access Control,AC-16,Security and Privacy Attributes,mitigates,T1505,Server Software Component,16.1,enterprise,,,,[],,,01/13/2022,04/16/2025
3810,nist_800_53,rev5,Access Control,AC-16,Security and Privacy Attributes,mitigates,T1505.002,Transport Agent,16.1,enterprise,,,,[],,,01/13/2022,04/16/2025
3811,nist_800_53,rev5,Access Control,AC-20,Use of External Systems,mitigates,T1505.005,Terminal Services DLL,16.1,enterprise,,,,[],,,01/13/2022,04/16/2025
3812,nist_800_53,rev5,Access Control,AC-16,Security and Privacy Attributes,mitigates,T1547.007,Re-opened Applications,16.1,enterprise,,,,[],,,01/13/2022,04/16/2025
3813,nist_800_53,rev5,Access Control,AC-16,Security and Privacy Attributes,mitigates,T1548.003,Sudo and Sudo Caching,16.1,enterprise,,,,[],,,01/13/2022,04/16/2025
3814,nist_800_53,rev5,Access Control,AC-16,Security and Privacy Attributes,mitigates,T1552.005,Cloud Instance Metadata API,16.1,enterprise,,,,[],,,01/13/2022,04/16/2025
3815,nist_800_53,rev5,Access Control,AC-20,Use of External Systems,mitigates,T1552.005,Cloud Instance Metadata API,16.1,enterprise,,,,[],,,01/13/2022,04/16/2025
3816,nist_800_53,rev5,Access Control,AC-20,Use of External Systems,mitigates,T1556.003,Pluggable Authentication Modules,16.1,enterprise,,,,[],,,01/13/2022,04/16/2025
3817,nist_800_53,rev5,Access Control,AC-20,Use of External Systems,mitigates,T1556.004,Network Device Authentication,16.1,enterprise,,,,[],,,01/13/2022,04/16/2025
3818,nist_800_53,rev5,Access Control,AC-16,Security and Privacy Attributes,mitigates,T1557.002,ARP Cache Poisoning,16.1,enterprise,,,,[],,,01/13/2022,04/16/2025
3819,nist_800_53,rev5,Access Control,AC-18,Wireless Access,mitigates,T1557.002,ARP Cache Poisoning,16.1,enterprise,,,,[],,,01/13/2022,04/16/2025
3820,nist_800_53,rev5,Access Control,AC-20,Use of External Systems,mitigates,T1557.002,ARP Cache Poisoning,16.1,enterprise,,,,[],,,01/13/2022,04/16/2025
3821,nist_800_53,rev5,Access Control,AC-16,Security and Privacy Attributes,mitigates,T1558.002,Silver Ticket,16.1,enterprise,,,,[],,,01/13/2022,04/16/2025
3822,nist_800_53,rev5,Access Control,AC-18,Wireless Access,mitigates,T1558.002,Silver Ticket,16.1,enterprise,,,,[],,,01/13/2022,04/16/2025
3823,nist_800_53,rev5,Access Control,AC-16,Security and Privacy Attributes,mitigates,T1558.003,Kerberoasting,16.1,enterprise,,,,[],,,01/13/2022,04/16/2025
3824,nist_800_53,rev5,Access Control,AC-18,Wireless Access,mitigates,T1558.003,Kerberoasting,16.1,enterprise,,,,[],,,01/13/2022,04/16/2025
3825,nist_800_53,rev5,Access Control,AC-16,Security and Privacy Attributes,mitigates,T1558.004,AS-REP Roasting,16.1,enterprise,,,,[],,,01/13/2022,04/16/2025
3826,nist_800_53,rev5,Access Control,AC-18,Wireless Access,mitigates,T1558.004,AS-REP Roasting,16.1,enterprise,,,,[],,,01/13/2022,04/16/2025
3827,nist_800_53,rev5,Access Control,AC-16,Security and Privacy Attributes,mitigates,T1565.001,Stored Data Manipulation,16.1,enterprise,,,,[],,,01/13/2022,04/16/2025
3828,nist_800_53,rev5,Access Control,AC-18,Wireless Access,mitigates,T1565.001,Stored Data Manipulation,16.1,enterprise,,,,[],,,01/13/2022,04/16/2025
3829,nist_800_53,rev5,Access Control,AC-20,Use of External Systems,mitigates,T1565.001,Stored Data Manipulation,16.1,enterprise,,,,[],,,01/13/2022,04/16/2025
3830,nist_800_53,rev5,Access Control,AC-16,Security and Privacy Attributes,mitigates,T1565.002,Transmitted Data Manipulation,16.1,enterprise,,,,[],,,01/13/2022,04/16/2025
3831,nist_800_53,rev5,Access Control,AC-18,Wireless Access,mitigates,T1565.002,Transmitted Data Manipulation,16.1,enterprise,,,,[],,,01/13/2022,04/16/2025
3832,nist_800_53,rev5,Access Control,AC-20,Use of External Systems,mitigates,T1565.002,Transmitted Data Manipulation,16.1,enterprise,,,,[],,,01/13/2022,04/16/2025
3833,nist_800_53,rev5,Access Control,AC-16,Security and Privacy Attributes,mitigates,T1567,Exfiltration Over Web Service,16.1,enterprise,,,,[],,,01/13/2022,04/16/2025
3834,nist_800_53,rev5,Access Control,AC-20,Use of External Systems,mitigates,T1567,Exfiltration Over Web Service,16.1,enterprise,,,,[],,,01/13/2022,04/16/2025
3835,nist_800_53,rev5,Access Control,AC-20,Use of External Systems,mitigates,T1567.001,Exfiltration to Code Repository,16.1,enterprise,,,,[],,,01/13/2022,04/16/2025
3836,nist_800_53,rev5,Access Control,AC-20,Use of External Systems,mitigates,T1567.002,Exfiltration to Cloud Storage,16.1,enterprise,,,,[],,,01/13/2022,04/16/2025
3837,nist_800_53,rev5,Access Control,AC-16,Security and Privacy Attributes,mitigates,T1602,Data from Configuration Repository,16.1,enterprise,,,,[],,,01/13/2022,04/16/2025
3838,nist_800_53,rev5,Access Control,AC-18,Wireless Access,mitigates,T1602,Data from Configuration Repository,16.1,enterprise,,,,[],,,01/13/2022,04/16/2025
3839,nist_800_53,rev5,Access Control,AC-20,Use of External Systems,mitigates,T1602,Data from Configuration Repository,16.1,enterprise,,,,[],,,01/13/2022,04/16/2025
3840,nist_800_53,rev5,Access Control,AC-16,Security and Privacy Attributes,mitigates,T1602.001,SNMP (MIB Dump),16.1,enterprise,,,,[],,,01/13/2022,04/16/2025
3841,nist_800_53,rev5,Access Control,AC-18,Wireless Access,mitigates,T1602.001,SNMP (MIB Dump),16.1,enterprise,,,,[],,,01/13/2022,04/16/2025
3842,nist_800_53,rev5,Access Control,AC-20,Use of External Systems,mitigates,T1602.001,SNMP (MIB Dump),16.1,enterprise,,,,[],,,01/13/2022,04/16/2025
3843,nist_800_53,rev5,Access Control,AC-16,Security and Privacy Attributes,mitigates,T1602.002,Network Device Configuration Dump,16.1,enterprise,,,,[],,,01/13/2022,04/16/2025
3844,nist_800_53,rev5,Access Control,AC-18,Wireless Access,mitigates,T1602.002,Network Device Configuration Dump,16.1,enterprise,,,,[],,,01/13/2022,04/16/2025
3845,nist_800_53,rev5,Access Control,AC-20,Use of External Systems,mitigates,T1602.002,Network Device Configuration Dump,16.1,enterprise,,,,[],,,01/13/2022,04/16/2025
3846,nist_800_53,rev5,Access Control,AC-16,Security and Privacy Attributes,mitigates,T1647,Plist File Modification,16.1,enterprise,,,,[],,,01/13/2022,04/16/2025
3847,nist_800_53,rev5,Configuration Management,CM-02,Baseline Configuration,mitigates,T1021.005,VNC,16.1,enterprise,,,,[],,,01/13/2022,04/16/2025
3848,nist_800_53,rev5,Configuration Management,CM-02,Baseline Configuration,mitigates,T1053.003,Cron,16.1,enterprise,,,,[],,,01/13/2022,04/16/2025
3849,nist_800_53,rev5,Configuration Management,CM-02,Baseline Configuration,mitigates,T1068,Exploitation for Privilege Escalation,16.1,enterprise,,,,[],,,01/13/2022,04/16/2025
3850,nist_800_53,rev5,Configuration Management,CM-02,Baseline Configuration,mitigates,T1195.003,Compromise Hardware Supply Chain,16.1,enterprise,,,,[],,,01/13/2022,04/16/2025
3851,nist_800_53,rev5,Configuration Management,CM-02,Baseline Configuration,mitigates,T1204.003,Malicious Image,16.1,enterprise,,,,[],,,01/13/2022,04/16/2025
3852,nist_800_53,rev5,Configuration Management,CM-02,Baseline Configuration,mitigates,T1210,Exploitation of Remote Services,16.1,enterprise,,,,[],,,01/13/2022,04/16/2025
3853,nist_800_53,rev5,Configuration Management,CM-02,Baseline Configuration,mitigates,T1211,Exploitation for Defense Evasion,16.1,enterprise,,,,[],,,01/13/2022,04/16/2025
3854,nist_800_53,rev5,Configuration Management,CM-02,Baseline Configuration,mitigates,T1212,Exploitation for Credential Access,16.1,enterprise,,,,[],,,01/13/2022,04/16/2025
3855,nist_800_53,rev5,Configuration Management,CM-02,Baseline Configuration,mitigates,T1482,Domain Trust Discovery,16.1,enterprise,,,,[],,,01/13/2022,04/16/2025
3856,nist_800_53,rev5,Configuration Management,CM-02,Baseline Configuration,mitigates,T1495,Firmware Corruption,16.1,enterprise,,,,[],,,01/13/2022,04/16/2025
3857,nist_800_53,rev5,Configuration Management,CM-02,Baseline Configuration,mitigates,T1505,Server Software Component,16.1,enterprise,,,,[],,,01/13/2022,04/16/2025
3858,nist_800_53,rev5,Configuration Management,CM-02,Baseline Configuration,mitigates,T1505.001,SQL Stored Procedures,16.1,enterprise,,,,[],,,01/13/2022,04/16/2025
3859,nist_800_53,rev5,Configuration Management,CM-02,Baseline Configuration,mitigates,T1505.002,Transport Agent,16.1,enterprise,,,,[],,,01/13/2022,04/16/2025
3860,nist_800_53,rev5,Configuration Management,CM-02,Baseline Configuration,mitigates,T1505.004,IIS Components,16.1,enterprise,,,,[],,,01/13/2022,04/16/2025
3861,nist_800_53,rev5,Configuration Management,CM-02,Baseline Configuration,mitigates,T1525,Implant Internal Image,16.1,enterprise,,,,[],,,01/13/2022,04/16/2025
3862,nist_800_53,rev5,Configuration Management,CM-02,Baseline Configuration,mitigates,T1542.003,Bootkit,16.1,enterprise,,,,[],,,01/13/2022,04/16/2025
3863,nist_800_53,rev5,Configuration Management,CM-02,Baseline Configuration,mitigates,T1542.004,ROMMONkit,16.1,enterprise,,,,[],,,01/13/2022,04/16/2025
3864,nist_800_53,rev5,Configuration Management,CM-02,Baseline Configuration,mitigates,T1542.005,TFTP Boot,16.1,enterprise,,,,[],,,01/13/2022,04/16/2025
3865,nist_800_53,rev5,Configuration Management,CM-02,Baseline Configuration,mitigates,T1548.002,Bypass User Account Control,16.1,enterprise,,,,[],,,01/13/2022,04/16/2025
3866,nist_800_53,rev5,Configuration Management,CM-02,Baseline Configuration,mitigates,T1552.002,Credentials in Registry,16.1,enterprise,,,,[],,,01/13/2022,04/16/2025
3867,nist_800_53,rev5,Configuration Management,CM-02,Baseline Configuration,mitigates,T1552.006,Group Policy Preferences,16.1,enterprise,,,,[],,,01/13/2022,04/16/2025
3868,nist_800_53,rev5,Configuration Management,CM-02,Baseline Configuration,mitigates,T1553.006,Code Signing Policy Modification,16.1,enterprise,,,,[],,,01/13/2022,04/16/2025
3869,nist_800_53,rev5,Configuration Management,CM-02,Baseline Configuration,mitigates,T1558.004,AS-REP Roasting,16.1,enterprise,,,,[],,,01/13/2022,04/16/2025
3870,nist_800_53,rev5,Configuration Management,CM-02,Baseline Configuration,mitigates,T1560.001,Archive via Utility,16.1,enterprise,,,,[],,,01/13/2022,04/16/2025
3871,nist_800_53,rev5,Configuration Management,CM-02,Baseline Configuration,mitigates,T1574,Hijack Execution Flow,16.1,enterprise,,,,[],,,01/13/2022,04/16/2025
3872,nist_800_53,rev5,Configuration Management,CM-02,Baseline Configuration,mitigates,T1574.005,Executable Installer File Permissions Weakness,16.1,enterprise,,,,[],,,01/13/2022,04/16/2025
3873,nist_800_53,rev5,Configuration Management,CM-02,Baseline Configuration,mitigates,T1574.007,Path Interception by PATH Environment Variable,16.1,enterprise,,,,[],,,01/13/2022,04/16/2025
3874,nist_800_53,rev5,Configuration Management,CM-02,Baseline Configuration,mitigates,T1574.008,Path Interception by Search Order Hijacking,16.1,enterprise,,,,[],,,01/13/2022,04/16/2025
3875,nist_800_53,rev5,Configuration Management,CM-02,Baseline Configuration,mitigates,T1574.009,Path Interception by Unquoted Path,16.1,enterprise,,,,[],,,01/13/2022,04/16/2025
3876,nist_800_53,rev5,Configuration Management,CM-02,Baseline Configuration,mitigates,T1574.010,Services File Permissions Weakness,16.1,enterprise,,,,[],,,01/13/2022,04/16/2025
3877,nist_800_53,rev5,Configuration Management,CM-02,Baseline Configuration,mitigates,T1574.013,KernelCallbackTable,16.1,enterprise,,,,[],,,01/13/2022,04/16/2025
3878,nist_800_53,rev5,Configuration Management,CM-02,Baseline Configuration,mitigates,T1578,Modify Cloud Compute Infrastructure,16.1,enterprise,,,,[],,,01/13/2022,04/16/2025
3879,nist_800_53,rev5,Configuration Management,CM-02,Baseline Configuration,mitigates,T1578.001,Create Snapshot,16.1,enterprise,,,,[],,,01/13/2022,04/16/2025
3880,nist_800_53,rev5,Configuration Management,CM-02,Baseline Configuration,mitigates,T1578.002,Create Cloud Instance,16.1,enterprise,,,,[],,,01/13/2022,04/16/2025
3881,nist_800_53,rev5,Configuration Management,CM-02,Baseline Configuration,mitigates,T1578.003,Delete Cloud Instance,16.1,enterprise,,,,[],,,01/13/2022,04/16/2025
3882,nist_800_53,rev5,Configuration Management,CM-02,Baseline Configuration,mitigates,T1601,Modify System Image,16.1,enterprise,,,,[],,,01/13/2022,04/16/2025
3883,nist_800_53,rev5,Configuration Management,CM-02,Baseline Configuration,mitigates,T1601.001,Patch System Image,16.1,enterprise,,,,[],,,01/13/2022,04/16/2025
3884,nist_800_53,rev5,Configuration Management,CM-02,Baseline Configuration,mitigates,T1601.002,Downgrade System Image,16.1,enterprise,,,,[],,,01/13/2022,04/16/2025
3885,nist_800_53,rev5,Configuration Management,CM-02,Baseline Configuration,mitigates,T1612,Build Image on Host,16.1,enterprise,,,,[],,,01/13/2022,04/16/2025
3886,nist_800_53,rev5,Configuration Management,CM-02,Baseline Configuration,mitigates,T1021.001,Remote Desktop Protocol,16.1,enterprise,,,,[],,,01/13/2022,04/16/2025
3887,nist_800_53,rev5,Configuration Management,CM-02,Baseline Configuration,mitigates,T1001.002,Steganography,16.1,enterprise,,,,[],,,01/13/2022,04/16/2025
3888,nist_800_53,rev5,Configuration Management,CM-02,Baseline Configuration,mitigates,T1003.002,Security Account Manager,16.1,enterprise,,,,[],,,01/13/2022,04/16/2025
3889,nist_800_53,rev5,Configuration Management,CM-02,Baseline Configuration,mitigates,T1003.003,NTDS,16.1,enterprise,,,,[],,,01/13/2022,04/16/2025
3890,nist_800_53,rev5,Configuration Management,CM-02,Baseline Configuration,mitigates,T1003.004,LSA Secrets,16.1,enterprise,,,,[],,,01/13/2022,04/16/2025
3891,nist_800_53,rev5,Configuration Management,CM-02,Baseline Configuration,mitigates,T1003.006,DCSync,16.1,enterprise,,,,[],,,01/13/2022,04/16/2025
3892,nist_800_53,rev5,Configuration Management,CM-02,Baseline Configuration,mitigates,T1003.008,/etc/passwd and /etc/shadow,16.1,enterprise,,,,[],,,01/13/2022,04/16/2025
3893,nist_800_53,rev5,Configuration Management,CM-02,Baseline Configuration,mitigates,T1008,Fallback Channels,16.1,enterprise,,,,[],,,01/13/2022,04/16/2025
3894,nist_800_53,rev5,Configuration Management,CM-02,Baseline Configuration,mitigates,T1011.001,Exfiltration Over Bluetooth,16.1,enterprise,,,,[],,,01/13/2022,04/16/2025
3895,nist_800_53,rev5,Configuration Management,CM-02,Baseline Configuration,mitigates,T1021.001,Remote Desktop Protocol,16.1,enterprise,,,,[],,,01/13/2022,04/16/2025
3896,nist_800_53,rev5,Configuration Management,CM-02,Baseline Configuration,mitigates,T1021.002,SMB/Windows Admin Shares,16.1,enterprise,,,,[],,,01/13/2022,04/16/2025
3897,nist_800_53,rev5,Configuration Management,CM-02,Baseline Configuration,mitigates,T1021.003,Distributed Component Object Model,16.1,enterprise,,,,[],,,01/13/2022,04/16/2025
3898,nist_800_53,rev5,Configuration Management,CM-02,Baseline Configuration,mitigates,T1021.004,SSH,16.1,enterprise,,,,[],,,01/13/2022,04/16/2025
3899,nist_800_53,rev5,Configuration Management,CM-02,Baseline Configuration,mitigates,T1021.005,VNC,16.1,enterprise,,,,[],,,01/13/2022,04/16/2025
3900,nist_800_53,rev5,Configuration Management,CM-02,Baseline Configuration,mitigates,T1021.006,Windows Remote Management,16.1,enterprise,,,,[],,,01/13/2022,04/16/2025
3901,nist_800_53,rev5,Configuration Management,CM-02,Baseline Configuration,mitigates,T1029,Scheduled Transfer,16.1,enterprise,,,,[],,,01/13/2022,04/16/2025
3902,nist_800_53,rev5,Configuration Management,CM-02,Baseline Configuration,mitigates,T1030,Data Transfer Size Limits,16.1,enterprise,,,,[],,,01/13/2022,04/16/2025
3903,nist_800_53,rev5,Configuration Management,CM-02,Baseline Configuration,mitigates,T1036.001,Invalid Code Signature,16.1,enterprise,,,,[],,,01/13/2022,04/16/2025
3904,nist_800_53,rev5,Configuration Management,CM-02,Baseline Configuration,mitigates,T1036.003,Rename System Utilities,16.1,enterprise,,,,[],,,01/13/2022,04/16/2025
3905,nist_800_53,rev5,Configuration Management,CM-02,Baseline Configuration,mitigates,T1036.005,Match Legitimate Name or Location,16.1,enterprise,,,,[],,,01/13/2022,04/16/2025
3906,nist_800_53,rev5,Configuration Management,CM-02,Baseline Configuration,mitigates,T1036.007,Double File Extension,16.1,enterprise,,,,[],,,01/13/2022,04/16/2025
3907,nist_800_53,rev5,Configuration Management,CM-02,Baseline Configuration,mitigates,T1037.002,Login Hook,16.1,enterprise,,,,[],,,01/13/2022,04/16/2025
3908,nist_800_53,rev5,Configuration Management,CM-02,Baseline Configuration,mitigates,T1037.003,Network Logon Script,16.1,enterprise,,,,[],,,01/13/2022,04/16/2025
3909,nist_800_53,rev5,Configuration Management,CM-02,Baseline Configuration,mitigates,T1037.004,RC Scripts,16.1,enterprise,,,,[],,,01/13/2022,04/16/2025
3910,nist_800_53,rev5,Configuration Management,CM-02,Baseline Configuration,mitigates,T1037.005,Startup Items,16.1,enterprise,,,,[],,,01/13/2022,04/16/2025
3911,nist_800_53,rev5,Configuration Management,CM-02,Baseline Configuration,mitigates,T1046,Network Service Discovery,16.1,enterprise,,,,[],,,01/13/2022,04/16/2025
3912,nist_800_53,rev5,Configuration Management,CM-02,Baseline Configuration,mitigates,T1048,Exfiltration Over Alternative Protocol,16.1,enterprise,,,,[],,,01/13/2022,04/16/2025
3913,nist_800_53,rev5,Configuration Management,CM-02,Baseline Configuration,mitigates,T1048.001,Exfiltration Over Symmetric Encrypted Non-C2 Protocol,16.1,enterprise,,,,[],,,01/13/2022,04/16/2025
3914,nist_800_53,rev5,Configuration Management,CM-02,Baseline Configuration,mitigates,T1048.002,Exfiltration Over Asymmetric Encrypted Non-C2 Protocol,16.1,enterprise,,,,[],,,01/13/2022,04/16/2025
3915,nist_800_53,rev5,Configuration Management,CM-02,Baseline Configuration,mitigates,T1048.003,Exfiltration Over Unencrypted Non-C2 Protocol,16.1,enterprise,,,,[],,,01/13/2022,04/16/2025
3916,nist_800_53,rev5,Configuration Management,CM-02,Baseline Configuration,mitigates,T1052,Exfiltration Over Physical Medium,16.1,enterprise,,,,[],,,01/13/2022,04/16/2025
3917,nist_800_53,rev5,Configuration Management,CM-02,Baseline Configuration,mitigates,T1052.001,Exfiltration over USB,16.1,enterprise,,,,[],,,01/13/2022,04/16/2025
3918,nist_800_53,rev5,Configuration Management,CM-02,Baseline Configuration,mitigates,T1059.001,PowerShell,16.1,enterprise,,,,[],,,01/13/2022,04/16/2025
3919,nist_800_53,rev5,Configuration Management,CM-02,Baseline Configuration,mitigates,T1059.002,AppleScript,16.1,enterprise,,,,[],,,01/13/2022,04/16/2025
3920,nist_800_53,rev5,Configuration Management,CM-02,Baseline Configuration,mitigates,T1059.003,Windows Command Shell,16.1,enterprise,,,,[],,,01/13/2022,04/16/2025
3921,nist_800_53,rev5,Configuration Management,CM-02,Baseline Configuration,mitigates,T1059.004,Unix Shell,16.1,enterprise,,,,[],,,01/13/2022,04/16/2025
3922,nist_800_53,rev5,Configuration Management,CM-02,Baseline Configuration,mitigates,T1059.005,Visual Basic,16.1,enterprise,,,,[],,,01/13/2022,04/16/2025
3923,nist_800_53,rev5,Configuration Management,CM-02,Baseline Configuration,mitigates,T1059.007,JavaScript,16.1,enterprise,,,,[],,,01/13/2022,04/16/2025
3924,nist_800_53,rev5,Configuration Management,CM-02,Baseline Configuration,mitigates,T1059.008,Network Device CLI,16.1,enterprise,,,,[],,,01/13/2022,04/16/2025
3925,nist_800_53,rev5,Configuration Management,CM-02,Baseline Configuration,mitigates,T1068,Exploitation for Privilege Escalation,16.1,enterprise,,,,[],,,01/13/2022,04/16/2025
3926,nist_800_53,rev5,Configuration Management,CM-02,Baseline Configuration,mitigates,T1070,Indicator Removal,16.1,enterprise,,,,[],,,01/13/2022,04/16/2025
3927,nist_800_53,rev5,Configuration Management,CM-02,Baseline Configuration,mitigates,T1070.002,Clear Linux or Mac System Logs,16.1,enterprise,,,,[],,,01/13/2022,04/16/2025
3928,nist_800_53,rev5,Configuration Management,CM-02,Baseline Configuration,mitigates,T1070.007,Clear Network Connection History and Configurations,16.1,enterprise,,,,[],,,01/13/2022,04/16/2025
3929,nist_800_53,rev5,Configuration Management,CM-02,Baseline Configuration,mitigates,T1070.008,Clear Mailbox Data,16.1,enterprise,,,,[],,,01/13/2022,04/16/2025
3930,nist_800_53,rev5,Configuration Management,CM-02,Baseline Configuration,mitigates,T1070.009,Clear Persistence,16.1,enterprise,,,,[],,,01/13/2022,04/16/2025
3931,nist_800_53,rev5,Configuration Management,CM-02,Baseline Configuration,mitigates,T1071.001,Web Protocols,16.1,enterprise,,,,[],,,01/13/2022,04/16/2025
3932,nist_800_53,rev5,Configuration Management,CM-02,Baseline Configuration,mitigates,T1071.004,DNS,16.1,enterprise,,,,[],,,01/13/2022,04/16/2025
3933,nist_800_53,rev5,Configuration Management,CM-02,Baseline Configuration,mitigates,T1080,Taint Shared Content,16.1,enterprise,,,,[],,,01/13/2022,04/16/2025
3934,nist_800_53,rev5,Configuration Management,CM-02,Baseline Configuration,mitigates,T1090,Proxy,16.1,enterprise,,,,[],,,01/13/2022,04/16/2025
3935,nist_800_53,rev5,Configuration Management,CM-02,Baseline Configuration,mitigates,T1090.001,Internal Proxy,16.1,enterprise,,,,[],,,01/13/2022,04/16/2025
3936,nist_800_53,rev5,Configuration Management,CM-02,Baseline Configuration,mitigates,T1090.002,External Proxy,16.1,enterprise,,,,[],,,01/13/2022,04/16/2025
3937,nist_800_53,rev5,Configuration Management,CM-02,Baseline Configuration,mitigates,T1091,Replication Through Removable Media,16.1,enterprise,,,,[],,,01/13/2022,04/16/2025
3938,nist_800_53,rev5,Configuration Management,CM-02,Baseline Configuration,mitigates,T1095,Non-Application Layer Protocol,16.1,enterprise,,,,[],,,01/13/2022,04/16/2025
3939,nist_800_53,rev5,Configuration Management,CM-02,Baseline Configuration,mitigates,T1098.004,SSH Authorized Keys,16.1,enterprise,,,,[],,,01/13/2022,04/16/2025
3940,nist_800_53,rev5,Configuration Management,CM-02,Baseline Configuration,mitigates,T1102.001,Dead Drop Resolver,16.1,enterprise,,,,[],,,01/13/2022,04/16/2025
3941,nist_800_53,rev5,Configuration Management,CM-02,Baseline Configuration,mitigates,T1102.002,Bidirectional Communication,16.1,enterprise,,,,[],,,01/13/2022,04/16/2025
3942,nist_800_53,rev5,Configuration Management,CM-02,Baseline Configuration,mitigates,T1102.003,One-Way Communication,16.1,enterprise,,,,[],,,01/13/2022,04/16/2025
3943,nist_800_53,rev5,Configuration Management,CM-02,Baseline Configuration,mitigates,T1104,Multi-Stage Channels,16.1,enterprise,,,,[],,,01/13/2022,04/16/2025
3944,nist_800_53,rev5,Configuration Management,CM-02,Baseline Configuration,mitigates,T1106,Native API,16.1,enterprise,,,,[],,,01/13/2022,04/16/2025
3945,nist_800_53,rev5,Configuration Management,CM-02,Baseline Configuration,mitigates,T1110.001,Password Guessing,16.1,enterprise,,,,[],,,01/13/2022,04/16/2025
3946,nist_800_53,rev5,Configuration Management,CM-02,Baseline Configuration,mitigates,T1110.002,Password Cracking,16.1,enterprise,,,,[],,,01/13/2022,04/16/2025
3947,nist_800_53,rev5,Configuration Management,CM-02,Baseline Configuration,mitigates,T1110.003,Password Spraying,16.1,enterprise,,,,[],,,01/13/2022,04/16/2025
3948,nist_800_53,rev5,Configuration Management,CM-02,Baseline Configuration,mitigates,T1110.004,Credential Stuffing,16.1,enterprise,,,,[],,,01/13/2022,04/16/2025
3949,nist_800_53,rev5,Configuration Management,CM-02,Baseline Configuration,mitigates,T1111,Multi-Factor Authentication Interception,16.1,enterprise,,,,[],,,01/13/2022,04/16/2025
3950,nist_800_53,rev5,Configuration Management,CM-02,Baseline Configuration,mitigates,T1127,Trusted Developer Utilities Proxy Execution,16.1,enterprise,,,,[],,,01/13/2022,04/16/2025
3951,nist_800_53,rev5,Configuration Management,CM-02,Baseline Configuration,mitigates,T1127.001,MSBuild,16.1,enterprise,,,,[],,,01/13/2022,04/16/2025
3952,nist_800_53,rev5,Configuration Management,CM-02,Baseline Configuration,mitigates,T1129,Shared Modules,16.1,enterprise,,,,[],,,01/13/2022,04/16/2025
3953,nist_800_53,rev5,Configuration Management,CM-02,Baseline Configuration,mitigates,T1132,Data Encoding,16.1,enterprise,,,,[],,,01/13/2022,04/16/2025
3954,nist_800_53,rev5,Configuration Management,CM-02,Baseline Configuration,mitigates,T1132.001,Standard Encoding,16.1,enterprise,,,,[],,,01/13/2022,04/16/2025
3955,nist_800_53,rev5,Configuration Management,CM-02,Baseline Configuration,mitigates,T1132.002,Non-Standard Encoding,16.1,enterprise,,,,[],,,01/13/2022,04/16/2025
3956,nist_800_53,rev5,Configuration Management,CM-02,Baseline Configuration,mitigates,T1133,External Remote Services,16.1,enterprise,,,,[],,,01/13/2022,04/16/2025
3957,nist_800_53,rev5,Configuration Management,CM-02,Baseline Configuration,mitigates,T1134.005,SID-History Injection,16.1,enterprise,,,,[],,,01/13/2022,04/16/2025
3958,nist_800_53,rev5,Configuration Management,CM-02,Baseline Configuration,mitigates,T1137,Office Application Startup,16.1,enterprise,,,,[],,,01/13/2022,04/16/2025
3959,nist_800_53,rev5,Configuration Management,CM-02,Baseline Configuration,mitigates,T1137.001,Office Template Macros,16.1,enterprise,,,,[],,,01/13/2022,04/16/2025
3960,nist_800_53,rev5,Configuration Management,CM-02,Baseline Configuration,mitigates,T1137.003,Outlook Forms,16.1,enterprise,,,,[],,,01/13/2022,04/16/2025
3961,nist_800_53,rev5,Configuration Management,CM-02,Baseline Configuration,mitigates,T1137.004,Outlook Home Page,16.1,enterprise,,,,[],,,01/13/2022,04/16/2025
3962,nist_800_53,rev5,Configuration Management,CM-02,Baseline Configuration,mitigates,T1137.005,Outlook Rules,16.1,enterprise,,,,[],,,01/13/2022,04/16/2025
3963,nist_800_53,rev5,Configuration Management,CM-02,Baseline Configuration,mitigates,T1137.006,Add-ins,16.1,enterprise,,,,[],,,01/13/2022,04/16/2025
3964,nist_800_53,rev5,Configuration Management,CM-02,Baseline Configuration,mitigates,T1185,Browser Session Hijacking,16.1,enterprise,,,,[],,,01/13/2022,04/16/2025
3965,nist_800_53,rev5,Configuration Management,CM-02,Baseline Configuration,mitigates,T1187,Forced Authentication,16.1,enterprise,,,,[],,,01/13/2022,04/16/2025
3966,nist_800_53,rev5,Configuration Management,CM-02,Baseline Configuration,mitigates,T1189,Drive-by Compromise,16.1,enterprise,,,,[],,,01/13/2022,04/16/2025
3967,nist_800_53,rev5,Configuration Management,CM-02,Baseline Configuration,mitigates,T1201,Password Policy Discovery,16.1,enterprise,,,,[],,,01/13/2022,04/16/2025
3968,nist_800_53,rev5,Configuration Management,CM-02,Baseline Configuration,mitigates,T1204.001,Malicious Link,16.1,enterprise,,,,[],,,01/13/2022,04/16/2025
3969,nist_800_53,rev5,Configuration Management,CM-02,Baseline Configuration,mitigates,T1204.003,Malicious Image,16.1,enterprise,,,,[],,,01/13/2022,04/16/2025
3970,nist_800_53,rev5,Configuration Management,CM-02,Baseline Configuration,mitigates,T1205,Traffic Signaling,16.1,enterprise,,,,[],,,01/13/2022,04/16/2025
3971,nist_800_53,rev5,Configuration Management,CM-02,Baseline Configuration,mitigates,T1210,Exploitation of Remote Services,16.1,enterprise,,,,[],,,01/13/2022,04/16/2025
3972,nist_800_53,rev5,Configuration Management,CM-02,Baseline Configuration,mitigates,T1211,Exploitation for Defense Evasion,16.1,enterprise,,,,[],,,01/13/2022,04/16/2025
3973,nist_800_53,rev5,Configuration Management,CM-02,Baseline Configuration,mitigates,T1212,Exploitation for Credential Access,16.1,enterprise,,,,[],,,01/13/2022,04/16/2025
3974,nist_800_53,rev5,Configuration Management,CM-02,Baseline Configuration,mitigates,T1216,System Script Proxy Execution,16.1,enterprise,,,,[],,,01/13/2022,04/16/2025
3975,nist_800_53,rev5,Configuration Management,CM-02,Baseline Configuration,mitigates,T1216.001,PubPrn,16.1,enterprise,,,,[],,,01/13/2022,04/16/2025
3976,nist_800_53,rev5,Configuration Management,CM-02,Baseline Configuration,mitigates,T1218.001,Compiled HTML File,16.1,enterprise,,,,[],,,01/13/2022,04/16/2025
3977,nist_800_53,rev5,Configuration Management,CM-02,Baseline Configuration,mitigates,T1218.002,Control Panel,16.1,enterprise,,,,[],,,01/13/2022,04/16/2025
3978,nist_800_53,rev5,Configuration Management,CM-02,Baseline Configuration,mitigates,T1218.003,CMSTP,16.1,enterprise,,,,[],,,01/13/2022,04/16/2025
3979,nist_800_53,rev5,Configuration Management,CM-02,Baseline Configuration,mitigates,T1218.004,InstallUtil,16.1,enterprise,,,,[],,,01/13/2022,04/16/2025
3980,nist_800_53,rev5,Configuration Management,CM-02,Baseline Configuration,mitigates,T1218.005,Mshta,16.1,enterprise,,,,[],,,01/13/2022,04/16/2025
3981,nist_800_53,rev5,Configuration Management,CM-02,Baseline Configuration,mitigates,T1218.007,Msiexec,16.1,enterprise,,,,[],,,01/13/2022,04/16/2025
3982,nist_800_53,rev5,Configuration Management,CM-02,Baseline Configuration,mitigates,T1218.008,Odbcconf,16.1,enterprise,,,,[],,,01/13/2022,04/16/2025
3983,nist_800_53,rev5,Configuration Management,CM-02,Baseline Configuration,mitigates,T1218.009,Regsvcs/Regasm,16.1,enterprise,,,,[],,,01/13/2022,04/16/2025
3984,nist_800_53,rev5,Configuration Management,CM-02,Baseline Configuration,mitigates,T1218.012,Verclsid,16.1,enterprise,,,,[],,,01/13/2022,04/16/2025
3985,nist_800_53,rev5,Configuration Management,CM-02,Baseline Configuration,mitigates,T1218.013,Mavinject,16.1,enterprise,,,,[],,,01/13/2022,04/16/2025
3986,nist_800_53,rev5,Configuration Management,CM-02,Baseline Configuration,mitigates,T1218.014,MMC,16.1,enterprise,,,,[],,,01/13/2022,04/16/2025
3987,nist_800_53,rev5,Configuration Management,CM-02,Baseline Configuration,mitigates,T1220,XSL Script Processing,16.1,enterprise,,,,[],,,01/13/2022,04/16/2025
3988,nist_800_53,rev5,Configuration Management,CM-02,Baseline Configuration,mitigates,T1221,Template Injection,16.1,enterprise,,,,[],,,01/13/2022,04/16/2025
3989,nist_800_53,rev5,Configuration Management,CM-02,Baseline Configuration,mitigates,T1486,Data Encrypted for Impact,16.1,enterprise,,,,[],,,01/13/2022,04/16/2025
3990,nist_800_53,rev5,Configuration Management,CM-02,Baseline Configuration,mitigates,T1491,Defacement,16.1,enterprise,,,,[],,,01/13/2022,04/16/2025
3991,nist_800_53,rev5,Configuration Management,CM-02,Baseline Configuration,mitigates,T1491.001,Internal Defacement,16.1,enterprise,,,,[],,,01/13/2022,04/16/2025
3992,nist_800_53,rev5,Configuration Management,CM-02,Baseline Configuration,mitigates,T1491.002,External Defacement,16.1,enterprise,,,,[],,,01/13/2022,04/16/2025
3993,nist_800_53,rev5,Configuration Management,CM-02,Baseline Configuration,mitigates,T1505,Server Software Component,16.1,enterprise,,,,[],,,01/13/2022,04/16/2025
3994,nist_800_53,rev5,Configuration Management,CM-02,Baseline Configuration,mitigates,T1505.001,SQL Stored Procedures,16.1,enterprise,,,,[],,,01/13/2022,04/16/2025
3995,nist_800_53,rev5,Configuration Management,CM-02,Baseline Configuration,mitigates,T1505.002,Transport Agent,16.1,enterprise,,,,[],,,01/13/2022,04/16/2025
3996,nist_800_53,rev5,Configuration Management,CM-02,Baseline Configuration,mitigates,T1505.004,IIS Components,16.1,enterprise,,,,[],,,01/13/2022,04/16/2025
3997,nist_800_53,rev5,Configuration Management,CM-02,Baseline Configuration,mitigates,T1505.005,Terminal Services DLL,16.1,enterprise,,,,[],,,01/13/2022,04/16/2025
3998,nist_800_53,rev5,Configuration Management,CM-02,Baseline Configuration,mitigates,T1525,Implant Internal Image,16.1,enterprise,,,,[],,,01/13/2022,04/16/2025
3999,nist_800_53,rev5,Configuration Management,CM-02,Baseline Configuration,mitigates,T1542.004,ROMMONkit,16.1,enterprise,,,,[],,,01/13/2022,04/16/2025
4000,nist_800_53,rev5,Configuration Management,CM-02,Baseline Configuration,mitigates,T1542.005,TFTP Boot,16.1,enterprise,,,,[],,,01/13/2022,04/16/2025
4001,nist_800_53,rev5,Configuration Management,CM-02,Baseline Configuration,mitigates,T1543.001,Launch Agent,16.1,enterprise,,,,[],,,01/13/2022,04/16/2025
4002,nist_800_53,rev5,Configuration Management,CM-02,Baseline Configuration,mitigates,T1543.004,Launch Daemon,16.1,enterprise,,,,[],,,01/13/2022,04/16/2025
4003,nist_800_53,rev5,Configuration Management,CM-02,Baseline Configuration,mitigates,T1546.002,Screensaver,16.1,enterprise,,,,[],,,01/13/2022,04/16/2025
4004,nist_800_53,rev5,Configuration Management,CM-02,Baseline Configuration,mitigates,T1546.004,Unix Shell Configuration Modification,16.1,enterprise,,,,[],,,01/13/2022,04/16/2025
4005,nist_800_53,rev5,Configuration Management,CM-02,Baseline Configuration,mitigates,T1546.006,LC_LOAD_DYLIB Addition,16.1,enterprise,,,,[],,,01/13/2022,04/16/2025
4006,nist_800_53,rev5,Configuration Management,CM-02,Baseline Configuration,mitigates,T1546.010,AppInit DLLs,16.1,enterprise,,,,[],,,01/13/2022,04/16/2025
4007,nist_800_53,rev5,Configuration Management,CM-02,Baseline Configuration,mitigates,T1546.013,PowerShell Profile,16.1,enterprise,,,,[],,,01/13/2022,04/16/2025
4008,nist_800_53,rev5,Configuration Management,CM-02,Baseline Configuration,mitigates,T1546.014,Emond,16.1,enterprise,,,,[],,,01/13/2022,04/16/2025
4009,nist_800_53,rev5,Configuration Management,CM-02,Baseline Configuration,mitigates,T1547.007,Re-opened Applications,16.1,enterprise,,,,[],,,01/13/2022,04/16/2025
4010,nist_800_53,rev5,Configuration Management,CM-02,Baseline Configuration,mitigates,T1547.008,LSASS Driver,16.1,enterprise,,,,[],,,01/13/2022,04/16/2025
4011,nist_800_53,rev5,Configuration Management,CM-02,Baseline Configuration,mitigates,T1547.013,XDG Autostart Entries,16.1,enterprise,,,,[],,,01/13/2022,04/16/2025
4012,nist_800_53,rev5,Configuration Management,CM-02,Baseline Configuration,mitigates,T1548.002,Bypass User Account Control,16.1,enterprise,,,,[],,,01/13/2022,04/16/2025
4013,nist_800_53,rev5,Configuration Management,CM-02,Baseline Configuration,mitigates,T1548.003,Sudo and Sudo Caching,16.1,enterprise,,,,[],,,01/13/2022,04/16/2025
4014,nist_800_53,rev5,Configuration Management,CM-02,Baseline Configuration,mitigates,T1548.004,Elevated Execution with Prompt,16.1,enterprise,,,,[],,,01/13/2022,04/16/2025
4015,nist_800_53,rev5,Configuration Management,CM-02,Baseline Configuration,mitigates,T1550.003,Pass the Ticket,16.1,enterprise,,,,[],,,01/13/2022,04/16/2025
4016,nist_800_53,rev5,Configuration Management,CM-02,Baseline Configuration,mitigates,T1552.006,Group Policy Preferences,16.1,enterprise,,,,[],,,01/13/2022,04/16/2025
4017,nist_800_53,rev5,Configuration Management,CM-02,Baseline Configuration,mitigates,T1553.001,Gatekeeper Bypass,16.1,enterprise,,,,[],,,01/13/2022,04/16/2025
4018,nist_800_53,rev5,Configuration Management,CM-02,Baseline Configuration,mitigates,T1553.003,SIP and Trust Provider Hijacking,16.1,enterprise,,,,[],,,01/13/2022,04/16/2025
4019,nist_800_53,rev5,Configuration Management,CM-02,Baseline Configuration,mitigates,T1553.005,Mark-of-the-Web Bypass,16.1,enterprise,,,,[],,,01/13/2022,04/16/2025
4020,nist_800_53,rev5,Configuration Management,CM-02,Baseline Configuration,mitigates,T1555.004,Windows Credential Manager,16.1,enterprise,,,,[],,,01/13/2022,04/16/2025
4021,nist_800_53,rev5,Configuration Management,CM-02,Baseline Configuration,mitigates,T1556.004,Network Device Authentication,16.1,enterprise,,,,[],,,01/13/2022,04/16/2025
4022,nist_800_53,rev5,Configuration Management,CM-02,Baseline Configuration,mitigates,T1556.008,Network Provider DLL,16.1,enterprise,,,,[],,,01/13/2022,04/16/2025
4023,nist_800_53,rev5,Configuration Management,CM-02,Baseline Configuration,mitigates,T1557.001,LLMNR/NBT-NS Poisoning and SMB Relay,16.1,enterprise,,,,[],,,01/13/2022,04/16/2025
4024,nist_800_53,rev5,Configuration Management,CM-02,Baseline Configuration,mitigates,T1557.002,ARP Cache Poisoning,16.1,enterprise,,,,[],,,01/13/2022,04/16/2025
4025,nist_800_53,rev5,Configuration Management,CM-02,Baseline Configuration,mitigates,T1557.003,DHCP Spoofing,16.1,enterprise,,,,[],,,01/13/2022,04/16/2025
4026,nist_800_53,rev5,Configuration Management,CM-02,Baseline Configuration,mitigates,T1558.001,Golden Ticket,16.1,enterprise,,,,[],,,01/13/2022,04/16/2025
4027,nist_800_53,rev5,Configuration Management,CM-02,Baseline Configuration,mitigates,T1558.002,Silver Ticket,16.1,enterprise,,,,[],,,01/13/2022,04/16/2025
4028,nist_800_53,rev5,Configuration Management,CM-02,Baseline Configuration,mitigates,T1558.003,Kerberoasting,16.1,enterprise,,,,[],,,01/13/2022,04/16/2025
4029,nist_800_53,rev5,Configuration Management,CM-02,Baseline Configuration,mitigates,T1558.004,AS-REP Roasting,16.1,enterprise,,,,[],,,01/13/2022,04/16/2025
4030,nist_800_53,rev5,Configuration Management,CM-02,Baseline Configuration,mitigates,T1559,Inter-Process Communication,16.1,enterprise,,,,[],,,01/13/2022,04/16/2025
4031,nist_800_53,rev5,Configuration Management,CM-02,Baseline Configuration,mitigates,T1559.001,Component Object Model,16.1,enterprise,,,,[],,,01/13/2022,04/16/2025
4032,nist_800_53,rev5,Configuration Management,CM-02,Baseline Configuration,mitigates,T1559.002,Dynamic Data Exchange,16.1,enterprise,,,,[],,,01/13/2022,04/16/2025
4033,nist_800_53,rev5,Configuration Management,CM-02,Baseline Configuration,mitigates,T1561,Disk Wipe,16.1,enterprise,,,,[],,,01/13/2022,04/16/2025
4034,nist_800_53,rev5,Configuration Management,CM-02,Baseline Configuration,mitigates,T1561.001,Disk Content Wipe,16.1,enterprise,,,,[],,,01/13/2022,04/16/2025
4035,nist_800_53,rev5,Configuration Management,CM-02,Baseline Configuration,mitigates,T1561.002,Disk Structure Wipe,16.1,enterprise,,,,[],,,01/13/2022,04/16/2025
4036,nist_800_53,rev5,Configuration Management,CM-02,Baseline Configuration,mitigates,T1562.001,Disable or Modify Tools,16.1,enterprise,,,,[],,,01/13/2022,04/16/2025
4037,nist_800_53,rev5,Configuration Management,CM-02,Baseline Configuration,mitigates,T1562.002,Disable Windows Event Logging,16.1,enterprise,,,,[],,,01/13/2022,04/16/2025
4038,nist_800_53,rev5,Configuration Management,CM-02,Baseline Configuration,mitigates,T1562.003,Impair Command History Logging,16.1,enterprise,,,,[],,,01/13/2022,04/16/2025
4039,nist_800_53,rev5,Configuration Management,CM-02,Baseline Configuration,mitigates,T1562.010,Downgrade Attack,16.1,enterprise,,,,[],,,01/13/2022,04/16/2025
4040,nist_800_53,rev5,Configuration Management,CM-02,Baseline Configuration,mitigates,T1563.001,SSH Hijacking,16.1,enterprise,,,,[],,,01/13/2022,04/16/2025
4041,nist_800_53,rev5,Configuration Management,CM-02,Baseline Configuration,mitigates,T1563.002,RDP Hijacking,16.1,enterprise,,,,[],,,01/13/2022,04/16/2025
4042,nist_800_53,rev5,Configuration Management,CM-02,Baseline Configuration,mitigates,T1564.006,Run Virtual Instance,16.1,enterprise,,,,[],,,01/13/2022,04/16/2025
4043,nist_800_53,rev5,Configuration Management,CM-02,Baseline Configuration,mitigates,T1564.007,VBA Stomping,16.1,enterprise,,,,[],,,01/13/2022,04/16/2025
4044,nist_800_53,rev5,Configuration Management,CM-02,Baseline Configuration,mitigates,T1564.009,Resource Forking,16.1,enterprise,,,,[],,,01/13/2022,04/16/2025
4045,nist_800_53,rev5,Configuration Management,CM-02,Baseline Configuration,mitigates,T1565.001,Stored Data Manipulation,16.1,enterprise,,,,[],,,01/13/2022,04/16/2025
4046,nist_800_53,rev5,Configuration Management,CM-02,Baseline Configuration,mitigates,T1565.002,Transmitted Data Manipulation,16.1,enterprise,,,,[],,,01/13/2022,04/16/2025
4047,nist_800_53,rev5,Configuration Management,CM-02,Baseline Configuration,mitigates,T1569,System Services,16.1,enterprise,,,,[],,,01/13/2022,04/16/2025
4048,nist_800_53,rev5,Configuration Management,CM-02,Baseline Configuration,mitigates,T1569.002,Service Execution,16.1,enterprise,,,,[],,,01/13/2022,04/16/2025
4049,nist_800_53,rev5,Configuration Management,CM-02,Baseline Configuration,mitigates,T1570,Lateral Tool Transfer,16.1,enterprise,,,,[],,,01/13/2022,04/16/2025
4050,nist_800_53,rev5,Configuration Management,CM-02,Baseline Configuration,mitigates,T1571,Non-Standard Port,16.1,enterprise,,,,[],,,01/13/2022,04/16/2025
4051,nist_800_53,rev5,Configuration Management,CM-02,Baseline Configuration,mitigates,T1573.001,Symmetric Cryptography,16.1,enterprise,,,,[],,,01/13/2022,04/16/2025
4052,nist_800_53,rev5,Configuration Management,CM-02,Baseline Configuration,mitigates,T1573.002,Asymmetric Cryptography,16.1,enterprise,,,,[],,,01/13/2022,04/16/2025
4053,nist_800_53,rev5,Configuration Management,CM-02,Baseline Configuration,mitigates,T1574,Hijack Execution Flow,16.1,enterprise,,,,[],,,01/13/2022,04/16/2025
4054,nist_800_53,rev5,Configuration Management,CM-02,Baseline Configuration,mitigates,T1574.004,Dylib Hijacking,16.1,enterprise,,,,[],,,01/13/2022,04/16/2025
4055,nist_800_53,rev5,Configuration Management,CM-02,Baseline Configuration,mitigates,T1574.005,Executable Installer File Permissions Weakness,16.1,enterprise,,,,[],,,01/13/2022,04/16/2025
4056,nist_800_53,rev5,Configuration Management,CM-02,Baseline Configuration,mitigates,T1574.007,Path Interception by PATH Environment Variable,16.1,enterprise,,,,[],,,01/13/2022,04/16/2025
4057,nist_800_53,rev5,Configuration Management,CM-02,Baseline Configuration,mitigates,T1574.008,Path Interception by Search Order Hijacking,16.1,enterprise,,,,[],,,01/13/2022,04/16/2025
4058,nist_800_53,rev5,Configuration Management,CM-02,Baseline Configuration,mitigates,T1574.009,Path Interception by Unquoted Path,16.1,enterprise,,,,[],,,01/13/2022,04/16/2025
4059,nist_800_53,rev5,Configuration Management,CM-02,Baseline Configuration,mitigates,T1574.010,Services File Permissions Weakness,16.1,enterprise,,,,[],,,01/13/2022,04/16/2025
4060,nist_800_53,rev5,Configuration Management,CM-02,Baseline Configuration,mitigates,T1598,Phishing for Information,16.1,enterprise,,,,[],,,01/13/2022,04/16/2025
4061,nist_800_53,rev5,Configuration Management,CM-02,Baseline Configuration,mitigates,T1598.002,Spearphishing Attachment,16.1,enterprise,,,,[],,,01/13/2022,04/16/2025
4062,nist_800_53,rev5,Configuration Management,CM-02,Baseline Configuration,mitigates,T1599,Network Boundary Bridging,16.1,enterprise,,,,[],,,01/13/2022,04/16/2025
4063,nist_800_53,rev5,Configuration Management,CM-02,Baseline Configuration,mitigates,T1599.001,Network Address Translation Traversal,16.1,enterprise,,,,[],,,01/13/2022,04/16/2025
4064,nist_800_53,rev5,Configuration Management,CM-02,Baseline Configuration,mitigates,T1601,Modify System Image,16.1,enterprise,,,,[],,,01/13/2022,04/16/2025
4065,nist_800_53,rev5,Configuration Management,CM-02,Baseline Configuration,mitigates,T1601.001,Patch System Image,16.1,enterprise,,,,[],,,01/13/2022,04/16/2025
4066,nist_800_53,rev5,Configuration Management,CM-02,Baseline Configuration,mitigates,T1601.002,Downgrade System Image,16.1,enterprise,,,,[],,,01/13/2022,04/16/2025
4067,nist_800_53,rev5,Configuration Management,CM-02,Baseline Configuration,mitigates,T1602,Data from Configuration Repository,16.1,enterprise,,,,[],,,01/13/2022,04/16/2025
4068,nist_800_53,rev5,Configuration Management,CM-02,Baseline Configuration,mitigates,T1602.001,SNMP (MIB Dump),16.1,enterprise,,,,[],,,01/13/2022,04/16/2025
4069,nist_800_53,rev5,Configuration Management,CM-02,Baseline Configuration,mitigates,T1602.002,Network Device Configuration Dump,16.1,enterprise,,,,[],,,01/13/2022,04/16/2025
4070,nist_800_53,rev5,Configuration Management,CM-02,Baseline Configuration,mitigates,T1622,Debugger Evasion,16.1,enterprise,,,,[],,,01/13/2022,04/16/2025
4071,nist_800_53,rev5,Configuration Management,CM-02,Baseline Configuration,mitigates,T1647,Plist File Modification,16.1,enterprise,,,,[],,,01/13/2022,04/16/2025
4072,nist_800_53,rev5,Configuration Management,CM-02,Baseline Configuration,mitigates,T1653,Power Settings,16.1,enterprise,,,,[],,,01/13/2022,04/16/2025
4073,nist_800_53,rev5,System and Services Acquisition,SA-11,Developer Testing and Evaluation,mitigates,T1134.005,SID-History Injection,16.1,enterprise,,,,[],,,01/13/2022,04/16/2025
4074,nist_800_53,rev5,System and Services Acquisition,SA-11,Developer Testing and Evaluation,mitigates,T1195.003,Compromise Hardware Supply Chain,16.1,enterprise,,,,[],,,01/13/2022,04/16/2025
4075,nist_800_53,rev5,System and Services Acquisition,SA-11,Developer Testing and Evaluation,mitigates,T1495,Firmware Corruption,16.1,enterprise,,,,[],,,01/13/2022,04/16/2025
4076,nist_800_53,rev5,System and Services Acquisition,SA-11,Developer Testing and Evaluation,mitigates,T1505,Server Software Component,16.1,enterprise,,,,[],,,01/13/2022,04/16/2025
4077,nist_800_53,rev5,System and Services Acquisition,SA-11,Developer Testing and Evaluation,mitigates,T1505.001,SQL Stored Procedures,16.1,enterprise,,,,[],,,01/13/2022,04/16/2025
4078,nist_800_53,rev5,System and Services Acquisition,SA-11,Developer Testing and Evaluation,mitigates,T1505.002,Transport Agent,16.1,enterprise,,,,[],,,01/13/2022,04/16/2025
4079,nist_800_53,rev5,System and Services Acquisition,SA-11,Developer Testing and Evaluation,mitigates,T1505.004,IIS Components,16.1,enterprise,,,,[],,,01/13/2022,04/16/2025
4080,nist_800_53,rev5,System and Services Acquisition,SA-11,Developer Testing and Evaluation,mitigates,T1542.003,Bootkit,16.1,enterprise,,,,[],,,01/13/2022,04/16/2025
4081,nist_800_53,rev5,System and Services Acquisition,SA-11,Developer Testing and Evaluation,mitigates,T1542.004,ROMMONkit,16.1,enterprise,,,,[],,,01/13/2022,04/16/2025
4082,nist_800_53,rev5,System and Services Acquisition,SA-11,Developer Testing and Evaluation,mitigates,T1542.005,TFTP Boot,16.1,enterprise,,,,[],,,01/13/2022,04/16/2025
4083,nist_800_53,rev5,System and Services Acquisition,SA-11,Developer Testing and Evaluation,mitigates,T1552.002,Credentials in Registry,16.1,enterprise,,,,[],,,01/13/2022,04/16/2025
4084,nist_800_53,rev5,System and Services Acquisition,SA-11,Developer Testing and Evaluation,mitigates,T1552.006,Group Policy Preferences,16.1,enterprise,,,,[],,,01/13/2022,04/16/2025
4085,nist_800_53,rev5,System and Services Acquisition,SA-11,Developer Testing and Evaluation,mitigates,T1553.006,Code Signing Policy Modification,16.1,enterprise,,,,[],,,01/13/2022,04/16/2025
4086,nist_800_53,rev5,System and Services Acquisition,SA-11,Developer Testing and Evaluation,mitigates,T1558.004,AS-REP Roasting,16.1,enterprise,,,,[],,,01/13/2022,04/16/2025
4087,nist_800_53,rev5,System and Services Acquisition,SA-11,Developer Testing and Evaluation,mitigates,T1559.003,XPC Services,16.1,enterprise,,,,[],,,01/13/2022,04/16/2025
4088,nist_800_53,rev5,System and Services Acquisition,SA-11,Developer Testing and Evaluation,mitigates,T1574.002,DLL Side-Loading,16.1,enterprise,,,,[],,,01/13/2022,04/16/2025
4089,nist_800_53,rev5,System and Services Acquisition,SA-11,Developer Testing and Evaluation,mitigates,T1601,Modify System Image,16.1,enterprise,,,,[],,,01/13/2022,04/16/2025
4090,nist_800_53,rev5,System and Services Acquisition,SA-11,Developer Testing and Evaluation,mitigates,T1601.001,Patch System Image,16.1,enterprise,,,,[],,,01/13/2022,04/16/2025
4091,nist_800_53,rev5,System and Services Acquisition,SA-11,Developer Testing and Evaluation,mitigates,T1601.002,Downgrade System Image,16.1,enterprise,,,,[],,,01/13/2022,04/16/2025
4092,nist_800_53,rev5,System and Services Acquisition,SA-11,Developer Testing and Evaluation,mitigates,T1612,Build Image on Host,16.1,enterprise,,,,[],,,01/13/2022,04/16/2025
4093,nist_800_53,rev5,System and Services Acquisition,SA-11,Developer Testing and Evaluation,mitigates,T1647,Plist File Modification,16.1,enterprise,,,,[],,,01/13/2022,04/16/2025
4094,nist_800_53,rev5,System and Services Acquisition,SA-08,Security and Privacy Engineering Principles,mitigates,T1025,Data from Removable Media,16.1,enterprise,,,,[],,,01/13/2022,04/16/2025
4095,nist_800_53,rev5,System and Services Acquisition,SA-08,Security and Privacy Engineering Principles,mitigates,T1041,Exfiltration Over C2 Channel,16.1,enterprise,,,,[],,,01/13/2022,04/16/2025
4096,nist_800_53,rev5,System and Services Acquisition,SA-08,Security and Privacy Engineering Principles,mitigates,T1048,Exfiltration Over Alternative Protocol,16.1,enterprise,,,,[],,,01/13/2022,04/16/2025
4097,nist_800_53,rev5,System and Services Acquisition,SA-08,Security and Privacy Engineering Principles,mitigates,T1048.002,Exfiltration Over Asymmetric Encrypted Non-C2 Protocol,16.1,enterprise,,,,[],,,01/13/2022,04/16/2025
4098,nist_800_53,rev5,System and Services Acquisition,SA-08,Security and Privacy Engineering Principles,mitigates,T1048.003,Exfiltration Over Unencrypted Non-C2 Protocol,16.1,enterprise,,,,[],,,01/13/2022,04/16/2025
4099,nist_800_53,rev5,System and Services Acquisition,SA-08,Security and Privacy Engineering Principles,mitigates,T1052,Exfiltration Over Physical Medium,16.1,enterprise,,,,[],,,01/13/2022,04/16/2025
4100,nist_800_53,rev5,System and Services Acquisition,SA-08,Security and Privacy Engineering Principles,mitigates,T1052.001,Exfiltration over USB,16.1,enterprise,,,,[],,,01/13/2022,04/16/2025
4101,nist_800_53,rev5,System and Services Acquisition,SA-08,Security and Privacy Engineering Principles,mitigates,T1134.005,SID-History Injection,16.1,enterprise,,,,[],,,01/13/2022,04/16/2025
4102,nist_800_53,rev5,System and Services Acquisition,SA-08,Security and Privacy Engineering Principles,mitigates,T1482,Domain Trust Discovery,16.1,enterprise,,,,[],,,01/13/2022,04/16/2025
4103,nist_800_53,rev5,System and Services Acquisition,SA-08,Security and Privacy Engineering Principles,mitigates,T1559.003,XPC Services,16.1,enterprise,,,,[],,,01/13/2022,04/16/2025
4104,nist_800_53,rev5,System and Services Acquisition,SA-08,Security and Privacy Engineering Principles,mitigates,T1567,Exfiltration Over Web Service,16.1,enterprise,,,,[],,,01/13/2022,04/16/2025
4105,nist_800_53,rev5,System and Services Acquisition,SA-08,Security and Privacy Engineering Principles,mitigates,T1574.002,DLL Side-Loading,16.1,enterprise,,,,[],,,01/13/2022,04/16/2025
4106,nist_800_53,rev5,System and Services Acquisition,SA-08,Security and Privacy Engineering Principles,mitigates,T1647,Plist File Modification,16.1,enterprise,,,,[],,,01/13/2022,04/16/2025
4107,nist_800_53,rev5,Identification and Authentication,IA-02,Identification and Authentication (Organizational Users),mitigates,T1003.002,Security Account Manager,16.1,enterprise,,,,[],,,01/13/2022,04/16/2025
4108,nist_800_53,rev5,Identification and Authentication,IA-02,Identification and Authentication (Organizational Users),mitigates,T1003.003,NTDS,16.1,enterprise,,,,[],,,01/13/2022,04/16/2025
4109,nist_800_53,rev5,Identification and Authentication,IA-02,Identification and Authentication (Organizational Users),mitigates,T1003.004,LSA Secrets,16.1,enterprise,,,,[],,,01/13/2022,04/16/2025
4110,nist_800_53,rev5,Identification and Authentication,IA-02,Identification and Authentication (Organizational Users),mitigates,T1003.006,DCSync,16.1,enterprise,,,,[],,,01/13/2022,04/16/2025
4111,nist_800_53,rev5,Identification and Authentication,IA-02,Identification and Authentication (Organizational Users),mitigates,T1003.008,/etc/passwd and /etc/shadow,16.1,enterprise,,,,[],,,01/13/2022,04/16/2025
4112,nist_800_53,rev5,Identification and Authentication,IA-02,Identification and Authentication (Organizational Users),mitigates,T1021.001,Remote Desktop Protocol,16.1,enterprise,,,,[],,,01/13/2022,04/16/2025
4113,nist_800_53,rev5,Identification and Authentication,IA-02,Identification and Authentication (Organizational Users),mitigates,T1021.002,SMB/Windows Admin Shares,16.1,enterprise,,,,[],,,01/13/2022,04/16/2025
4114,nist_800_53,rev5,Identification and Authentication,IA-02,Identification and Authentication (Organizational Users),mitigates,T1021.003,Distributed Component Object Model,16.1,enterprise,,,,[],,,01/13/2022,04/16/2025
4115,nist_800_53,rev5,Identification and Authentication,IA-02,Identification and Authentication (Organizational Users),mitigates,T1021.004,SSH,16.1,enterprise,,,,[],,,01/13/2022,04/16/2025
4116,nist_800_53,rev5,Identification and Authentication,IA-02,Identification and Authentication (Organizational Users),mitigates,T1021.005,VNC,16.1,enterprise,,,,[],,,01/13/2022,04/16/2025
4117,nist_800_53,rev5,Identification and Authentication,IA-02,Identification and Authentication (Organizational Users),mitigates,T1021.006,Windows Remote Management,16.1,enterprise,,,,[],,,01/13/2022,04/16/2025
4118,nist_800_53,rev5,Identification and Authentication,IA-02,Identification and Authentication (Organizational Users),mitigates,T1021.007,Cloud Services,16.1,enterprise,,,,[],,,01/13/2022,04/16/2025
4119,nist_800_53,rev5,Identification and Authentication,IA-02,Identification and Authentication (Organizational Users),mitigates,T1021.008,Direct Cloud VM Connections,16.1,enterprise,,,,[],,,01/13/2022,04/16/2025
4120,nist_800_53,rev5,Identification and Authentication,IA-02,Identification and Authentication (Organizational Users),mitigates,T1036.007,Double File Extension,16.1,enterprise,,,,[],,,01/13/2022,04/16/2025
4121,nist_800_53,rev5,Identification and Authentication,IA-02,Identification and Authentication (Organizational Users),mitigates,T1053.003,Cron,16.1,enterprise,,,,[],,,01/13/2022,04/16/2025
4122,nist_800_53,rev5,Identification and Authentication,IA-02,Identification and Authentication (Organizational Users),mitigates,T1053.006,Systemd Timers,16.1,enterprise,,,,[],,,01/13/2022,04/16/2025
4123,nist_800_53,rev5,Identification and Authentication,IA-02,Identification and Authentication (Organizational Users),mitigates,T1053.007,Container Orchestration Job,16.1,enterprise,,,,[],,,01/13/2022,04/16/2025
4124,nist_800_53,rev5,Identification and Authentication,IA-02,Identification and Authentication (Organizational Users),mitigates,T1055,Process Injection,16.1,enterprise,,,,[],,,01/13/2022,04/16/2025
4125,nist_800_53,rev5,Identification and Authentication,IA-02,Identification and Authentication (Organizational Users),mitigates,T1055.008,Ptrace System Calls,16.1,enterprise,,,,[],,,01/13/2022,04/16/2025
4126,nist_800_53,rev5,Identification and Authentication,IA-02,Identification and Authentication (Organizational Users),mitigates,T1056.003,Web Portal Capture,16.1,enterprise,,,,[],,,01/13/2022,04/16/2025
4127,nist_800_53,rev5,Identification and Authentication,IA-02,Identification and Authentication (Organizational Users),mitigates,T1059.001,PowerShell,16.1,enterprise,,,,[],,,01/13/2022,04/16/2025
4128,nist_800_53,rev5,Identification and Authentication,IA-02,Identification and Authentication (Organizational Users),mitigates,T1059.008,Network Device CLI,16.1,enterprise,,,,[],,,01/13/2022,04/16/2025
4129,nist_800_53,rev5,Identification and Authentication,IA-02,Identification and Authentication (Organizational Users),mitigates,T1059.009,Cloud API,16.1,enterprise,,,,[],,,01/13/2022,04/16/2025
4130,nist_800_53,rev5,Identification and Authentication,IA-02,Identification and Authentication (Organizational Users),mitigates,T1078.002,Domain Accounts,16.1,enterprise,,,,[],,,01/13/2022,04/16/2025
4131,nist_800_53,rev5,Identification and Authentication,IA-02,Identification and Authentication (Organizational Users),mitigates,T1087.004,Cloud Account,16.1,enterprise,,,,[],,,01/13/2022,04/16/2025
4132,nist_800_53,rev5,Identification and Authentication,IA-02,Identification and Authentication (Organizational Users),mitigates,T1098.004,SSH Authorized Keys,16.1,enterprise,,,,[],,,01/13/2022,04/16/2025
4133,nist_800_53,rev5,Identification and Authentication,IA-02,Identification and Authentication (Organizational Users),mitigates,T1110.001,Password Guessing,16.1,enterprise,,,,[],,,01/13/2022,04/16/2025
4134,nist_800_53,rev5,Identification and Authentication,IA-02,Identification and Authentication (Organizational Users),mitigates,T1110.002,Password Cracking,16.1,enterprise,,,,[],,,01/13/2022,04/16/2025
4135,nist_800_53,rev5,Identification and Authentication,IA-02,Identification and Authentication (Organizational Users),mitigates,T1110.003,Password Spraying,16.1,enterprise,,,,[],,,01/13/2022,04/16/2025
4136,nist_800_53,rev5,Identification and Authentication,IA-02,Identification and Authentication (Organizational Users),mitigates,T1110.004,Credential Stuffing,16.1,enterprise,,,,[],,,01/13/2022,04/16/2025
4137,nist_800_53,rev5,Identification and Authentication,IA-02,Identification and Authentication (Organizational Users),mitigates,T1111,Multi-Factor Authentication Interception,16.1,enterprise,,,,[],,,01/13/2022,04/16/2025
4138,nist_800_53,rev5,Identification and Authentication,IA-02,Identification and Authentication (Organizational Users),mitigates,T1133,External Remote Services,16.1,enterprise,,,,[],,,01/13/2022,04/16/2025
4139,nist_800_53,rev5,Identification and Authentication,IA-02,Identification and Authentication (Organizational Users),mitigates,T1134,Access Token Manipulation,16.1,enterprise,,,,[],,,01/13/2022,04/16/2025
4140,nist_800_53,rev5,Identification and Authentication,IA-02,Identification and Authentication (Organizational Users),mitigates,T1134.002,Create Process with Token,16.1,enterprise,,,,[],,,01/13/2022,04/16/2025
4141,nist_800_53,rev5,Identification and Authentication,IA-02,Identification and Authentication (Organizational Users),mitigates,T1136.001,Local Account,16.1,enterprise,,,,[],,,01/13/2022,04/16/2025
4142,nist_800_53,rev5,Identification and Authentication,IA-02,Identification and Authentication (Organizational Users),mitigates,T1185,Browser Session Hijacking,16.1,enterprise,,,,[],,,01/13/2022,04/16/2025
4143,nist_800_53,rev5,Identification and Authentication,IA-02,Identification and Authentication (Organizational Users),mitigates,T1197,BITS Jobs,16.1,enterprise,,,,[],,,01/13/2022,04/16/2025
4144,nist_800_53,rev5,Identification and Authentication,IA-02,Identification and Authentication (Organizational Users),mitigates,T1210,Exploitation of Remote Services,16.1,enterprise,,,,[],,,01/13/2022,04/16/2025
4145,nist_800_53,rev5,Identification and Authentication,IA-02,Identification and Authentication (Organizational Users),mitigates,T1212,Exploitation for Credential Access,16.1,enterprise,,,,[],,,01/13/2022,04/16/2025
4146,nist_800_53,rev5,Identification and Authentication,IA-02,Identification and Authentication (Organizational Users),mitigates,T1218.007,Msiexec,16.1,enterprise,,,,[],,,01/13/2022,04/16/2025
4147,nist_800_53,rev5,Identification and Authentication,IA-02,Identification and Authentication (Organizational Users),mitigates,T1222,File and Directory Permissions Modification,16.1,enterprise,,,,[],,,01/13/2022,04/16/2025
4148,nist_800_53,rev5,Identification and Authentication,IA-02,Identification and Authentication (Organizational Users),mitigates,T1222.001,Windows File and Directory Permissions Modification,16.1,enterprise,,,,[],,,01/13/2022,04/16/2025
4149,nist_800_53,rev5,Identification and Authentication,IA-02,Identification and Authentication (Organizational Users),mitigates,T1222.002,Linux and Mac File and Directory Permissions Modification,16.1,enterprise,,,,[],,,01/13/2022,04/16/2025
4150,nist_800_53,rev5,Identification and Authentication,IA-02,Identification and Authentication (Organizational Users),mitigates,T1495,Firmware Corruption,16.1,enterprise,,,,[],,,01/13/2022,04/16/2025
4151,nist_800_53,rev5,Identification and Authentication,IA-02,Identification and Authentication (Organizational Users),mitigates,T1505,Server Software Component,16.1,enterprise,,,,[],,,01/13/2022,04/16/2025
4152,nist_800_53,rev5,Identification and Authentication,IA-02,Identification and Authentication (Organizational Users),mitigates,T1505.002,Transport Agent,16.1,enterprise,,,,[],,,01/13/2022,04/16/2025
4153,nist_800_53,rev5,Identification and Authentication,IA-02,Identification and Authentication (Organizational Users),mitigates,T1505.004,IIS Components,16.1,enterprise,,,,[],,,01/13/2022,04/16/2025
4154,nist_800_53,rev5,Identification and Authentication,IA-02,Identification and Authentication (Organizational Users),mitigates,T1525,Implant Internal Image,16.1,enterprise,,,,[],,,01/13/2022,04/16/2025
4155,nist_800_53,rev5,Identification and Authentication,IA-02,Identification and Authentication (Organizational Users),mitigates,T1538,Cloud Service Dashboard,16.1,enterprise,,,,[],,,01/13/2022,04/16/2025
4156,nist_800_53,rev5,Identification and Authentication,IA-02,Identification and Authentication (Organizational Users),mitigates,T1542.003,Bootkit,16.1,enterprise,,,,[],,,01/13/2022,04/16/2025
4157,nist_800_53,rev5,Identification and Authentication,IA-02,Identification and Authentication (Organizational Users),mitigates,T1542.005,TFTP Boot,16.1,enterprise,,,,[],,,01/13/2022,04/16/2025
4158,nist_800_53,rev5,Identification and Authentication,IA-02,Identification and Authentication (Organizational Users),mitigates,T1543.001,Launch Agent,16.1,enterprise,,,,[],,,01/13/2022,04/16/2025
4159,nist_800_53,rev5,Identification and Authentication,IA-02,Identification and Authentication (Organizational Users),mitigates,T1543.004,Launch Daemon,16.1,enterprise,,,,[],,,01/13/2022,04/16/2025
4160,nist_800_53,rev5,Identification and Authentication,IA-02,Identification and Authentication (Organizational Users),mitigates,T1547.006,Kernel Modules and Extensions,16.1,enterprise,,,,[],,,01/13/2022,04/16/2025
4161,nist_800_53,rev5,Identification and Authentication,IA-02,Identification and Authentication (Organizational Users),mitigates,T1547.012,Print Processors,16.1,enterprise,,,,[],,,01/13/2022,04/16/2025
4162,nist_800_53,rev5,Identification and Authentication,IA-02,Identification and Authentication (Organizational Users),mitigates,T1547.013,XDG Autostart Entries,16.1,enterprise,,,,[],,,01/13/2022,04/16/2025
4163,nist_800_53,rev5,Identification and Authentication,IA-02,Identification and Authentication (Organizational Users),mitigates,T1548.002,Bypass User Account Control,16.1,enterprise,,,,[],,,01/13/2022,04/16/2025
4164,nist_800_53,rev5,Identification and Authentication,IA-02,Identification and Authentication (Organizational Users),mitigates,T1548.003,Sudo and Sudo Caching,16.1,enterprise,,,,[],,,01/13/2022,04/16/2025
4165,nist_800_53,rev5,Identification and Authentication,IA-02,Identification and Authentication (Organizational Users),mitigates,T1550.002,Pass the Hash,16.1,enterprise,,,,[],,,01/13/2022,04/16/2025
4166,nist_800_53,rev5,Identification and Authentication,IA-02,Identification and Authentication (Organizational Users),mitigates,T1550.003,Pass the Ticket,16.1,enterprise,,,,[],,,01/13/2022,04/16/2025
4167,nist_800_53,rev5,Identification and Authentication,IA-02,Identification and Authentication (Organizational Users),mitigates,T1552.002,Credentials in Registry,16.1,enterprise,,,,[],,,01/13/2022,04/16/2025
4168,nist_800_53,rev5,Identification and Authentication,IA-02,Identification and Authentication (Organizational Users),mitigates,T1552.006,Group Policy Preferences,16.1,enterprise,,,,[],,,01/13/2022,04/16/2025
4169,nist_800_53,rev5,Identification and Authentication,IA-02,Identification and Authentication (Organizational Users),mitigates,T1552.007,Container API,16.1,enterprise,,,,[],,,01/13/2022,04/16/2025
4170,nist_800_53,rev5,Identification and Authentication,IA-02,Identification and Authentication (Organizational Users),mitigates,T1556.003,Pluggable Authentication Modules,16.1,enterprise,,,,[],,,01/13/2022,04/16/2025
4171,nist_800_53,rev5,Identification and Authentication,IA-02,Identification and Authentication (Organizational Users),mitigates,T1556.004,Network Device Authentication,16.1,enterprise,,,,[],,,01/13/2022,04/16/2025
4172,nist_800_53,rev5,Identification and Authentication,IA-02,Identification and Authentication (Organizational Users),mitigates,T1558.001,Golden Ticket,16.1,enterprise,,,,[],,,01/13/2022,04/16/2025
4173,nist_800_53,rev5,Identification and Authentication,IA-02,Identification and Authentication (Organizational Users),mitigates,T1558.002,Silver Ticket,16.1,enterprise,,,,[],,,01/13/2022,04/16/2025
4174,nist_800_53,rev5,Identification and Authentication,IA-02,Identification and Authentication (Organizational Users),mitigates,T1558.003,Kerberoasting,16.1,enterprise,,,,[],,,01/13/2022,04/16/2025
4175,nist_800_53,rev5,Identification and Authentication,IA-02,Identification and Authentication (Organizational Users),mitigates,T1558.004,AS-REP Roasting,16.1,enterprise,,,,[],,,01/13/2022,04/16/2025
4176,nist_800_53,rev5,Identification and Authentication,IA-02,Identification and Authentication (Organizational Users),mitigates,T1559,Inter-Process Communication,16.1,enterprise,,,,[],,,01/13/2022,04/16/2025
4177,nist_800_53,rev5,Identification and Authentication,IA-02,Identification and Authentication (Organizational Users),mitigates,T1559.001,Component Object Model,16.1,enterprise,,,,[],,,01/13/2022,04/16/2025
4178,nist_800_53,rev5,Identification and Authentication,IA-02,Identification and Authentication (Organizational Users),mitigates,T1562.001,Disable or Modify Tools,16.1,enterprise,,,,[],,,01/13/2022,04/16/2025
4179,nist_800_53,rev5,Identification and Authentication,IA-02,Identification and Authentication (Organizational Users),mitigates,T1562.002,Disable Windows Event Logging,16.1,enterprise,,,,[],,,01/13/2022,04/16/2025
4180,nist_800_53,rev5,Identification and Authentication,IA-02,Identification and Authentication (Organizational Users),mitigates,T1562.008,Disable or Modify Cloud Logs,16.1,enterprise,,,,[],,,01/13/2022,04/16/2025
4181,nist_800_53,rev5,Identification and Authentication,IA-02,Identification and Authentication (Organizational Users),mitigates,T1562.009,Safe Mode Boot,16.1,enterprise,,,,[],,,01/13/2022,04/16/2025
4182,nist_800_53,rev5,Identification and Authentication,IA-02,Identification and Authentication (Organizational Users),mitigates,T1563.001,SSH Hijacking,16.1,enterprise,,,,[],,,01/13/2022,04/16/2025
4183,nist_800_53,rev5,Identification and Authentication,IA-02,Identification and Authentication (Organizational Users),mitigates,T1563.002,RDP Hijacking,16.1,enterprise,,,,[],,,01/13/2022,04/16/2025
4184,nist_800_53,rev5,Identification and Authentication,IA-02,Identification and Authentication (Organizational Users),mitigates,T1569,System Services,16.1,enterprise,,,,[],,,01/13/2022,04/16/2025
4185,nist_800_53,rev5,Identification and Authentication,IA-02,Identification and Authentication (Organizational Users),mitigates,T1569.001,Launchctl,16.1,enterprise,,,,[],,,01/13/2022,04/16/2025
4186,nist_800_53,rev5,Identification and Authentication,IA-02,Identification and Authentication (Organizational Users),mitigates,T1569.002,Service Execution,16.1,enterprise,,,,[],,,01/13/2022,04/16/2025
4187,nist_800_53,rev5,Identification and Authentication,IA-02,Identification and Authentication (Organizational Users),mitigates,T1574,Hijack Execution Flow,16.1,enterprise,,,,[],,,01/13/2022,04/16/2025
4188,nist_800_53,rev5,Identification and Authentication,IA-02,Identification and Authentication (Organizational Users),mitigates,T1574.005,Executable Installer File Permissions Weakness,16.1,enterprise,,,,[],,,01/13/2022,04/16/2025
4189,nist_800_53,rev5,Identification and Authentication,IA-02,Identification and Authentication (Organizational Users),mitigates,T1574.010,Services File Permissions Weakness,16.1,enterprise,,,,[],,,01/13/2022,04/16/2025
4190,nist_800_53,rev5,Identification and Authentication,IA-02,Identification and Authentication (Organizational Users),mitigates,T1574.012,COR_PROFILER,16.1,enterprise,,,,[],,,01/13/2022,04/16/2025
4191,nist_800_53,rev5,Identification and Authentication,IA-02,Identification and Authentication (Organizational Users),mitigates,T1578,Modify Cloud Compute Infrastructure,16.1,enterprise,,,,[],,,01/13/2022,04/16/2025
4192,nist_800_53,rev5,Identification and Authentication,IA-02,Identification and Authentication (Organizational Users),mitigates,T1578.001,Create Snapshot,16.1,enterprise,,,,[],,,01/13/2022,04/16/2025
4193,nist_800_53,rev5,Identification and Authentication,IA-02,Identification and Authentication (Organizational Users),mitigates,T1578.002,Create Cloud Instance,16.1,enterprise,,,,[],,,01/13/2022,04/16/2025
4194,nist_800_53,rev5,Identification and Authentication,IA-02,Identification and Authentication (Organizational Users),mitigates,T1578.003,Delete Cloud Instance,16.1,enterprise,,,,[],,,01/13/2022,04/16/2025
4195,nist_800_53,rev5,Identification and Authentication,IA-02,Identification and Authentication (Organizational Users),mitigates,T1580,Cloud Infrastructure Discovery,16.1,enterprise,,,,[],,,01/13/2022,04/16/2025
4196,nist_800_53,rev5,Identification and Authentication,IA-02,Identification and Authentication (Organizational Users),mitigates,T1599,Network Boundary Bridging,16.1,enterprise,,,,[],,,01/13/2022,04/16/2025
4197,nist_800_53,rev5,Identification and Authentication,IA-02,Identification and Authentication (Organizational Users),mitigates,T1599.001,Network Address Translation Traversal,16.1,enterprise,,,,[],,,01/13/2022,04/16/2025
4198,nist_800_53,rev5,Identification and Authentication,IA-02,Identification and Authentication (Organizational Users),mitigates,T1601,Modify System Image,16.1,enterprise,,,,[],,,01/13/2022,04/16/2025
4199,nist_800_53,rev5,Identification and Authentication,IA-02,Identification and Authentication (Organizational Users),mitigates,T1601.001,Patch System Image,16.1,enterprise,,,,[],,,01/13/2022,04/16/2025
4200,nist_800_53,rev5,Identification and Authentication,IA-02,Identification and Authentication (Organizational Users),mitigates,T1601.002,Downgrade System Image,16.1,enterprise,,,,[],,,01/13/2022,04/16/2025
4201,nist_800_53,rev5,Identification and Authentication,IA-02,Identification and Authentication (Organizational Users),mitigates,T1613,Container and Resource Discovery,16.1,enterprise,,,,[],,,01/13/2022,04/16/2025
4202,nist_800_53,rev5,Identification and Authentication,IA-02,Identification and Authentication (Organizational Users),mitigates,T1619,Cloud Storage Object Discovery,16.1,enterprise,,,,[],,,01/13/2022,04/16/2025
4203,nist_800_53,rev5,Configuration Management,CM-07,Least Functionality,mitigates,T1003.002,Security Account Manager,16.1,enterprise,,,,[],,,01/13/2022,04/16/2025
4204,nist_800_53,rev5,Configuration Management,CM-07,Least Functionality,mitigates,T1008,Fallback Channels,16.1,enterprise,,,,[],,,01/13/2022,04/16/2025
4205,nist_800_53,rev5,Configuration Management,CM-07,Least Functionality,mitigates,T1011,Exfiltration Over Other Network Medium,16.1,enterprise,,,,[],,,01/13/2022,04/16/2025
4206,nist_800_53,rev5,Configuration Management,CM-07,Least Functionality,mitigates,T1011.001,Exfiltration Over Bluetooth,16.1,enterprise,,,,[],,,01/13/2022,04/16/2025
4207,nist_800_53,rev5,Configuration Management,CM-07,Least Functionality,mitigates,T1021.001,Remote Desktop Protocol,16.1,enterprise,,,,[],,,01/13/2022,04/16/2025
4208,nist_800_53,rev5,Configuration Management,CM-07,Least Functionality,mitigates,T1021.002,SMB/Windows Admin Shares,16.1,enterprise,,,,[],,,01/13/2022,04/16/2025
4209,nist_800_53,rev5,Configuration Management,CM-07,Least Functionality,mitigates,T1021.003,Distributed Component Object Model,16.1,enterprise,,,,[],,,01/13/2022,04/16/2025
4210,nist_800_53,rev5,Configuration Management,CM-07,Least Functionality,mitigates,T1021.005,VNC,16.1,enterprise,,,,[],,,01/13/2022,04/16/2025
4211,nist_800_53,rev5,Configuration Management,CM-07,Least Functionality,mitigates,T1021.006,Windows Remote Management,16.1,enterprise,,,,[],,,01/13/2022,04/16/2025
4212,nist_800_53,rev5,Configuration Management,CM-07,Least Functionality,mitigates,T1021.008,Direct Cloud VM Connections,16.1,enterprise,,,,[],,,01/13/2022,04/16/2025
4213,nist_800_53,rev5,Configuration Management,CM-07,Least Functionality,mitigates,T1036.005,Match Legitimate Name or Location,16.1,enterprise,,,,[],,,01/13/2022,04/16/2025
4214,nist_800_53,rev5,Configuration Management,CM-07,Least Functionality,mitigates,T1036.007,Double File Extension,16.1,enterprise,,,,[],,,01/13/2022,04/16/2025
4215,nist_800_53,rev5,Configuration Management,CM-07,Least Functionality,mitigates,T1036.008,Masquerade File Type,16.1,enterprise,,,,[],,,01/13/2022,04/16/2025
4216,nist_800_53,rev5,Configuration Management,CM-07,Least Functionality,mitigates,T1037.001,Logon Script (Windows),16.1,enterprise,,,,[],,,01/13/2022,04/16/2025
4217,nist_800_53,rev5,Configuration Management,CM-07,Least Functionality,mitigates,T1046,Network Service Discovery,16.1,enterprise,,,,[],,,01/13/2022,04/16/2025
4218,nist_800_53,rev5,Configuration Management,CM-07,Least Functionality,mitigates,T1048,Exfiltration Over Alternative Protocol,16.1,enterprise,,,,[],,,01/13/2022,04/16/2025
4219,nist_800_53,rev5,Configuration Management,CM-07,Least Functionality,mitigates,T1048.001,Exfiltration Over Symmetric Encrypted Non-C2 Protocol,16.1,enterprise,,,,[],,,01/13/2022,04/16/2025
4220,nist_800_53,rev5,Configuration Management,CM-07,Least Functionality,mitigates,T1048.002,Exfiltration Over Asymmetric Encrypted Non-C2 Protocol,16.1,enterprise,,,,[],,,01/13/2022,04/16/2025
4221,nist_800_53,rev5,Configuration Management,CM-07,Least Functionality,mitigates,T1048.003,Exfiltration Over Unencrypted Non-C2 Protocol,16.1,enterprise,,,,[],,,01/13/2022,04/16/2025
4222,nist_800_53,rev5,Configuration Management,CM-07,Least Functionality,mitigates,T1052,Exfiltration Over Physical Medium,16.1,enterprise,,,,[],,,01/13/2022,04/16/2025
4223,nist_800_53,rev5,Configuration Management,CM-07,Least Functionality,mitigates,T1052.001,Exfiltration over USB,16.1,enterprise,,,,[],,,01/13/2022,04/16/2025
4224,nist_800_53,rev5,Configuration Management,CM-07,Least Functionality,mitigates,T1059.005,Visual Basic,16.1,enterprise,,,,[],,,01/13/2022,04/16/2025
4225,nist_800_53,rev5,Configuration Management,CM-07,Least Functionality,mitigates,T1059.007,JavaScript,16.1,enterprise,,,,[],,,01/13/2022,04/16/2025
4226,nist_800_53,rev5,Configuration Management,CM-07,Least Functionality,mitigates,T1059.009,Cloud API,16.1,enterprise,,,,[],,,01/13/2022,04/16/2025
4227,nist_800_53,rev5,Configuration Management,CM-07,Least Functionality,mitigates,T1068,Exploitation for Privilege Escalation,16.1,enterprise,,,,[],,,01/13/2022,04/16/2025
4228,nist_800_53,rev5,Configuration Management,CM-07,Least Functionality,mitigates,T1071.001,Web Protocols,16.1,enterprise,,,,[],,,01/13/2022,04/16/2025
4229,nist_800_53,rev5,Configuration Management,CM-07,Least Functionality,mitigates,T1071.004,DNS,16.1,enterprise,,,,[],,,01/13/2022,04/16/2025
4230,nist_800_53,rev5,Configuration Management,CM-07,Least Functionality,mitigates,T1080,Taint Shared Content,16.1,enterprise,,,,[],,,01/13/2022,04/16/2025
4231,nist_800_53,rev5,Configuration Management,CM-07,Least Functionality,mitigates,T1090,Proxy,16.1,enterprise,,,,[],,,01/13/2022,04/16/2025
4232,nist_800_53,rev5,Configuration Management,CM-07,Least Functionality,mitigates,T1090.001,Internal Proxy,16.1,enterprise,,,,[],,,01/13/2022,04/16/2025
4233,nist_800_53,rev5,Configuration Management,CM-07,Least Functionality,mitigates,T1090.002,External Proxy,16.1,enterprise,,,,[],,,01/13/2022,04/16/2025
4234,nist_800_53,rev5,Configuration Management,CM-07,Least Functionality,mitigates,T1095,Non-Application Layer Protocol,16.1,enterprise,,,,[],,,01/13/2022,04/16/2025
4235,nist_800_53,rev5,Configuration Management,CM-07,Least Functionality,mitigates,T1098.004,SSH Authorized Keys,16.1,enterprise,,,,[],,,01/13/2022,04/16/2025
4236,nist_800_53,rev5,Configuration Management,CM-07,Least Functionality,mitigates,T1102.001,Dead Drop Resolver,16.1,enterprise,,,,[],,,01/13/2022,04/16/2025
4237,nist_800_53,rev5,Configuration Management,CM-07,Least Functionality,mitigates,T1102.002,Bidirectional Communication,16.1,enterprise,,,,[],,,01/13/2022,04/16/2025
4238,nist_800_53,rev5,Configuration Management,CM-07,Least Functionality,mitigates,T1102.003,One-Way Communication,16.1,enterprise,,,,[],,,01/13/2022,04/16/2025
4239,nist_800_53,rev5,Configuration Management,CM-07,Least Functionality,mitigates,T1104,Multi-Stage Channels,16.1,enterprise,,,,[],,,01/13/2022,04/16/2025
4240,nist_800_53,rev5,Configuration Management,CM-07,Least Functionality,mitigates,T1106,Native API,16.1,enterprise,,,,[],,,01/13/2022,04/16/2025
4241,nist_800_53,rev5,Configuration Management,CM-07,Least Functionality,mitigates,T1112,Modify Registry,16.1,enterprise,,,,[],,,01/13/2022,04/16/2025
4242,nist_800_53,rev5,Configuration Management,CM-07,Least Functionality,mitigates,T1127,Trusted Developer Utilities Proxy Execution,16.1,enterprise,,,,[],,,01/13/2022,04/16/2025
4243,nist_800_53,rev5,Configuration Management,CM-07,Least Functionality,mitigates,T1129,Shared Modules,16.1,enterprise,,,,[],,,01/13/2022,04/16/2025
4244,nist_800_53,rev5,Configuration Management,CM-07,Least Functionality,mitigates,T1133,External Remote Services,16.1,enterprise,,,,[],,,01/13/2022,04/16/2025
4245,nist_800_53,rev5,Configuration Management,CM-07,Least Functionality,mitigates,T1135,Network Share Discovery,16.1,enterprise,,,,[],,,01/13/2022,04/16/2025
4246,nist_800_53,rev5,Configuration Management,CM-07,Least Functionality,mitigates,T1187,Forced Authentication,16.1,enterprise,,,,[],,,01/13/2022,04/16/2025
4247,nist_800_53,rev5,Configuration Management,CM-07,Least Functionality,mitigates,T1195.002,Compromise Software Supply Chain,16.1,enterprise,,,,[],,,01/13/2022,04/16/2025
4248,nist_800_53,rev5,Configuration Management,CM-07,Least Functionality,mitigates,T1197,BITS Jobs,16.1,enterprise,,,,[],,,01/13/2022,04/16/2025
4249,nist_800_53,rev5,Configuration Management,CM-07,Least Functionality,mitigates,T1199,Trusted Relationship,16.1,enterprise,,,,[],,,01/13/2022,04/16/2025
4250,nist_800_53,rev5,Configuration Management,CM-07,Least Functionality,mitigates,T1204.001,Malicious Link,16.1,enterprise,,,,[],,,01/13/2022,04/16/2025
4251,nist_800_53,rev5,Configuration Management,CM-07,Least Functionality,mitigates,T1204.003,Malicious Image,16.1,enterprise,,,,[],,,01/13/2022,04/16/2025
4252,nist_800_53,rev5,Configuration Management,CM-07,Least Functionality,mitigates,T1205,Traffic Signaling,16.1,enterprise,,,,[],,,01/13/2022,04/16/2025
4253,nist_800_53,rev5,Configuration Management,CM-07,Least Functionality,mitigates,T1205.001,Port Knocking,16.1,enterprise,,,,[],,,01/13/2022,04/16/2025
4254,nist_800_53,rev5,Configuration Management,CM-07,Least Functionality,mitigates,T1210,Exploitation of Remote Services,16.1,enterprise,,,,[],,,01/13/2022,04/16/2025
4255,nist_800_53,rev5,Configuration Management,CM-07,Least Functionality,mitigates,T1216,System Script Proxy Execution,16.1,enterprise,,,,[],,,01/13/2022,04/16/2025
4256,nist_800_53,rev5,Configuration Management,CM-07,Least Functionality,mitigates,T1216.001,PubPrn,16.1,enterprise,,,,[],,,01/13/2022,04/16/2025
4257,nist_800_53,rev5,Configuration Management,CM-07,Least Functionality,mitigates,T1218.001,Compiled HTML File,16.1,enterprise,,,,[],,,01/13/2022,04/16/2025
4258,nist_800_53,rev5,Configuration Management,CM-07,Least Functionality,mitigates,T1218.002,Control Panel,16.1,enterprise,,,,[],,,01/13/2022,04/16/2025
4259,nist_800_53,rev5,Configuration Management,CM-07,Least Functionality,mitigates,T1218.003,CMSTP,16.1,enterprise,,,,[],,,01/13/2022,04/16/2025
4260,nist_800_53,rev5,Configuration Management,CM-07,Least Functionality,mitigates,T1218.004,InstallUtil,16.1,enterprise,,,,[],,,01/13/2022,04/16/2025
4261,nist_800_53,rev5,Configuration Management,CM-07,Least Functionality,mitigates,T1218.005,Mshta,16.1,enterprise,,,,[],,,01/13/2022,04/16/2025
4262,nist_800_53,rev5,Configuration Management,CM-07,Least Functionality,mitigates,T1218.007,Msiexec,16.1,enterprise,,,,[],,,01/13/2022,04/16/2025
4263,nist_800_53,rev5,Configuration Management,CM-07,Least Functionality,mitigates,T1218.008,Odbcconf,16.1,enterprise,,,,[],,,01/13/2022,04/16/2025
4264,nist_800_53,rev5,Configuration Management,CM-07,Least Functionality,mitigates,T1218.009,Regsvcs/Regasm,16.1,enterprise,,,,[],,,01/13/2022,04/16/2025
4265,nist_800_53,rev5,Configuration Management,CM-07,Least Functionality,mitigates,T1218.012,Verclsid,16.1,enterprise,,,,[],,,01/13/2022,04/16/2025
4266,nist_800_53,rev5,Configuration Management,CM-07,Least Functionality,mitigates,T1218.013,Mavinject,16.1,enterprise,,,,[],,,01/13/2022,04/16/2025
4267,nist_800_53,rev5,Configuration Management,CM-07,Least Functionality,mitigates,T1218.014,MMC,16.1,enterprise,,,,[],,,01/13/2022,04/16/2025
4268,nist_800_53,rev5,Configuration Management,CM-07,Least Functionality,mitigates,T1220,XSL Script Processing,16.1,enterprise,,,,[],,,01/13/2022,04/16/2025
4269,nist_800_53,rev5,Configuration Management,CM-07,Least Functionality,mitigates,T1221,Template Injection,16.1,enterprise,,,,[],,,01/13/2022,04/16/2025
4270,nist_800_53,rev5,Configuration Management,CM-07,Least Functionality,mitigates,T1482,Domain Trust Discovery,16.1,enterprise,,,,[],,,01/13/2022,04/16/2025
4271,nist_800_53,rev5,Configuration Management,CM-07,Least Functionality,mitigates,T1498,Network Denial of Service,16.1,enterprise,,,,[],,,01/13/2022,04/16/2025
4272,nist_800_53,rev5,Configuration Management,CM-07,Least Functionality,mitigates,T1498.001,Direct Network Flood,16.1,enterprise,,,,[],,,01/13/2022,04/16/2025
4273,nist_800_53,rev5,Configuration Management,CM-07,Least Functionality,mitigates,T1498.002,Reflection Amplification,16.1,enterprise,,,,[],,,01/13/2022,04/16/2025
4274,nist_800_53,rev5,Configuration Management,CM-07,Least Functionality,mitigates,T1499,Endpoint Denial of Service,16.1,enterprise,,,,[],,,01/13/2022,04/16/2025
4275,nist_800_53,rev5,Configuration Management,CM-07,Least Functionality,mitigates,T1499.001,OS Exhaustion Flood,16.1,enterprise,,,,[],,,01/13/2022,04/16/2025
4276,nist_800_53,rev5,Configuration Management,CM-07,Least Functionality,mitigates,T1499.002,Service Exhaustion Flood,16.1,enterprise,,,,[],,,01/13/2022,04/16/2025
4277,nist_800_53,rev5,Configuration Management,CM-07,Least Functionality,mitigates,T1499.003,Application Exhaustion Flood,16.1,enterprise,,,,[],,,01/13/2022,04/16/2025
4278,nist_800_53,rev5,Configuration Management,CM-07,Least Functionality,mitigates,T1499.004,Application or System Exploitation,16.1,enterprise,,,,[],,,01/13/2022,04/16/2025
4279,nist_800_53,rev5,Configuration Management,CM-07,Least Functionality,mitigates,T1505.004,IIS Components,16.1,enterprise,,,,[],,,01/13/2022,04/16/2025
4280,nist_800_53,rev5,Configuration Management,CM-07,Least Functionality,mitigates,T1525,Implant Internal Image,16.1,enterprise,,,,[],,,01/13/2022,04/16/2025
4281,nist_800_53,rev5,Configuration Management,CM-07,Least Functionality,mitigates,T1542.004,ROMMONkit,16.1,enterprise,,,,[],,,01/13/2022,04/16/2025
4282,nist_800_53,rev5,Configuration Management,CM-07,Least Functionality,mitigates,T1542.005,TFTP Boot,16.1,enterprise,,,,[],,,01/13/2022,04/16/2025
4283,nist_800_53,rev5,Configuration Management,CM-07,Least Functionality,mitigates,T1546.002,Screensaver,16.1,enterprise,,,,[],,,01/13/2022,04/16/2025
4284,nist_800_53,rev5,Configuration Management,CM-07,Least Functionality,mitigates,T1546.006,LC_LOAD_DYLIB Addition,16.1,enterprise,,,,[],,,01/13/2022,04/16/2025
4285,nist_800_53,rev5,Configuration Management,CM-07,Least Functionality,mitigates,T1546.008,Accessibility Features,16.1,enterprise,,,,[],,,01/13/2022,04/16/2025
4286,nist_800_53,rev5,Configuration Management,CM-07,Least Functionality,mitigates,T1546.009,AppCert DLLs,16.1,enterprise,,,,[],,,01/13/2022,04/16/2025
4287,nist_800_53,rev5,Configuration Management,CM-07,Least Functionality,mitigates,T1546.010,AppInit DLLs,16.1,enterprise,,,,[],,,01/13/2022,04/16/2025
4288,nist_800_53,rev5,Configuration Management,CM-07,Least Functionality,mitigates,T1547.006,Kernel Modules and Extensions,16.1,enterprise,,,,[],,,01/13/2022,04/16/2025
4289,nist_800_53,rev5,Configuration Management,CM-07,Least Functionality,mitigates,T1547.007,Re-opened Applications,16.1,enterprise,,,,[],,,01/13/2022,04/16/2025
4290,nist_800_53,rev5,Configuration Management,CM-07,Least Functionality,mitigates,T1548.001,Setuid and Setgid,16.1,enterprise,,,,[],,,01/13/2022,04/16/2025
4291,nist_800_53,rev5,Configuration Management,CM-07,Least Functionality,mitigates,T1548.003,Sudo and Sudo Caching,16.1,enterprise,,,,[],,,01/13/2022,04/16/2025
4292,nist_800_53,rev5,Configuration Management,CM-07,Least Functionality,mitigates,T1548.004,Elevated Execution with Prompt,16.1,enterprise,,,,[],,,01/13/2022,04/16/2025
4293,nist_800_53,rev5,Configuration Management,CM-07,Least Functionality,mitigates,T1552.003,Bash History,16.1,enterprise,,,,[],,,01/13/2022,04/16/2025
4294,nist_800_53,rev5,Configuration Management,CM-07,Least Functionality,mitigates,T1552.005,Cloud Instance Metadata API,16.1,enterprise,,,,[],,,01/13/2022,04/16/2025
4295,nist_800_53,rev5,Configuration Management,CM-07,Least Functionality,mitigates,T1552.007,Container API,16.1,enterprise,,,,[],,,01/13/2022,04/16/2025
4296,nist_800_53,rev5,Configuration Management,CM-07,Least Functionality,mitigates,T1553.001,Gatekeeper Bypass,16.1,enterprise,,,,[],,,01/13/2022,04/16/2025
4297,nist_800_53,rev5,Configuration Management,CM-07,Least Functionality,mitigates,T1553.003,SIP and Trust Provider Hijacking,16.1,enterprise,,,,[],,,01/13/2022,04/16/2025
4298,nist_800_53,rev5,Configuration Management,CM-07,Least Functionality,mitigates,T1553.004,Install Root Certificate,16.1,enterprise,,,,[],,,01/13/2022,04/16/2025
4299,nist_800_53,rev5,Configuration Management,CM-07,Least Functionality,mitigates,T1553.005,Mark-of-the-Web Bypass,16.1,enterprise,,,,[],,,01/13/2022,04/16/2025
4300,nist_800_53,rev5,Configuration Management,CM-07,Least Functionality,mitigates,T1553.006,Code Signing Policy Modification,16.1,enterprise,,,,[],,,01/13/2022,04/16/2025
4301,nist_800_53,rev5,Configuration Management,CM-07,Least Functionality,mitigates,T1555.004,Windows Credential Manager,16.1,enterprise,,,,[],,,01/13/2022,04/16/2025
4302,nist_800_53,rev5,Configuration Management,CM-07,Least Functionality,mitigates,T1555.006,Cloud Secrets Management Stores,16.1,enterprise,,,,[],,,01/13/2022,04/16/2025
4303,nist_800_53,rev5,Configuration Management,CM-07,Least Functionality,mitigates,T1556.002,Password Filter DLL,16.1,enterprise,,,,[],,,01/13/2022,04/16/2025
4304,nist_800_53,rev5,Configuration Management,CM-07,Least Functionality,mitigates,T1556.008,Network Provider DLL,16.1,enterprise,,,,[],,,01/13/2022,04/16/2025
4305,nist_800_53,rev5,Configuration Management,CM-07,Least Functionality,mitigates,T1557.001,LLMNR/NBT-NS Poisoning and SMB Relay,16.1,enterprise,,,,[],,,01/13/2022,04/16/2025
4306,nist_800_53,rev5,Configuration Management,CM-07,Least Functionality,mitigates,T1557.002,ARP Cache Poisoning,16.1,enterprise,,,,[],,,01/13/2022,04/16/2025
4307,nist_800_53,rev5,Configuration Management,CM-07,Least Functionality,mitigates,T1557.003,DHCP Spoofing,16.1,enterprise,,,,[],,,01/13/2022,04/16/2025
4308,nist_800_53,rev5,Configuration Management,CM-07,Least Functionality,mitigates,T1559,Inter-Process Communication,16.1,enterprise,,,,[],,,01/13/2022,04/16/2025
4309,nist_800_53,rev5,Configuration Management,CM-07,Least Functionality,mitigates,T1559.002,Dynamic Data Exchange,16.1,enterprise,,,,[],,,01/13/2022,04/16/2025
4310,nist_800_53,rev5,Configuration Management,CM-07,Least Functionality,mitigates,T1559.003,XPC Services,16.1,enterprise,,,,[],,,01/13/2022,04/16/2025
4311,nist_800_53,rev5,Configuration Management,CM-07,Least Functionality,mitigates,T1562.001,Disable or Modify Tools,16.1,enterprise,,,,[],,,01/13/2022,04/16/2025
4312,nist_800_53,rev5,Configuration Management,CM-07,Least Functionality,mitigates,T1562.002,Disable Windows Event Logging,16.1,enterprise,,,,[],,,01/13/2022,04/16/2025
4313,nist_800_53,rev5,Configuration Management,CM-07,Least Functionality,mitigates,T1562.003,Impair Command History Logging,16.1,enterprise,,,,[],,,01/13/2022,04/16/2025
4314,nist_800_53,rev5,Configuration Management,CM-07,Least Functionality,mitigates,T1562.009,Safe Mode Boot,16.1,enterprise,,,,[],,,01/13/2022,04/16/2025
4315,nist_800_53,rev5,Configuration Management,CM-07,Least Functionality,mitigates,T1562.010,Downgrade Attack,16.1,enterprise,,,,[],,,01/13/2022,04/16/2025
4316,nist_800_53,rev5,Configuration Management,CM-07,Least Functionality,mitigates,T1563.001,SSH Hijacking,16.1,enterprise,,,,[],,,01/13/2022,04/16/2025
4317,nist_800_53,rev5,Configuration Management,CM-07,Least Functionality,mitigates,T1563.002,RDP Hijacking,16.1,enterprise,,,,[],,,01/13/2022,04/16/2025
4318,nist_800_53,rev5,Configuration Management,CM-07,Least Functionality,mitigates,T1564.002,Hidden Users,16.1,enterprise,,,,[],,,01/13/2022,04/16/2025
4319,nist_800_53,rev5,Configuration Management,CM-07,Least Functionality,mitigates,T1564.006,Run Virtual Instance,16.1,enterprise,,,,[],,,01/13/2022,04/16/2025
4320,nist_800_53,rev5,Configuration Management,CM-07,Least Functionality,mitigates,T1564.008,Email Hiding Rules,16.1,enterprise,,,,[],,,01/13/2022,04/16/2025
4321,nist_800_53,rev5,Configuration Management,CM-07,Least Functionality,mitigates,T1564.009,Resource Forking,16.1,enterprise,,,,[],,,01/13/2022,04/16/2025
4322,nist_800_53,rev5,Configuration Management,CM-07,Least Functionality,mitigates,T1565.003,Runtime Data Manipulation,16.1,enterprise,,,,[],,,01/13/2022,04/16/2025
4323,nist_800_53,rev5,Configuration Management,CM-07,Least Functionality,mitigates,T1569,System Services,16.1,enterprise,,,,[],,,01/13/2022,04/16/2025
4324,nist_800_53,rev5,Configuration Management,CM-07,Least Functionality,mitigates,T1569.002,Service Execution,16.1,enterprise,,,,[],,,01/13/2022,04/16/2025
4325,nist_800_53,rev5,Configuration Management,CM-07,Least Functionality,mitigates,T1570,Lateral Tool Transfer,16.1,enterprise,,,,[],,,01/13/2022,04/16/2025
4326,nist_800_53,rev5,Configuration Management,CM-07,Least Functionality,mitigates,T1571,Non-Standard Port,16.1,enterprise,,,,[],,,01/13/2022,04/16/2025
4327,nist_800_53,rev5,Configuration Management,CM-07,Least Functionality,mitigates,T1573.001,Symmetric Cryptography,16.1,enterprise,,,,[],,,01/13/2022,04/16/2025
4328,nist_800_53,rev5,Configuration Management,CM-07,Least Functionality,mitigates,T1573.002,Asymmetric Cryptography,16.1,enterprise,,,,[],,,01/13/2022,04/16/2025
4329,nist_800_53,rev5,Configuration Management,CM-07,Least Functionality,mitigates,T1574,Hijack Execution Flow,16.1,enterprise,,,,[],,,01/13/2022,04/16/2025
4330,nist_800_53,rev5,Configuration Management,CM-07,Least Functionality,mitigates,T1574.006,Dynamic Linker Hijacking,16.1,enterprise,,,,[],,,01/13/2022,04/16/2025
4331,nist_800_53,rev5,Configuration Management,CM-07,Least Functionality,mitigates,T1574.007,Path Interception by PATH Environment Variable,16.1,enterprise,,,,[],,,01/13/2022,04/16/2025
4332,nist_800_53,rev5,Configuration Management,CM-07,Least Functionality,mitigates,T1574.008,Path Interception by Search Order Hijacking,16.1,enterprise,,,,[],,,01/13/2022,04/16/2025
4333,nist_800_53,rev5,Configuration Management,CM-07,Least Functionality,mitigates,T1574.009,Path Interception by Unquoted Path,16.1,enterprise,,,,[],,,01/13/2022,04/16/2025
4334,nist_800_53,rev5,Configuration Management,CM-07,Least Functionality,mitigates,T1574.012,COR_PROFILER,16.1,enterprise,,,,[],,,01/13/2022,04/16/2025
4335,nist_800_53,rev5,Configuration Management,CM-07,Least Functionality,mitigates,T1599,Network Boundary Bridging,16.1,enterprise,,,,[],,,01/13/2022,04/16/2025
4336,nist_800_53,rev5,Configuration Management,CM-07,Least Functionality,mitigates,T1599.001,Network Address Translation Traversal,16.1,enterprise,,,,[],,,01/13/2022,04/16/2025
4337,nist_800_53,rev5,Configuration Management,CM-07,Least Functionality,mitigates,T1601,Modify System Image,16.1,enterprise,,,,[],,,01/13/2022,04/16/2025
4338,nist_800_53,rev5,Configuration Management,CM-07,Least Functionality,mitigates,T1601.001,Patch System Image,16.1,enterprise,,,,[],,,01/13/2022,04/16/2025
4339,nist_800_53,rev5,Configuration Management,CM-07,Least Functionality,mitigates,T1601.002,Downgrade System Image,16.1,enterprise,,,,[],,,01/13/2022,04/16/2025
4340,nist_800_53,rev5,Configuration Management,CM-07,Least Functionality,mitigates,T1602,Data from Configuration Repository,16.1,enterprise,,,,[],,,01/13/2022,04/16/2025
4341,nist_800_53,rev5,Configuration Management,CM-07,Least Functionality,mitigates,T1602.001,SNMP (MIB Dump),16.1,enterprise,,,,[],,,01/13/2022,04/16/2025
4342,nist_800_53,rev5,Configuration Management,CM-07,Least Functionality,mitigates,T1602.002,Network Device Configuration Dump,16.1,enterprise,,,,[],,,01/13/2022,04/16/2025
4343,nist_800_53,rev5,Configuration Management,CM-07,Least Functionality,mitigates,T1609,Container Administration Command,16.1,enterprise,,,,[],,,01/13/2022,04/16/2025
4344,nist_800_53,rev5,Configuration Management,CM-07,Least Functionality,mitigates,T1612,Build Image on Host,16.1,enterprise,,,,[],,,01/13/2022,04/16/2025
4345,nist_800_53,rev5,Configuration Management,CM-07,Least Functionality,mitigates,T1613,Container and Resource Discovery,16.1,enterprise,,,,[],,,01/13/2022,04/16/2025
4346,nist_800_53,rev5,Configuration Management,CM-07,Least Functionality,mitigates,T1622,Debugger Evasion,16.1,enterprise,,,,[],,,01/13/2022,04/16/2025
4347,nist_800_53,rev5,Configuration Management,CM-07,Least Functionality,mitigates,T1647,Plist File Modification,16.1,enterprise,,,,[],,,01/13/2022,04/16/2025
4348,nist_800_53,rev5,Configuration Management,CM-07,Least Functionality,mitigates,T1653,Power Settings,16.1,enterprise,,,,[],,,01/13/2022,04/16/2025
4349,nist_800_53,rev5,System and Information Integrity,SI-04,System Monitoring,mitigates,T1001.002,Steganography,16.1,enterprise,,,,[],,,01/13/2022,04/16/2025
4350,nist_800_53,rev5,System and Information Integrity,SI-04,System Monitoring,mitigates,T1003.002,Security Account Manager,16.1,enterprise,,,,[],,,01/13/2022,04/16/2025
4351,nist_800_53,rev5,System and Information Integrity,SI-04,System Monitoring,mitigates,T1003.003,NTDS,16.1,enterprise,,,,[],,,01/13/2022,04/16/2025
4352,nist_800_53,rev5,System and Information Integrity,SI-04,System Monitoring,mitigates,T1003.004,LSA Secrets,16.1,enterprise,,,,[],,,01/13/2022,04/16/2025
4353,nist_800_53,rev5,System and Information Integrity,SI-04,System Monitoring,mitigates,T1003.006,DCSync,16.1,enterprise,,,,[],,,01/13/2022,04/16/2025
4354,nist_800_53,rev5,System and Information Integrity,SI-04,System Monitoring,mitigates,T1003.008,/etc/passwd and /etc/shadow,16.1,enterprise,,,,[],,,01/13/2022,04/16/2025
4355,nist_800_53,rev5,System and Information Integrity,SI-04,System Monitoring,mitigates,T1005,Data from Local System,16.1,enterprise,,,,[],,,01/13/2022,04/16/2025
4356,nist_800_53,rev5,System and Information Integrity,SI-04,System Monitoring,mitigates,T1008,Fallback Channels,16.1,enterprise,,,,[],,,01/13/2022,04/16/2025
4357,nist_800_53,rev5,System and Information Integrity,SI-04,System Monitoring,mitigates,T1011,Exfiltration Over Other Network Medium,16.1,enterprise,,,,[],,,01/13/2022,04/16/2025
4358,nist_800_53,rev5,System and Information Integrity,SI-04,System Monitoring,mitigates,T1011.001,Exfiltration Over Bluetooth,16.1,enterprise,,,,[],,,01/13/2022,04/16/2025
4359,nist_800_53,rev5,System and Information Integrity,SI-04,System Monitoring,mitigates,T1021.001,Remote Desktop Protocol,16.1,enterprise,,,,[],,,01/13/2022,04/16/2025
4360,nist_800_53,rev5,System and Information Integrity,SI-04,System Monitoring,mitigates,T1021.002,SMB/Windows Admin Shares,16.1,enterprise,,,,[],,,01/13/2022,04/16/2025
4361,nist_800_53,rev5,System and Information Integrity,SI-04,System Monitoring,mitigates,T1021.003,Distributed Component Object Model,16.1,enterprise,,,,[],,,01/13/2022,04/16/2025
4362,nist_800_53,rev5,System and Information Integrity,SI-04,System Monitoring,mitigates,T1021.004,SSH,16.1,enterprise,,,,[],,,01/13/2022,04/16/2025
4363,nist_800_53,rev5,System and Information Integrity,SI-04,System Monitoring,mitigates,T1021.005,VNC,16.1,enterprise,,,,[],,,01/13/2022,04/16/2025
4364,nist_800_53,rev5,System and Information Integrity,SI-04,System Monitoring,mitigates,T1021.006,Windows Remote Management,16.1,enterprise,,,,[],,,01/13/2022,04/16/2025
4365,nist_800_53,rev5,System and Information Integrity,SI-04,System Monitoring,mitigates,T1021.008,Direct Cloud VM Connections,16.1,enterprise,,,,[],,,01/13/2022,04/16/2025
4366,nist_800_53,rev5,System and Information Integrity,SI-04,System Monitoring,mitigates,T1025,Data from Removable Media,16.1,enterprise,,,,[],,,01/13/2022,04/16/2025
4367,nist_800_53,rev5,System and Information Integrity,SI-04,System Monitoring,mitigates,T1027.002,Software Packing,16.1,enterprise,,,,[],,,01/13/2022,04/16/2025
4368,nist_800_53,rev5,System and Information Integrity,SI-04,System Monitoring,mitigates,T1027.007,Dynamic API Resolution,16.1,enterprise,,,,[],,,01/13/2022,04/16/2025
4369,nist_800_53,rev5,System and Information Integrity,SI-04,System Monitoring,mitigates,T1027.008,Stripped Payloads,16.1,enterprise,,,,[],,,01/13/2022,04/16/2025
4370,nist_800_53,rev5,System and Information Integrity,SI-04,System Monitoring,mitigates,T1027.009,Embedded Payloads,16.1,enterprise,,,,[],,,01/13/2022,04/16/2025
4371,nist_800_53,rev5,System and Information Integrity,SI-04,System Monitoring,mitigates,T1027.010,Command Obfuscation,16.1,enterprise,,,,[],,,01/13/2022,04/16/2025
4372,nist_800_53,rev5,System and Information Integrity,SI-04,System Monitoring,mitigates,T1027.012,LNK Icon Smuggling,16.1,enterprise,,,,[],,,01/13/2022,04/16/2025
4373,nist_800_53,rev5,System and Information Integrity,SI-04,System Monitoring,mitigates,T1029,Scheduled Transfer,16.1,enterprise,,,,[],,,01/13/2022,04/16/2025
4374,nist_800_53,rev5,System and Information Integrity,SI-04,System Monitoring,mitigates,T1030,Data Transfer Size Limits,16.1,enterprise,,,,[],,,01/13/2022,04/16/2025
4375,nist_800_53,rev5,System and Information Integrity,SI-04,System Monitoring,mitigates,T1036.001,Invalid Code Signature,16.1,enterprise,,,,[],,,01/13/2022,04/16/2025
4376,nist_800_53,rev5,System and Information Integrity,SI-04,System Monitoring,mitigates,T1036.003,Rename System Utilities,16.1,enterprise,,,,[],,,01/13/2022,04/16/2025
4377,nist_800_53,rev5,System and Information Integrity,SI-04,System Monitoring,mitigates,T1036.005,Match Legitimate Name or Location,16.1,enterprise,,,,[],,,01/13/2022,04/16/2025
4378,nist_800_53,rev5,System and Information Integrity,SI-04,System Monitoring,mitigates,T1036.007,Double File Extension,16.1,enterprise,,,,[],,,01/13/2022,04/16/2025
4379,nist_800_53,rev5,System and Information Integrity,SI-04,System Monitoring,mitigates,T1036.008,Masquerade File Type,16.1,enterprise,,,,[],,,01/13/2022,04/16/2025
4380,nist_800_53,rev5,System and Information Integrity,SI-04,System Monitoring,mitigates,T1037.002,Login Hook,16.1,enterprise,,,,[],,,01/13/2022,04/16/2025
4381,nist_800_53,rev5,System and Information Integrity,SI-04,System Monitoring,mitigates,T1037.003,Network Logon Script,16.1,enterprise,,,,[],,,01/13/2022,04/16/2025
4382,nist_800_53,rev5,System and Information Integrity,SI-04,System Monitoring,mitigates,T1037.004,RC Scripts,16.1,enterprise,,,,[],,,01/13/2022,04/16/2025
4383,nist_800_53,rev5,System and Information Integrity,SI-04,System Monitoring,mitigates,T1037.005,Startup Items,16.1,enterprise,,,,[],,,01/13/2022,04/16/2025
4384,nist_800_53,rev5,System and Information Integrity,SI-04,System Monitoring,mitigates,T1041,Exfiltration Over C2 Channel,16.1,enterprise,,,,[],,,01/13/2022,04/16/2025
4385,nist_800_53,rev5,System and Information Integrity,SI-04,System Monitoring,mitigates,T1046,Network Service Discovery,16.1,enterprise,,,,[],,,01/13/2022,04/16/2025
4386,nist_800_53,rev5,System and Information Integrity,SI-04,System Monitoring,mitigates,T1048,Exfiltration Over Alternative Protocol,16.1,enterprise,,,,[],,,01/13/2022,04/16/2025
4387,nist_800_53,rev5,System and Information Integrity,SI-04,System Monitoring,mitigates,T1048.001,Exfiltration Over Symmetric Encrypted Non-C2 Protocol,16.1,enterprise,,,,[],,,01/13/2022,04/16/2025
4388,nist_800_53,rev5,System and Information Integrity,SI-04,System Monitoring,mitigates,T1048.002,Exfiltration Over Asymmetric Encrypted Non-C2 Protocol,16.1,enterprise,,,,[],,,01/13/2022,04/16/2025
4389,nist_800_53,rev5,System and Information Integrity,SI-04,System Monitoring,mitigates,T1048.003,Exfiltration Over Unencrypted Non-C2 Protocol,16.1,enterprise,,,,[],,,01/13/2022,04/16/2025
4390,nist_800_53,rev5,System and Information Integrity,SI-04,System Monitoring,mitigates,T1052,Exfiltration Over Physical Medium,16.1,enterprise,,,,[],,,01/13/2022,04/16/2025
4391,nist_800_53,rev5,System and Information Integrity,SI-04,System Monitoring,mitigates,T1052.001,Exfiltration over USB,16.1,enterprise,,,,[],,,01/13/2022,04/16/2025
4392,nist_800_53,rev5,System and Information Integrity,SI-04,System Monitoring,mitigates,T1053.003,Cron,16.1,enterprise,,,,[],,,01/13/2022,04/16/2025
4393,nist_800_53,rev5,System and Information Integrity,SI-04,System Monitoring,mitigates,T1053.006,Systemd Timers,16.1,enterprise,,,,[],,,01/13/2022,04/16/2025
4394,nist_800_53,rev5,System and Information Integrity,SI-04,System Monitoring,mitigates,T1055,Process Injection,16.1,enterprise,,,,[],,,01/13/2022,04/16/2025
4395,nist_800_53,rev5,System and Information Integrity,SI-04,System Monitoring,mitigates,T1055.001,Dynamic-link Library Injection,16.1,enterprise,,,,[],,,01/13/2022,04/16/2025
4396,nist_800_53,rev5,System and Information Integrity,SI-04,System Monitoring,mitigates,T1055.002,Portable Executable Injection,16.1,enterprise,,,,[],,,01/13/2022,04/16/2025
4397,nist_800_53,rev5,System and Information Integrity,SI-04,System Monitoring,mitigates,T1055.003,Thread Execution Hijacking,16.1,enterprise,,,,[],,,01/13/2022,04/16/2025
4398,nist_800_53,rev5,System and Information Integrity,SI-04,System Monitoring,mitigates,T1055.004,Asynchronous Procedure Call,16.1,enterprise,,,,[],,,01/13/2022,04/16/2025
4399,nist_800_53,rev5,System and Information Integrity,SI-04,System Monitoring,mitigates,T1055.005,Thread Local Storage,16.1,enterprise,,,,[],,,01/13/2022,04/16/2025
4400,nist_800_53,rev5,System and Information Integrity,SI-04,System Monitoring,mitigates,T1055.008,Ptrace System Calls,16.1,enterprise,,,,[],,,01/13/2022,04/16/2025
4401,nist_800_53,rev5,System and Information Integrity,SI-04,System Monitoring,mitigates,T1055.009,Proc Memory,16.1,enterprise,,,,[],,,01/13/2022,04/16/2025
4402,nist_800_53,rev5,System and Information Integrity,SI-04,System Monitoring,mitigates,T1055.011,Extra Window Memory Injection,16.1,enterprise,,,,[],,,01/13/2022,04/16/2025
4403,nist_800_53,rev5,System and Information Integrity,SI-04,System Monitoring,mitigates,T1055.012,Process Hollowing,16.1,enterprise,,,,[],,,01/13/2022,04/16/2025
4404,nist_800_53,rev5,System and Information Integrity,SI-04,System Monitoring,mitigates,T1055.013,Process Doppelgänging,16.1,enterprise,,,,[],,,01/13/2022,04/16/2025
4405,nist_800_53,rev5,System and Information Integrity,SI-04,System Monitoring,mitigates,T1055.014,VDSO Hijacking,16.1,enterprise,,,,[],,,01/13/2022,04/16/2025
4406,nist_800_53,rev5,System and Information Integrity,SI-04,System Monitoring,mitigates,T1059.001,PowerShell,16.1,enterprise,,,,[],,,01/13/2022,04/16/2025
4407,nist_800_53,rev5,System and Information Integrity,SI-04,System Monitoring,mitigates,T1059.002,AppleScript,16.1,enterprise,,,,[],,,01/13/2022,04/16/2025
4408,nist_800_53,rev5,System and Information Integrity,SI-04,System Monitoring,mitigates,T1059.003,Windows Command Shell,16.1,enterprise,,,,[],,,01/13/2022,04/16/2025
4409,nist_800_53,rev5,System and Information Integrity,SI-04,System Monitoring,mitigates,T1059.004,Unix Shell,16.1,enterprise,,,,[],,,01/13/2022,04/16/2025
4410,nist_800_53,rev5,System and Information Integrity,SI-04,System Monitoring,mitigates,T1059.005,Visual Basic,16.1,enterprise,,,,[],,,01/13/2022,04/16/2025
4411,nist_800_53,rev5,System and Information Integrity,SI-04,System Monitoring,mitigates,T1059.007,JavaScript,16.1,enterprise,,,,[],,,01/13/2022,04/16/2025
4412,nist_800_53,rev5,System and Information Integrity,SI-04,System Monitoring,mitigates,T1059.008,Network Device CLI,16.1,enterprise,,,,[],,,01/13/2022,04/16/2025
4413,nist_800_53,rev5,System and Information Integrity,SI-04,System Monitoring,mitigates,T1059.009,Cloud API,16.1,enterprise,,,,[],,,01/13/2022,04/16/2025
4414,nist_800_53,rev5,System and Information Integrity,SI-04,System Monitoring,mitigates,T1068,Exploitation for Privilege Escalation,16.1,enterprise,,,,[],,,01/13/2022,04/16/2025
4415,nist_800_53,rev5,System and Information Integrity,SI-04,System Monitoring,mitigates,T1070,Indicator Removal,16.1,enterprise,,,,[],,,01/13/2022,04/16/2025
4416,nist_800_53,rev5,System and Information Integrity,SI-04,System Monitoring,mitigates,T1070.002,Clear Linux or Mac System Logs,16.1,enterprise,,,,[],,,01/13/2022,04/16/2025
4417,nist_800_53,rev5,System and Information Integrity,SI-04,System Monitoring,mitigates,T1070.007,Clear Network Connection History and Configurations,16.1,enterprise,,,,[],,,01/13/2022,04/16/2025
4418,nist_800_53,rev5,System and Information Integrity,SI-04,System Monitoring,mitigates,T1070.008,Clear Mailbox Data,16.1,enterprise,,,,[],,,01/13/2022,04/16/2025
4419,nist_800_53,rev5,System and Information Integrity,SI-04,System Monitoring,mitigates,T1070.009,Clear Persistence,16.1,enterprise,,,,[],,,01/13/2022,04/16/2025
4420,nist_800_53,rev5,System and Information Integrity,SI-04,System Monitoring,mitigates,T1071.001,Web Protocols,16.1,enterprise,,,,[],,,01/13/2022,04/16/2025
4421,nist_800_53,rev5,System and Information Integrity,SI-04,System Monitoring,mitigates,T1071.004,DNS,16.1,enterprise,,,,[],,,01/13/2022,04/16/2025
4422,nist_800_53,rev5,System and Information Integrity,SI-04,System Monitoring,mitigates,T1078.002,Domain Accounts,16.1,enterprise,,,,[],,,01/13/2022,04/16/2025
4423,nist_800_53,rev5,System and Information Integrity,SI-04,System Monitoring,mitigates,T1080,Taint Shared Content,16.1,enterprise,,,,[],,,01/13/2022,04/16/2025
4424,nist_800_53,rev5,System and Information Integrity,SI-04,System Monitoring,mitigates,T1090,Proxy,16.1,enterprise,,,,[],,,01/13/2022,04/16/2025
4425,nist_800_53,rev5,System and Information Integrity,SI-04,System Monitoring,mitigates,T1090.001,Internal Proxy,16.1,enterprise,,,,[],,,01/13/2022,04/16/2025
4426,nist_800_53,rev5,System and Information Integrity,SI-04,System Monitoring,mitigates,T1090.002,External Proxy,16.1,enterprise,,,,[],,,01/13/2022,04/16/2025
4427,nist_800_53,rev5,System and Information Integrity,SI-04,System Monitoring,mitigates,T1091,Replication Through Removable Media,16.1,enterprise,,,,[],,,01/13/2022,04/16/2025
4428,nist_800_53,rev5,System and Information Integrity,SI-04,System Monitoring,mitigates,T1095,Non-Application Layer Protocol,16.1,enterprise,,,,[],,,01/13/2022,04/16/2025
4429,nist_800_53,rev5,System and Information Integrity,SI-04,System Monitoring,mitigates,T1098.004,SSH Authorized Keys,16.1,enterprise,,,,[],,,01/13/2022,04/16/2025
4430,nist_800_53,rev5,System and Information Integrity,SI-04,System Monitoring,mitigates,T1102.001,Dead Drop Resolver,16.1,enterprise,,,,[],,,01/13/2022,04/16/2025
4431,nist_800_53,rev5,System and Information Integrity,SI-04,System Monitoring,mitigates,T1102.002,Bidirectional Communication,16.1,enterprise,,,,[],,,01/13/2022,04/16/2025
4432,nist_800_53,rev5,System and Information Integrity,SI-04,System Monitoring,mitigates,T1102.003,One-Way Communication,16.1,enterprise,,,,[],,,01/13/2022,04/16/2025
4433,nist_800_53,rev5,System and Information Integrity,SI-04,System Monitoring,mitigates,T1104,Multi-Stage Channels,16.1,enterprise,,,,[],,,01/13/2022,04/16/2025
4434,nist_800_53,rev5,System and Information Integrity,SI-04,System Monitoring,mitigates,T1106,Native API,16.1,enterprise,,,,[],,,01/13/2022,04/16/2025
4435,nist_800_53,rev5,System and Information Integrity,SI-04,System Monitoring,mitigates,T1110.001,Password Guessing,16.1,enterprise,,,,[],,,01/13/2022,04/16/2025
4436,nist_800_53,rev5,System and Information Integrity,SI-04,System Monitoring,mitigates,T1110.002,Password Cracking,16.1,enterprise,,,,[],,,01/13/2022,04/16/2025
4437,nist_800_53,rev5,System and Information Integrity,SI-04,System Monitoring,mitigates,T1110.003,Password Spraying,16.1,enterprise,,,,[],,,01/13/2022,04/16/2025
4438,nist_800_53,rev5,System and Information Integrity,SI-04,System Monitoring,mitigates,T1110.004,Credential Stuffing,16.1,enterprise,,,,[],,,01/13/2022,04/16/2025
4439,nist_800_53,rev5,System and Information Integrity,SI-04,System Monitoring,mitigates,T1111,Multi-Factor Authentication Interception,16.1,enterprise,,,,[],,,01/13/2022,04/16/2025
4440,nist_800_53,rev5,System and Information Integrity,SI-04,System Monitoring,mitigates,T1114.001,Local Email Collection,16.1,enterprise,,,,[],,,01/13/2022,04/16/2025
4441,nist_800_53,rev5,System and Information Integrity,SI-04,System Monitoring,mitigates,T1127,Trusted Developer Utilities Proxy Execution,16.1,enterprise,,,,[],,,01/13/2022,04/16/2025
4442,nist_800_53,rev5,System and Information Integrity,SI-04,System Monitoring,mitigates,T1127.001,MSBuild,16.1,enterprise,,,,[],,,01/13/2022,04/16/2025
4443,nist_800_53,rev5,System and Information Integrity,SI-04,System Monitoring,mitigates,T1129,Shared Modules,16.1,enterprise,,,,[],,,01/13/2022,04/16/2025
4444,nist_800_53,rev5,System and Information Integrity,SI-04,System Monitoring,mitigates,T1132,Data Encoding,16.1,enterprise,,,,[],,,01/13/2022,04/16/2025
4445,nist_800_53,rev5,System and Information Integrity,SI-04,System Monitoring,mitigates,T1132.001,Standard Encoding,16.1,enterprise,,,,[],,,01/13/2022,04/16/2025
4446,nist_800_53,rev5,System and Information Integrity,SI-04,System Monitoring,mitigates,T1132.002,Non-Standard Encoding,16.1,enterprise,,,,[],,,01/13/2022,04/16/2025
4447,nist_800_53,rev5,System and Information Integrity,SI-04,System Monitoring,mitigates,T1133,External Remote Services,16.1,enterprise,,,,[],,,01/13/2022,04/16/2025
4448,nist_800_53,rev5,System and Information Integrity,SI-04,System Monitoring,mitigates,T1135,Network Share Discovery,16.1,enterprise,,,,[],,,01/13/2022,04/16/2025
4449,nist_800_53,rev5,System and Information Integrity,SI-04,System Monitoring,mitigates,T1136.001,Local Account,16.1,enterprise,,,,[],,,01/13/2022,04/16/2025
4450,nist_800_53,rev5,System and Information Integrity,SI-04,System Monitoring,mitigates,T1137,Office Application Startup,16.1,enterprise,,,,[],,,01/13/2022,04/16/2025
4451,nist_800_53,rev5,System and Information Integrity,SI-04,System Monitoring,mitigates,T1137.001,Office Template Macros,16.1,enterprise,,,,[],,,01/13/2022,04/16/2025
4452,nist_800_53,rev5,System and Information Integrity,SI-04,System Monitoring,mitigates,T1185,Browser Session Hijacking,16.1,enterprise,,,,[],,,01/13/2022,04/16/2025
4453,nist_800_53,rev5,System and Information Integrity,SI-04,System Monitoring,mitigates,T1187,Forced Authentication,16.1,enterprise,,,,[],,,01/13/2022,04/16/2025
4454,nist_800_53,rev5,System and Information Integrity,SI-04,System Monitoring,mitigates,T1189,Drive-by Compromise,16.1,enterprise,,,,[],,,01/13/2022,04/16/2025
4455,nist_800_53,rev5,System and Information Integrity,SI-04,System Monitoring,mitigates,T1197,BITS Jobs,16.1,enterprise,,,,[],,,01/13/2022,04/16/2025
4456,nist_800_53,rev5,System and Information Integrity,SI-04,System Monitoring,mitigates,T1201,Password Policy Discovery,16.1,enterprise,,,,[],,,01/13/2022,04/16/2025
4457,nist_800_53,rev5,System and Information Integrity,SI-04,System Monitoring,mitigates,T1204.001,Malicious Link,16.1,enterprise,,,,[],,,01/13/2022,04/16/2025
4458,nist_800_53,rev5,System and Information Integrity,SI-04,System Monitoring,mitigates,T1204.003,Malicious Image,16.1,enterprise,,,,[],,,01/13/2022,04/16/2025
4459,nist_800_53,rev5,System and Information Integrity,SI-04,System Monitoring,mitigates,T1205,Traffic Signaling,16.1,enterprise,,,,[],,,01/13/2022,04/16/2025
4460,nist_800_53,rev5,System and Information Integrity,SI-04,System Monitoring,mitigates,T1205.001,Port Knocking,16.1,enterprise,,,,[],,,01/13/2022,04/16/2025
4461,nist_800_53,rev5,System and Information Integrity,SI-04,System Monitoring,mitigates,T1205.002,Socket Filters,16.1,enterprise,,,,[],,,01/13/2022,04/16/2025
4462,nist_800_53,rev5,System and Information Integrity,SI-04,System Monitoring,mitigates,T1210,Exploitation of Remote Services,16.1,enterprise,,,,[],,,01/13/2022,04/16/2025
4463,nist_800_53,rev5,System and Information Integrity,SI-04,System Monitoring,mitigates,T1211,Exploitation for Defense Evasion,16.1,enterprise,,,,[],,,01/13/2022,04/16/2025
4464,nist_800_53,rev5,System and Information Integrity,SI-04,System Monitoring,mitigates,T1212,Exploitation for Credential Access,16.1,enterprise,,,,[],,,01/13/2022,04/16/2025
4465,nist_800_53,rev5,System and Information Integrity,SI-04,System Monitoring,mitigates,T1216,System Script Proxy Execution,16.1,enterprise,,,,[],,,01/13/2022,04/16/2025
4466,nist_800_53,rev5,System and Information Integrity,SI-04,System Monitoring,mitigates,T1216.001,PubPrn,16.1,enterprise,,,,[],,,01/13/2022,04/16/2025
4467,nist_800_53,rev5,System and Information Integrity,SI-04,System Monitoring,mitigates,T1218.001,Compiled HTML File,16.1,enterprise,,,,[],,,01/13/2022,04/16/2025
4468,nist_800_53,rev5,System and Information Integrity,SI-04,System Monitoring,mitigates,T1218.002,Control Panel,16.1,enterprise,,,,[],,,01/13/2022,04/16/2025
4469,nist_800_53,rev5,System and Information Integrity,SI-04,System Monitoring,mitigates,T1218.003,CMSTP,16.1,enterprise,,,,[],,,01/13/2022,04/16/2025
4470,nist_800_53,rev5,System and Information Integrity,SI-04,System Monitoring,mitigates,T1218.004,InstallUtil,16.1,enterprise,,,,[],,,01/13/2022,04/16/2025
4471,nist_800_53,rev5,System and Information Integrity,SI-04,System Monitoring,mitigates,T1218.005,Mshta,16.1,enterprise,,,,[],,,01/13/2022,04/16/2025
4472,nist_800_53,rev5,System and Information Integrity,SI-04,System Monitoring,mitigates,T1218.008,Odbcconf,16.1,enterprise,,,,[],,,01/13/2022,04/16/2025
4473,nist_800_53,rev5,System and Information Integrity,SI-04,System Monitoring,mitigates,T1218.009,Regsvcs/Regasm,16.1,enterprise,,,,[],,,01/13/2022,04/16/2025
4474,nist_800_53,rev5,System and Information Integrity,SI-04,System Monitoring,mitigates,T1218.010,Regsvr32,16.1,enterprise,,,,[],,,01/13/2022,04/16/2025
4475,nist_800_53,rev5,System and Information Integrity,SI-04,System Monitoring,mitigates,T1218.012,Verclsid,16.1,enterprise,,,,[],,,01/13/2022,04/16/2025
4476,nist_800_53,rev5,System and Information Integrity,SI-04,System Monitoring,mitigates,T1218.013,Mavinject,16.1,enterprise,,,,[],,,01/13/2022,04/16/2025
4477,nist_800_53,rev5,System and Information Integrity,SI-04,System Monitoring,mitigates,T1218.014,MMC,16.1,enterprise,,,,[],,,01/13/2022,04/16/2025
4478,nist_800_53,rev5,System and Information Integrity,SI-04,System Monitoring,mitigates,T1220,XSL Script Processing,16.1,enterprise,,,,[],,,01/13/2022,04/16/2025
4479,nist_800_53,rev5,System and Information Integrity,SI-04,System Monitoring,mitigates,T1221,Template Injection,16.1,enterprise,,,,[],,,01/13/2022,04/16/2025
4480,nist_800_53,rev5,System and Information Integrity,SI-04,System Monitoring,mitigates,T1222,File and Directory Permissions Modification,16.1,enterprise,,,,[],,,01/13/2022,04/16/2025
4481,nist_800_53,rev5,System and Information Integrity,SI-04,System Monitoring,mitigates,T1222.001,Windows File and Directory Permissions Modification,16.1,enterprise,,,,[],,,01/13/2022,04/16/2025
4482,nist_800_53,rev5,System and Information Integrity,SI-04,System Monitoring,mitigates,T1222.002,Linux and Mac File and Directory Permissions Modification,16.1,enterprise,,,,[],,,01/13/2022,04/16/2025
4483,nist_800_53,rev5,System and Information Integrity,SI-04,System Monitoring,mitigates,T1486,Data Encrypted for Impact,16.1,enterprise,,,,[],,,01/13/2022,04/16/2025
4484,nist_800_53,rev5,System and Information Integrity,SI-04,System Monitoring,mitigates,T1491,Defacement,16.1,enterprise,,,,[],,,01/13/2022,04/16/2025
4485,nist_800_53,rev5,System and Information Integrity,SI-04,System Monitoring,mitigates,T1491.001,Internal Defacement,16.1,enterprise,,,,[],,,01/13/2022,04/16/2025
4486,nist_800_53,rev5,System and Information Integrity,SI-04,System Monitoring,mitigates,T1491.002,External Defacement,16.1,enterprise,,,,[],,,01/13/2022,04/16/2025
4487,nist_800_53,rev5,System and Information Integrity,SI-04,System Monitoring,mitigates,T1499,Endpoint Denial of Service,16.1,enterprise,,,,[],,,01/13/2022,04/16/2025
4488,nist_800_53,rev5,System and Information Integrity,SI-04,System Monitoring,mitigates,T1499.001,OS Exhaustion Flood,16.1,enterprise,,,,[],,,01/13/2022,04/16/2025
4489,nist_800_53,rev5,System and Information Integrity,SI-04,System Monitoring,mitigates,T1499.002,Service Exhaustion Flood,16.1,enterprise,,,,[],,,01/13/2022,04/16/2025
4490,nist_800_53,rev5,System and Information Integrity,SI-04,System Monitoring,mitigates,T1499.003,Application Exhaustion Flood,16.1,enterprise,,,,[],,,01/13/2022,04/16/2025
4491,nist_800_53,rev5,System and Information Integrity,SI-04,System Monitoring,mitigates,T1499.004,Application or System Exploitation,16.1,enterprise,,,,[],,,01/13/2022,04/16/2025
4492,nist_800_53,rev5,System and Information Integrity,SI-04,System Monitoring,mitigates,T1505,Server Software Component,16.1,enterprise,,,,[],,,01/13/2022,04/16/2025
4493,nist_800_53,rev5,System and Information Integrity,SI-04,System Monitoring,mitigates,T1505.002,Transport Agent,16.1,enterprise,,,,[],,,01/13/2022,04/16/2025
4494,nist_800_53,rev5,System and Information Integrity,SI-04,System Monitoring,mitigates,T1505.004,IIS Components,16.1,enterprise,,,,[],,,01/13/2022,04/16/2025
4495,nist_800_53,rev5,System and Information Integrity,SI-04,System Monitoring,mitigates,T1505.005,Terminal Services DLL,16.1,enterprise,,,,[],,,01/13/2022,04/16/2025
4496,nist_800_53,rev5,System and Information Integrity,SI-04,System Monitoring,mitigates,T1525,Implant Internal Image,16.1,enterprise,,,,[],,,01/13/2022,04/16/2025
4497,nist_800_53,rev5,System and Information Integrity,SI-04,System Monitoring,mitigates,T1542.004,ROMMONkit,16.1,enterprise,,,,[],,,01/13/2022,04/16/2025
4498,nist_800_53,rev5,System and Information Integrity,SI-04,System Monitoring,mitigates,T1542.005,TFTP Boot,16.1,enterprise,,,,[],,,01/13/2022,04/16/2025
4499,nist_800_53,rev5,System and Information Integrity,SI-04,System Monitoring,mitigates,T1546.002,Screensaver,16.1,enterprise,,,,[],,,01/13/2022,04/16/2025
4500,nist_800_53,rev5,System and Information Integrity,SI-04,System Monitoring,mitigates,T1546.004,Unix Shell Configuration Modification,16.1,enterprise,,,,[],,,01/13/2022,04/16/2025
4501,nist_800_53,rev5,System and Information Integrity,SI-04,System Monitoring,mitigates,T1546.006,LC_LOAD_DYLIB Addition,16.1,enterprise,,,,[],,,01/13/2022,04/16/2025
4502,nist_800_53,rev5,System and Information Integrity,SI-04,System Monitoring,mitigates,T1546.008,Accessibility Features,16.1,enterprise,,,,[],,,01/13/2022,04/16/2025
4503,nist_800_53,rev5,System and Information Integrity,SI-04,System Monitoring,mitigates,T1546.013,PowerShell Profile,16.1,enterprise,,,,[],,,01/13/2022,04/16/2025
4504,nist_800_53,rev5,System and Information Integrity,SI-04,System Monitoring,mitigates,T1546.014,Emond,16.1,enterprise,,,,[],,,01/13/2022,04/16/2025
4505,nist_800_53,rev5,System and Information Integrity,SI-04,System Monitoring,mitigates,T1547.002,Authentication Package,16.1,enterprise,,,,[],,,01/13/2022,04/16/2025
4506,nist_800_53,rev5,System and Information Integrity,SI-04,System Monitoring,mitigates,T1547.005,Security Support Provider,16.1,enterprise,,,,[],,,01/13/2022,04/16/2025
4507,nist_800_53,rev5,System and Information Integrity,SI-04,System Monitoring,mitigates,T1547.006,Kernel Modules and Extensions,16.1,enterprise,,,,[],,,01/13/2022,04/16/2025
4508,nist_800_53,rev5,System and Information Integrity,SI-04,System Monitoring,mitigates,T1547.007,Re-opened Applications,16.1,enterprise,,,,[],,,01/13/2022,04/16/2025
4509,nist_800_53,rev5,System and Information Integrity,SI-04,System Monitoring,mitigates,T1547.008,LSASS Driver,16.1,enterprise,,,,[],,,01/13/2022,04/16/2025
4510,nist_800_53,rev5,System and Information Integrity,SI-04,System Monitoring,mitigates,T1547.012,Print Processors,16.1,enterprise,,,,[],,,01/13/2022,04/16/2025
4511,nist_800_53,rev5,System and Information Integrity,SI-04,System Monitoring,mitigates,T1547.013,XDG Autostart Entries,16.1,enterprise,,,,[],,,01/13/2022,04/16/2025
4512,nist_800_53,rev5,System and Information Integrity,SI-04,System Monitoring,mitigates,T1548.001,Setuid and Setgid,16.1,enterprise,,,,[],,,01/13/2022,04/16/2025
4513,nist_800_53,rev5,System and Information Integrity,SI-04,System Monitoring,mitigates,T1548.002,Bypass User Account Control,16.1,enterprise,,,,[],,,01/13/2022,04/16/2025
4514,nist_800_53,rev5,System and Information Integrity,SI-04,System Monitoring,mitigates,T1548.003,Sudo and Sudo Caching,16.1,enterprise,,,,[],,,01/13/2022,04/16/2025
4515,nist_800_53,rev5,System and Information Integrity,SI-04,System Monitoring,mitigates,T1548.004,Elevated Execution with Prompt,16.1,enterprise,,,,[],,,01/13/2022,04/16/2025
4516,nist_800_53,rev5,System and Information Integrity,SI-04,System Monitoring,mitigates,T1550.003,Pass the Ticket,16.1,enterprise,,,,[],,,01/13/2022,04/16/2025
4517,nist_800_53,rev5,System and Information Integrity,SI-04,System Monitoring,mitigates,T1552.002,Credentials in Registry,16.1,enterprise,,,,[],,,01/13/2022,04/16/2025
4518,nist_800_53,rev5,System and Information Integrity,SI-04,System Monitoring,mitigates,T1552.003,Bash History,16.1,enterprise,,,,[],,,01/13/2022,04/16/2025
4519,nist_800_53,rev5,System and Information Integrity,SI-04,System Monitoring,mitigates,T1552.005,Cloud Instance Metadata API,16.1,enterprise,,,,[],,,01/13/2022,04/16/2025
4520,nist_800_53,rev5,System and Information Integrity,SI-04,System Monitoring,mitigates,T1552.006,Group Policy Preferences,16.1,enterprise,,,,[],,,01/13/2022,04/16/2025
4521,nist_800_53,rev5,System and Information Integrity,SI-04,System Monitoring,mitigates,T1552.008,Chat Messages,16.1,enterprise,,,,[],,,01/13/2022,04/16/2025
4522,nist_800_53,rev5,System and Information Integrity,SI-04,System Monitoring,mitigates,T1553.001,Gatekeeper Bypass,16.1,enterprise,,,,[],,,01/13/2022,04/16/2025
4523,nist_800_53,rev5,System and Information Integrity,SI-04,System Monitoring,mitigates,T1553.003,SIP and Trust Provider Hijacking,16.1,enterprise,,,,[],,,01/13/2022,04/16/2025
4524,nist_800_53,rev5,System and Information Integrity,SI-04,System Monitoring,mitigates,T1553.004,Install Root Certificate,16.1,enterprise,,,,[],,,01/13/2022,04/16/2025
4525,nist_800_53,rev5,System and Information Integrity,SI-04,System Monitoring,mitigates,T1553.005,Mark-of-the-Web Bypass,16.1,enterprise,,,,[],,,01/13/2022,04/16/2025
4526,nist_800_53,rev5,System and Information Integrity,SI-04,System Monitoring,mitigates,T1555.001,Keychain,16.1,enterprise,,,,[],,,01/13/2022,04/16/2025
4527,nist_800_53,rev5,System and Information Integrity,SI-04,System Monitoring,mitigates,T1555.004,Windows Credential Manager,16.1,enterprise,,,,[],,,01/13/2022,04/16/2025
4528,nist_800_53,rev5,System and Information Integrity,SI-04,System Monitoring,mitigates,T1556.002,Password Filter DLL,16.1,enterprise,,,,[],,,01/13/2022,04/16/2025
4529,nist_800_53,rev5,System and Information Integrity,SI-04,System Monitoring,mitigates,T1556.003,Pluggable Authentication Modules,16.1,enterprise,,,,[],,,01/13/2022,04/16/2025
4530,nist_800_53,rev5,System and Information Integrity,SI-04,System Monitoring,mitigates,T1556.004,Network Device Authentication,16.1,enterprise,,,,[],,,01/13/2022,04/16/2025
4531,nist_800_53,rev5,System and Information Integrity,SI-04,System Monitoring,mitigates,T1556.008,Network Provider DLL,16.1,enterprise,,,,[],,,01/13/2022,04/16/2025
4532,nist_800_53,rev5,System and Information Integrity,SI-04,System Monitoring,mitigates,T1557.001,LLMNR/NBT-NS Poisoning and SMB Relay,16.1,enterprise,,,,[],,,01/13/2022,04/16/2025
4533,nist_800_53,rev5,System and Information Integrity,SI-04,System Monitoring,mitigates,T1557.002,ARP Cache Poisoning,16.1,enterprise,,,,[],,,01/13/2022,04/16/2025
4534,nist_800_53,rev5,System and Information Integrity,SI-04,System Monitoring,mitigates,T1557.003,DHCP Spoofing,16.1,enterprise,,,,[],,,01/13/2022,04/16/2025
4535,nist_800_53,rev5,System and Information Integrity,SI-04,System Monitoring,mitigates,T1558.002,Silver Ticket,16.1,enterprise,,,,[],,,01/13/2022,04/16/2025
4536,nist_800_53,rev5,System and Information Integrity,SI-04,System Monitoring,mitigates,T1558.003,Kerberoasting,16.1,enterprise,,,,[],,,01/13/2022,04/16/2025
4537,nist_800_53,rev5,System and Information Integrity,SI-04,System Monitoring,mitigates,T1558.004,AS-REP Roasting,16.1,enterprise,,,,[],,,01/13/2022,04/16/2025
4538,nist_800_53,rev5,System and Information Integrity,SI-04,System Monitoring,mitigates,T1559,Inter-Process Communication,16.1,enterprise,,,,[],,,01/13/2022,04/16/2025
4539,nist_800_53,rev5,System and Information Integrity,SI-04,System Monitoring,mitigates,T1559.002,Dynamic Data Exchange,16.1,enterprise,,,,[],,,01/13/2022,04/16/2025
4540,nist_800_53,rev5,System and Information Integrity,SI-04,System Monitoring,mitigates,T1559.003,XPC Services,16.1,enterprise,,,,[],,,01/13/2022,04/16/2025
4541,nist_800_53,rev5,System and Information Integrity,SI-04,System Monitoring,mitigates,T1560.001,Archive via Utility,16.1,enterprise,,,,[],,,01/13/2022,04/16/2025
4542,nist_800_53,rev5,System and Information Integrity,SI-04,System Monitoring,mitigates,T1561,Disk Wipe,16.1,enterprise,,,,[],,,01/13/2022,04/16/2025
4543,nist_800_53,rev5,System and Information Integrity,SI-04,System Monitoring,mitigates,T1561.001,Disk Content Wipe,16.1,enterprise,,,,[],,,01/13/2022,04/16/2025
4544,nist_800_53,rev5,System and Information Integrity,SI-04,System Monitoring,mitigates,T1561.002,Disk Structure Wipe,16.1,enterprise,,,,[],,,01/13/2022,04/16/2025
4545,nist_800_53,rev5,System and Information Integrity,SI-04,System Monitoring,mitigates,T1562.001,Disable or Modify Tools,16.1,enterprise,,,,[],,,01/13/2022,04/16/2025
4546,nist_800_53,rev5,System and Information Integrity,SI-04,System Monitoring,mitigates,T1562.002,Disable Windows Event Logging,16.1,enterprise,,,,[],,,01/13/2022,04/16/2025
4547,nist_800_53,rev5,System and Information Integrity,SI-04,System Monitoring,mitigates,T1562.003,Impair Command History Logging,16.1,enterprise,,,,[],,,01/13/2022,04/16/2025
4548,nist_800_53,rev5,System and Information Integrity,SI-04,System Monitoring,mitigates,T1562.010,Downgrade Attack,16.1,enterprise,,,,[],,,01/13/2022,04/16/2025
4549,nist_800_53,rev5,System and Information Integrity,SI-04,System Monitoring,mitigates,T1562.011,Spoof Security Alerting,16.1,enterprise,,,,[],,,01/13/2022,04/16/2025
4550,nist_800_53,rev5,System and Information Integrity,SI-04,System Monitoring,mitigates,T1562.012,Disable or Modify Linux Audit System,16.1,enterprise,,,,[],,,01/13/2022,04/16/2025
4551,nist_800_53,rev5,System and Information Integrity,SI-04,System Monitoring,mitigates,T1563.001,SSH Hijacking,16.1,enterprise,,,,[],,,01/13/2022,04/16/2025
4552,nist_800_53,rev5,System and Information Integrity,SI-04,System Monitoring,mitigates,T1563.002,RDP Hijacking,16.1,enterprise,,,,[],,,01/13/2022,04/16/2025
4553,nist_800_53,rev5,System and Information Integrity,SI-04,System Monitoring,mitigates,T1564.002,Hidden Users,16.1,enterprise,,,,[],,,01/13/2022,04/16/2025
4554,nist_800_53,rev5,System and Information Integrity,SI-04,System Monitoring,mitigates,T1564.006,Run Virtual Instance,16.1,enterprise,,,,[],,,01/13/2022,04/16/2025
4555,nist_800_53,rev5,System and Information Integrity,SI-04,System Monitoring,mitigates,T1564.007,VBA Stomping,16.1,enterprise,,,,[],,,01/13/2022,04/16/2025
4556,nist_800_53,rev5,System and Information Integrity,SI-04,System Monitoring,mitigates,T1564.008,Email Hiding Rules,16.1,enterprise,,,,[],,,01/13/2022,04/16/2025
4557,nist_800_53,rev5,System and Information Integrity,SI-04,System Monitoring,mitigates,T1564.009,Resource Forking,16.1,enterprise,,,,[],,,01/13/2022,04/16/2025
4558,nist_800_53,rev5,System and Information Integrity,SI-04,System Monitoring,mitigates,T1564.010,Process Argument Spoofing,16.1,enterprise,,,,[],,,01/13/2022,04/16/2025
4559,nist_800_53,rev5,System and Information Integrity,SI-04,System Monitoring,mitigates,T1565.001,Stored Data Manipulation,16.1,enterprise,,,,[],,,01/13/2022,04/16/2025
4560,nist_800_53,rev5,System and Information Integrity,SI-04,System Monitoring,mitigates,T1565.002,Transmitted Data Manipulation,16.1,enterprise,,,,[],,,01/13/2022,04/16/2025
4561,nist_800_53,rev5,System and Information Integrity,SI-04,System Monitoring,mitigates,T1565.003,Runtime Data Manipulation,16.1,enterprise,,,,[],,,01/13/2022,04/16/2025
4562,nist_800_53,rev5,System and Information Integrity,SI-04,System Monitoring,mitigates,T1567,Exfiltration Over Web Service,16.1,enterprise,,,,[],,,01/13/2022,04/16/2025
4563,nist_800_53,rev5,System and Information Integrity,SI-04,System Monitoring,mitigates,T1568,Dynamic Resolution,16.1,enterprise,,,,[],,,01/13/2022,04/16/2025
4564,nist_800_53,rev5,System and Information Integrity,SI-04,System Monitoring,mitigates,T1568.002,Domain Generation Algorithms,16.1,enterprise,,,,[],,,01/13/2022,04/16/2025
4565,nist_800_53,rev5,System and Information Integrity,SI-04,System Monitoring,mitigates,T1569,System Services,16.1,enterprise,,,,[],,,01/13/2022,04/16/2025
4566,nist_800_53,rev5,System and Information Integrity,SI-04,System Monitoring,mitigates,T1569.002,Service Execution,16.1,enterprise,,,,[],,,01/13/2022,04/16/2025
4567,nist_800_53,rev5,System and Information Integrity,SI-04,System Monitoring,mitigates,T1570,Lateral Tool Transfer,16.1,enterprise,,,,[],,,01/13/2022,04/16/2025
4568,nist_800_53,rev5,System and Information Integrity,SI-04,System Monitoring,mitigates,T1571,Non-Standard Port,16.1,enterprise,,,,[],,,01/13/2022,04/16/2025
4569,nist_800_53,rev5,System and Information Integrity,SI-04,System Monitoring,mitigates,T1573.001,Symmetric Cryptography,16.1,enterprise,,,,[],,,01/13/2022,04/16/2025
4570,nist_800_53,rev5,System and Information Integrity,SI-04,System Monitoring,mitigates,T1573.002,Asymmetric Cryptography,16.1,enterprise,,,,[],,,01/13/2022,04/16/2025
4571,nist_800_53,rev5,System and Information Integrity,SI-04,System Monitoring,mitigates,T1574,Hijack Execution Flow,16.1,enterprise,,,,[],,,01/13/2022,04/16/2025
4572,nist_800_53,rev5,System and Information Integrity,SI-04,System Monitoring,mitigates,T1574.004,Dylib Hijacking,16.1,enterprise,,,,[],,,01/13/2022,04/16/2025
4573,nist_800_53,rev5,System and Information Integrity,SI-04,System Monitoring,mitigates,T1574.005,Executable Installer File Permissions Weakness,16.1,enterprise,,,,[],,,01/13/2022,04/16/2025
4574,nist_800_53,rev5,System and Information Integrity,SI-04,System Monitoring,mitigates,T1574.007,Path Interception by PATH Environment Variable,16.1,enterprise,,,,[],,,01/13/2022,04/16/2025
4575,nist_800_53,rev5,System and Information Integrity,SI-04,System Monitoring,mitigates,T1574.008,Path Interception by Search Order Hijacking,16.1,enterprise,,,,[],,,01/13/2022,04/16/2025
4576,nist_800_53,rev5,System and Information Integrity,SI-04,System Monitoring,mitigates,T1574.009,Path Interception by Unquoted Path,16.1,enterprise,,,,[],,,01/13/2022,04/16/2025
4577,nist_800_53,rev5,System and Information Integrity,SI-04,System Monitoring,mitigates,T1574.010,Services File Permissions Weakness,16.1,enterprise,,,,[],,,01/13/2022,04/16/2025
4578,nist_800_53,rev5,System and Information Integrity,SI-04,System Monitoring,mitigates,T1574.013,KernelCallbackTable,16.1,enterprise,,,,[],,,01/13/2022,04/16/2025
4579,nist_800_53,rev5,System and Information Integrity,SI-04,System Monitoring,mitigates,T1578,Modify Cloud Compute Infrastructure,16.1,enterprise,,,,[],,,01/13/2022,04/16/2025
4580,nist_800_53,rev5,System and Information Integrity,SI-04,System Monitoring,mitigates,T1578.001,Create Snapshot,16.1,enterprise,,,,[],,,01/13/2022,04/16/2025
4581,nist_800_53,rev5,System and Information Integrity,SI-04,System Monitoring,mitigates,T1578.002,Create Cloud Instance,16.1,enterprise,,,,[],,,01/13/2022,04/16/2025
4582,nist_800_53,rev5,System and Information Integrity,SI-04,System Monitoring,mitigates,T1578.003,Delete Cloud Instance,16.1,enterprise,,,,[],,,01/13/2022,04/16/2025
4583,nist_800_53,rev5,System and Information Integrity,SI-04,System Monitoring,mitigates,T1598,Phishing for Information,16.1,enterprise,,,,[],,,01/13/2022,04/16/2025
4584,nist_800_53,rev5,System and Information Integrity,SI-04,System Monitoring,mitigates,T1598.001,Spearphishing Service,16.1,enterprise,,,,[],,,01/13/2022,04/16/2025
4585,nist_800_53,rev5,System and Information Integrity,SI-04,System Monitoring,mitigates,T1598.002,Spearphishing Attachment,16.1,enterprise,,,,[],,,01/13/2022,04/16/2025
4586,nist_800_53,rev5,System and Information Integrity,SI-04,System Monitoring,mitigates,T1599,Network Boundary Bridging,16.1,enterprise,,,,[],,,01/13/2022,04/16/2025
4587,nist_800_53,rev5,System and Information Integrity,SI-04,System Monitoring,mitigates,T1599.001,Network Address Translation Traversal,16.1,enterprise,,,,[],,,01/13/2022,04/16/2025
4588,nist_800_53,rev5,System and Information Integrity,SI-04,System Monitoring,mitigates,T1601,Modify System Image,16.1,enterprise,,,,[],,,01/13/2022,04/16/2025
4589,nist_800_53,rev5,System and Information Integrity,SI-04,System Monitoring,mitigates,T1601.001,Patch System Image,16.1,enterprise,,,,[],,,01/13/2022,04/16/2025
4590,nist_800_53,rev5,System and Information Integrity,SI-04,System Monitoring,mitigates,T1601.002,Downgrade System Image,16.1,enterprise,,,,[],,,01/13/2022,04/16/2025
4591,nist_800_53,rev5,System and Information Integrity,SI-04,System Monitoring,mitigates,T1602,Data from Configuration Repository,16.1,enterprise,,,,[],,,01/13/2022,04/16/2025
4592,nist_800_53,rev5,System and Information Integrity,SI-04,System Monitoring,mitigates,T1602.001,SNMP (MIB Dump),16.1,enterprise,,,,[],,,01/13/2022,04/16/2025
4593,nist_800_53,rev5,System and Information Integrity,SI-04,System Monitoring,mitigates,T1602.002,Network Device Configuration Dump,16.1,enterprise,,,,[],,,01/13/2022,04/16/2025
4594,nist_800_53,rev5,System and Information Integrity,SI-04,System Monitoring,mitigates,T1612,Build Image on Host,16.1,enterprise,,,,[],,,01/13/2022,04/16/2025
4595,nist_800_53,rev5,System and Information Integrity,SI-04,System Monitoring,mitigates,T1613,Container and Resource Discovery,16.1,enterprise,,,,[],,,01/13/2022,04/16/2025
4596,nist_800_53,rev5,System and Information Integrity,SI-04,System Monitoring,mitigates,T1622,Debugger Evasion,16.1,enterprise,,,,[],,,01/13/2022,04/16/2025
4597,nist_800_53,rev5,System and Information Integrity,SI-04,System Monitoring,mitigates,T1647,Plist File Modification,16.1,enterprise,,,,[],,,01/13/2022,04/16/2025
4598,nist_800_53,rev5,System and Information Integrity,SI-04,System Monitoring,mitigates,T1653,Power Settings,16.1,enterprise,,,,[],,,01/13/2022,04/16/2025
4599,nist_800_53,rev5,Access Control,AC-04,Information Flow Enforcement,mitigates,T1001.002,Steganography,16.1,enterprise,,,,[],,,01/13/2022,04/16/2025
4600,nist_800_53,rev5,Access Control,AC-02,Account Management,mitigates,T1003.002,Security Account Manager,16.1,enterprise,,,,[],,,01/13/2022,04/16/2025
4601,nist_800_53,rev5,Access Control,AC-03,Access Enforcement,mitigates,T1003.002,Security Account Manager,16.1,enterprise,,,,[],,,01/13/2022,04/16/2025
4602,nist_800_53,rev5,Access Control,AC-05,Separation of Duties,mitigates,T1003.002,Security Account Manager,16.1,enterprise,,,,[],,,01/13/2022,04/16/2025
4603,nist_800_53,rev5,Access Control,AC-06,Least Privilege,mitigates,T1003.002,Security Account Manager,16.1,enterprise,,,,[],,,01/13/2022,04/16/2025
4604,nist_800_53,rev5,Access Control,AC-02,Account Management,mitigates,T1003.003,NTDS,16.1,enterprise,,,,[],,,01/13/2022,04/16/2025
4605,nist_800_53,rev5,Access Control,AC-03,Access Enforcement,mitigates,T1003.003,NTDS,16.1,enterprise,,,,[],,,01/13/2022,04/16/2025
4606,nist_800_53,rev5,Access Control,AC-05,Separation of Duties,mitigates,T1003.003,NTDS,16.1,enterprise,,,,[],,,01/13/2022,04/16/2025
4607,nist_800_53,rev5,Access Control,AC-06,Least Privilege,mitigates,T1003.003,NTDS,16.1,enterprise,,,,[],,,01/13/2022,04/16/2025
4608,nist_800_53,rev5,Access Control,AC-02,Account Management,mitigates,T1003.004,LSA Secrets,16.1,enterprise,,,,[],,,01/13/2022,04/16/2025
4609,nist_800_53,rev5,Access Control,AC-03,Access Enforcement,mitigates,T1003.004,LSA Secrets,16.1,enterprise,,,,[],,,01/13/2022,04/16/2025
4610,nist_800_53,rev5,Access Control,AC-05,Separation of Duties,mitigates,T1003.004,LSA Secrets,16.1,enterprise,,,,[],,,01/13/2022,04/16/2025
4611,nist_800_53,rev5,Access Control,AC-06,Least Privilege,mitigates,T1003.004,LSA Secrets,16.1,enterprise,,,,[],,,01/13/2022,04/16/2025
4612,nist_800_53,rev5,Access Control,AC-02,Account Management,mitigates,T1003.006,DCSync,16.1,enterprise,,,,[],,,01/13/2022,04/16/2025
4613,nist_800_53,rev5,Access Control,AC-03,Access Enforcement,mitigates,T1003.006,DCSync,16.1,enterprise,,,,[],,,01/13/2022,04/16/2025
4614,nist_800_53,rev5,Access Control,AC-04,Information Flow Enforcement,mitigates,T1003.006,DCSync,16.1,enterprise,,,,[],,,01/13/2022,04/16/2025
4615,nist_800_53,rev5,Access Control,AC-05,Separation of Duties,mitigates,T1003.006,DCSync,16.1,enterprise,,,,[],,,01/13/2022,04/16/2025
4616,nist_800_53,rev5,Access Control,AC-06,Least Privilege,mitigates,T1003.006,DCSync,16.1,enterprise,,,,[],,,01/13/2022,04/16/2025
4617,nist_800_53,rev5,Access Control,AC-02,Account Management,mitigates,T1003.008,/etc/passwd and /etc/shadow,16.1,enterprise,,,,[],,,01/13/2022,04/16/2025
4618,nist_800_53,rev5,Access Control,AC-03,Access Enforcement,mitigates,T1003.008,/etc/passwd and /etc/shadow,16.1,enterprise,,,,[],,,01/13/2022,04/16/2025
4619,nist_800_53,rev5,Access Control,AC-05,Separation of Duties,mitigates,T1003.008,/etc/passwd and /etc/shadow,16.1,enterprise,,,,[],,,01/13/2022,04/16/2025
4620,nist_800_53,rev5,Access Control,AC-06,Least Privilege,mitigates,T1003.008,/etc/passwd and /etc/shadow,16.1,enterprise,,,,[],,,01/13/2022,04/16/2025
4621,nist_800_53,rev5,Access Control,AC-03,Access Enforcement,mitigates,T1005,Data from Local System,16.1,enterprise,,,,[],,,01/13/2022,04/16/2025
4622,nist_800_53,rev5,Access Control,AC-06,Least Privilege,mitigates,T1005,Data from Local System,16.1,enterprise,,,,[],,,01/13/2022,04/16/2025
4623,nist_800_53,rev5,Access Control,AC-02,Account Management,mitigates,T1005,Data from Local System,16.1,enterprise,,,,[],,,01/13/2022,04/16/2025
4624,nist_800_53,rev5,Access Control,AC-04,Information Flow Enforcement,mitigates,T1008,Fallback Channels,16.1,enterprise,,,,[],,,01/13/2022,04/16/2025
4625,nist_800_53,rev5,Access Control,AC-11,Device Lock,mitigates,T1021.001,Remote Desktop Protocol,16.1,enterprise,,,,[],,,01/13/2022,04/16/2025
4626,nist_800_53,rev5,Access Control,AC-12,Session Termination,mitigates,T1021.001,Remote Desktop Protocol,16.1,enterprise,,,,[],,,01/13/2022,04/16/2025
4627,nist_800_53,rev5,Access Control,AC-02,Account Management,mitigates,T1021.001,Remote Desktop Protocol,16.1,enterprise,,,,[],,,01/13/2022,04/16/2025
4628,nist_800_53,rev5,Access Control,AC-03,Access Enforcement,mitigates,T1021.001,Remote Desktop Protocol,16.1,enterprise,,,,[],,,01/13/2022,04/16/2025
4629,nist_800_53,rev5,Access Control,AC-04,Information Flow Enforcement,mitigates,T1021.001,Remote Desktop Protocol,16.1,enterprise,,,,[],,,01/13/2022,04/16/2025
4630,nist_800_53,rev5,Access Control,AC-05,Separation of Duties,mitigates,T1021.001,Remote Desktop Protocol,16.1,enterprise,,,,[],,,01/13/2022,04/16/2025
4631,nist_800_53,rev5,Access Control,AC-06,Least Privilege,mitigates,T1021.001,Remote Desktop Protocol,16.1,enterprise,,,,[],,,01/13/2022,04/16/2025
4632,nist_800_53,rev5,Access Control,AC-07,Unsuccessful Logon Attempts,mitigates,T1021.001,Remote Desktop Protocol,16.1,enterprise,,,,[],,,01/13/2022,04/16/2025
4633,nist_800_53,rev5,Access Control,AC-02,Account Management,mitigates,T1021.002,SMB/Windows Admin Shares,16.1,enterprise,,,,[],,,01/13/2022,04/16/2025
4634,nist_800_53,rev5,Access Control,AC-03,Access Enforcement,mitigates,T1021.002,SMB/Windows Admin Shares,16.1,enterprise,,,,[],,,01/13/2022,04/16/2025
4635,nist_800_53,rev5,Access Control,AC-04,Information Flow Enforcement,mitigates,T1021.002,SMB/Windows Admin Shares,16.1,enterprise,,,,[],,,01/13/2022,04/16/2025
4636,nist_800_53,rev5,Access Control,AC-05,Separation of Duties,mitigates,T1021.002,SMB/Windows Admin Shares,16.1,enterprise,,,,[],,,01/13/2022,04/16/2025
4637,nist_800_53,rev5,Access Control,AC-06,Least Privilege,mitigates,T1021.002,SMB/Windows Admin Shares,16.1,enterprise,,,,[],,,01/13/2022,04/16/2025
4638,nist_800_53,rev5,Access Control,AC-02,Account Management,mitigates,T1021.003,Distributed Component Object Model,16.1,enterprise,,,,[],,,01/13/2022,04/16/2025
4639,nist_800_53,rev5,Access Control,AC-03,Access Enforcement,mitigates,T1021.003,Distributed Component Object Model,16.1,enterprise,,,,[],,,01/13/2022,04/16/2025
4640,nist_800_53,rev5,Access Control,AC-04,Information Flow Enforcement,mitigates,T1021.003,Distributed Component Object Model,16.1,enterprise,,,,[],,,01/13/2022,04/16/2025
4641,nist_800_53,rev5,Access Control,AC-05,Separation of Duties,mitigates,T1021.003,Distributed Component Object Model,16.1,enterprise,,,,[],,,01/13/2022,04/16/2025
4642,nist_800_53,rev5,Access Control,AC-06,Least Privilege,mitigates,T1021.003,Distributed Component Object Model,16.1,enterprise,,,,[],,,01/13/2022,04/16/2025
4643,nist_800_53,rev5,Access Control,AC-02,Account Management,mitigates,T1021.004,SSH,16.1,enterprise,,,,[],,,01/13/2022,04/16/2025
4644,nist_800_53,rev5,Access Control,AC-03,Access Enforcement,mitigates,T1021.004,SSH,16.1,enterprise,,,,[],,,01/13/2022,04/16/2025
4645,nist_800_53,rev5,Access Control,AC-05,Separation of Duties,mitigates,T1021.004,SSH,16.1,enterprise,,,,[],,,01/13/2022,04/16/2025
4646,nist_800_53,rev5,Access Control,AC-06,Least Privilege,mitigates,T1021.004,SSH,16.1,enterprise,,,,[],,,01/13/2022,04/16/2025
4647,nist_800_53,rev5,Access Control,AC-07,Unsuccessful Logon Attempts,mitigates,T1021.004,SSH,16.1,enterprise,,,,[],,,01/13/2022,04/16/2025
4648,nist_800_53,rev5,Access Control,AC-02,Account Management,mitigates,T1021.005,VNC,16.1,enterprise,,,,[],,,01/13/2022,04/16/2025
4649,nist_800_53,rev5,Access Control,AC-03,Access Enforcement,mitigates,T1021.005,VNC,16.1,enterprise,,,,[],,,01/13/2022,04/16/2025
4650,nist_800_53,rev5,Access Control,AC-04,Information Flow Enforcement,mitigates,T1021.005,VNC,16.1,enterprise,,,,[],,,01/13/2022,04/16/2025
4651,nist_800_53,rev5,Access Control,AC-06,Least Privilege,mitigates,T1021.005,VNC,16.1,enterprise,,,,[],,,01/13/2022,04/16/2025
4652,nist_800_53,rev5,Access Control,AC-02,Account Management,mitigates,T1021.006,Windows Remote Management,16.1,enterprise,,,,[],,,01/13/2022,04/16/2025
4653,nist_800_53,rev5,Access Control,AC-03,Access Enforcement,mitigates,T1021.006,Windows Remote Management,16.1,enterprise,,,,[],,,01/13/2022,04/16/2025
4654,nist_800_53,rev5,Access Control,AC-04,Information Flow Enforcement,mitigates,T1021.006,Windows Remote Management,16.1,enterprise,,,,[],,,01/13/2022,04/16/2025
4655,nist_800_53,rev5,Access Control,AC-05,Separation of Duties,mitigates,T1021.006,Windows Remote Management,16.1,enterprise,,,,[],,,01/13/2022,04/16/2025
4656,nist_800_53,rev5,Access Control,AC-06,Least Privilege,mitigates,T1021.006,Windows Remote Management,16.1,enterprise,,,,[],,,01/13/2022,04/16/2025
4657,nist_800_53,rev5,Access Control,AC-03,Access Enforcement,mitigates,T1021.007,Cloud Services,16.1,enterprise,,,,[],,,01/13/2022,04/16/2025
4658,nist_800_53,rev5,Access Control,AC-05,Separation of Duties,mitigates,T1021.007,Cloud Services,16.1,enterprise,,,,[],,,01/13/2022,04/16/2025
4659,nist_800_53,rev5,Access Control,AC-06,Least Privilege,mitigates,T1021.007,Cloud Services,16.1,enterprise,,,,[],,,01/13/2022,04/16/2025
4660,nist_800_53,rev5,Access Control,AC-02,Account Management,mitigates,T1021.007,Cloud Services,16.1,enterprise,,,,[],,,01/13/2022,04/16/2025
4661,nist_800_53,rev5,Access Control,AC-03,Access Enforcement,mitigates,T1021.008,Direct Cloud VM Connections,16.1,enterprise,,,,[],,,01/13/2022,04/16/2025
4662,nist_800_53,rev5,Access Control,AC-06,Least Privilege,mitigates,T1021.008,Direct Cloud VM Connections,16.1,enterprise,,,,[],,,01/13/2022,04/16/2025
4663,nist_800_53,rev5,Access Control,AC-02,Account Management,mitigates,T1021.008,Direct Cloud VM Connections,16.1,enterprise,,,,[],,,01/13/2022,04/16/2025
4664,nist_800_53,rev5,Access Control,AC-02,Account Management,mitigates,T1025,Data from Removable Media,16.1,enterprise,,,,[],,,01/13/2022,04/16/2025
4665,nist_800_53,rev5,Access Control,AC-03,Access Enforcement,mitigates,T1025,Data from Removable Media,16.1,enterprise,,,,[],,,01/13/2022,04/16/2025
4666,nist_800_53,rev5,Access Control,AC-06,Least Privilege,mitigates,T1025,Data from Removable Media,16.1,enterprise,,,,[],,,01/13/2022,04/16/2025
4667,nist_800_53,rev5,Access Control,AC-04,Information Flow Enforcement,mitigates,T1029,Scheduled Transfer,16.1,enterprise,,,,[],,,01/13/2022,04/16/2025
4668,nist_800_53,rev5,Access Control,AC-04,Information Flow Enforcement,mitigates,T1030,Data Transfer Size Limits,16.1,enterprise,,,,[],,,01/13/2022,04/16/2025
4669,nist_800_53,rev5,Access Control,AC-02,Account Management,mitigates,T1036.003,Rename System Utilities,16.1,enterprise,,,,[],,,01/13/2022,04/16/2025
4670,nist_800_53,rev5,Access Control,AC-03,Access Enforcement,mitigates,T1036.003,Rename System Utilities,16.1,enterprise,,,,[],,,01/13/2022,04/16/2025
4671,nist_800_53,rev5,Access Control,AC-06,Least Privilege,mitigates,T1036.003,Rename System Utilities,16.1,enterprise,,,,[],,,01/13/2022,04/16/2025
4672,nist_800_53,rev5,Access Control,AC-02,Account Management,mitigates,T1036.005,Match Legitimate Name or Location,16.1,enterprise,,,,[],,,01/13/2022,04/16/2025
4673,nist_800_53,rev5,Access Control,AC-03,Access Enforcement,mitigates,T1036.005,Match Legitimate Name or Location,16.1,enterprise,,,,[],,,01/13/2022,04/16/2025
4674,nist_800_53,rev5,Access Control,AC-06,Least Privilege,mitigates,T1036.005,Match Legitimate Name or Location,16.1,enterprise,,,,[],,,01/13/2022,04/16/2025
4675,nist_800_53,rev5,Access Control,AC-03,Access Enforcement,mitigates,T1037.002,Login Hook,16.1,enterprise,,,,[],,,01/13/2022,04/16/2025
4676,nist_800_53,rev5,Access Control,AC-03,Access Enforcement,mitigates,T1037.003,Network Logon Script,16.1,enterprise,,,,[],,,01/13/2022,04/16/2025
4677,nist_800_53,rev5,Access Control,AC-03,Access Enforcement,mitigates,T1037.004,RC Scripts,16.1,enterprise,,,,[],,,01/13/2022,04/16/2025
4678,nist_800_53,rev5,Access Control,AC-03,Access Enforcement,mitigates,T1037.005,Startup Items,16.1,enterprise,,,,[],,,01/13/2022,04/16/2025
4679,nist_800_53,rev5,Access Control,AC-02,Account Management,mitigates,T1041,Exfiltration Over C2 Channel,16.1,enterprise,,,,[],,,01/13/2022,04/16/2025
4680,nist_800_53,rev5,Access Control,AC-03,Access Enforcement,mitigates,T1041,Exfiltration Over C2 Channel,16.1,enterprise,,,,[],,,01/13/2022,04/16/2025
4681,nist_800_53,rev5,Access Control,AC-04,Information Flow Enforcement,mitigates,T1041,Exfiltration Over C2 Channel,16.1,enterprise,,,,[],,,01/13/2022,04/16/2025
4682,nist_800_53,rev5,Access Control,AC-06,Least Privilege,mitigates,T1041,Exfiltration Over C2 Channel,16.1,enterprise,,,,[],,,01/13/2022,04/16/2025
4683,nist_800_53,rev5,Access Control,AC-04,Information Flow Enforcement,mitigates,T1046,Network Service Discovery,16.1,enterprise,,,,[],,,01/13/2022,04/16/2025
4684,nist_800_53,rev5,Access Control,AC-02,Account Management,mitigates,T1048,Exfiltration Over Alternative Protocol,16.1,enterprise,,,,[],,,01/13/2022,04/16/2025
4685,nist_800_53,rev5,Access Control,AC-03,Access Enforcement,mitigates,T1048,Exfiltration Over Alternative Protocol,16.1,enterprise,,,,[],,,01/13/2022,04/16/2025
4686,nist_800_53,rev5,Access Control,AC-04,Information Flow Enforcement,mitigates,T1048,Exfiltration Over Alternative Protocol,16.1,enterprise,,,,[],,,01/13/2022,04/16/2025
4687,nist_800_53,rev5,Access Control,AC-06,Least Privilege,mitigates,T1048,Exfiltration Over Alternative Protocol,16.1,enterprise,,,,[],,,01/13/2022,04/16/2025
4688,nist_800_53,rev5,Access Control,AC-03,Access Enforcement,mitigates,T1048.001,Exfiltration Over Symmetric Encrypted Non-C2 Protocol,16.1,enterprise,,,,[],,,01/13/2022,04/16/2025
4689,nist_800_53,rev5,Access Control,AC-04,Information Flow Enforcement,mitigates,T1048.001,Exfiltration Over Symmetric Encrypted Non-C2 Protocol,16.1,enterprise,,,,[],,,01/13/2022,04/16/2025
4690,nist_800_53,rev5,Access Control,AC-02,Account Management,mitigates,T1048.002,Exfiltration Over Asymmetric Encrypted Non-C2 Protocol,16.1,enterprise,,,,[],,,01/13/2022,04/16/2025
4691,nist_800_53,rev5,Access Control,AC-03,Access Enforcement,mitigates,T1048.002,Exfiltration Over Asymmetric Encrypted Non-C2 Protocol,16.1,enterprise,,,,[],,,01/13/2022,04/16/2025
4692,nist_800_53,rev5,Access Control,AC-04,Information Flow Enforcement,mitigates,T1048.002,Exfiltration Over Asymmetric Encrypted Non-C2 Protocol,16.1,enterprise,,,,[],,,01/13/2022,04/16/2025
4693,nist_800_53,rev5,Access Control,AC-06,Least Privilege,mitigates,T1048.002,Exfiltration Over Asymmetric Encrypted Non-C2 Protocol,16.1,enterprise,,,,[],,,01/13/2022,04/16/2025
4694,nist_800_53,rev5,Access Control,AC-03,Access Enforcement,mitigates,T1048.003,Exfiltration Over Unencrypted Non-C2 Protocol,16.1,enterprise,,,,[],,,01/13/2022,04/16/2025
4695,nist_800_53,rev5,Access Control,AC-04,Information Flow Enforcement,mitigates,T1048.003,Exfiltration Over Unencrypted Non-C2 Protocol,16.1,enterprise,,,,[],,,01/13/2022,04/16/2025
4696,nist_800_53,rev5,Access Control,AC-06,Least Privilege,mitigates,T1048.003,Exfiltration Over Unencrypted Non-C2 Protocol,16.1,enterprise,,,,[],,,01/13/2022,04/16/2025
4697,nist_800_53,rev5,Access Control,AC-02,Account Management,mitigates,T1048.003,Exfiltration Over Unencrypted Non-C2 Protocol,16.1,enterprise,,,,[],,,01/13/2022,04/16/2025
4698,nist_800_53,rev5,Access Control,AC-02,Account Management,mitigates,T1052,Exfiltration Over Physical Medium,16.1,enterprise,,,,[],,,01/13/2022,04/16/2025
4699,nist_800_53,rev5,Access Control,AC-03,Access Enforcement,mitigates,T1052,Exfiltration Over Physical Medium,16.1,enterprise,,,,[],,,01/13/2022,04/16/2025
4700,nist_800_53,rev5,Access Control,AC-06,Least Privilege,mitigates,T1052,Exfiltration Over Physical Medium,16.1,enterprise,,,,[],,,01/13/2022,04/16/2025
4701,nist_800_53,rev5,Access Control,AC-02,Account Management,mitigates,T1052.001,Exfiltration over USB,16.1,enterprise,,,,[],,,01/13/2022,04/16/2025
4702,nist_800_53,rev5,Access Control,AC-03,Access Enforcement,mitigates,T1052.001,Exfiltration over USB,16.1,enterprise,,,,[],,,01/13/2022,04/16/2025
4703,nist_800_53,rev5,Access Control,AC-06,Least Privilege,mitigates,T1052.001,Exfiltration over USB,16.1,enterprise,,,,[],,,01/13/2022,04/16/2025
4704,nist_800_53,rev5,Access Control,AC-02,Account Management,mitigates,T1053.003,Cron,16.1,enterprise,,,,[],,,01/13/2022,04/16/2025
4705,nist_800_53,rev5,Access Control,AC-03,Access Enforcement,mitigates,T1053.003,Cron,16.1,enterprise,,,,[],,,01/13/2022,04/16/2025
4706,nist_800_53,rev5,Access Control,AC-05,Separation of Duties,mitigates,T1053.003,Cron,16.1,enterprise,,,,[],,,01/13/2022,04/16/2025
4707,nist_800_53,rev5,Access Control,AC-06,Least Privilege,mitigates,T1053.003,Cron,16.1,enterprise,,,,[],,,01/13/2022,04/16/2025
4708,nist_800_53,rev5,Access Control,AC-02,Account Management,mitigates,T1053.006,Systemd Timers,16.1,enterprise,,,,[],,,01/13/2022,04/16/2025
4709,nist_800_53,rev5,Access Control,AC-03,Access Enforcement,mitigates,T1053.006,Systemd Timers,16.1,enterprise,,,,[],,,01/13/2022,04/16/2025
4710,nist_800_53,rev5,Access Control,AC-05,Separation of Duties,mitigates,T1053.006,Systemd Timers,16.1,enterprise,,,,[],,,01/13/2022,04/16/2025
4711,nist_800_53,rev5,Access Control,AC-06,Least Privilege,mitigates,T1053.006,Systemd Timers,16.1,enterprise,,,,[],,,01/13/2022,04/16/2025
4712,nist_800_53,rev5,Access Control,AC-02,Account Management,mitigates,T1053.007,Container Orchestration Job,16.1,enterprise,,,,[],,,01/13/2022,04/16/2025
4713,nist_800_53,rev5,Access Control,AC-03,Access Enforcement,mitigates,T1053.007,Container Orchestration Job,16.1,enterprise,,,,[],,,01/13/2022,04/16/2025
4714,nist_800_53,rev5,Access Control,AC-05,Separation of Duties,mitigates,T1053.007,Container Orchestration Job,16.1,enterprise,,,,[],,,01/13/2022,04/16/2025
4715,nist_800_53,rev5,Access Control,AC-06,Least Privilege,mitigates,T1053.007,Container Orchestration Job,16.1,enterprise,,,,[],,,01/13/2022,04/16/2025
4716,nist_800_53,rev5,Access Control,AC-02,Account Management,mitigates,T1055,Process Injection,16.1,enterprise,,,,[],,,01/13/2022,04/16/2025
4717,nist_800_53,rev5,Access Control,AC-03,Access Enforcement,mitigates,T1055,Process Injection,16.1,enterprise,,,,[],,,01/13/2022,04/16/2025
4718,nist_800_53,rev5,Access Control,AC-05,Separation of Duties,mitigates,T1055,Process Injection,16.1,enterprise,,,,[],,,01/13/2022,04/16/2025
4719,nist_800_53,rev5,Access Control,AC-06,Least Privilege,mitigates,T1055,Process Injection,16.1,enterprise,,,,[],,,01/13/2022,04/16/2025
4720,nist_800_53,rev5,Access Control,AC-06,Least Privilege,mitigates,T1055.001,Dynamic-link Library Injection,16.1,enterprise,,,,[],,,01/13/2022,04/16/2025
4721,nist_800_53,rev5,Access Control,AC-06,Least Privilege,mitigates,T1055.002,Portable Executable Injection,16.1,enterprise,,,,[],,,01/13/2022,04/16/2025
4722,nist_800_53,rev5,Access Control,AC-06,Least Privilege,mitigates,T1055.003,Thread Execution Hijacking,16.1,enterprise,,,,[],,,01/13/2022,04/16/2025
4723,nist_800_53,rev5,Access Control,AC-06,Least Privilege,mitigates,T1055.004,Asynchronous Procedure Call,16.1,enterprise,,,,[],,,01/13/2022,04/16/2025
4724,nist_800_53,rev5,Access Control,AC-06,Least Privilege,mitigates,T1055.005,Thread Local Storage,16.1,enterprise,,,,[],,,01/13/2022,04/16/2025
4725,nist_800_53,rev5,Access Control,AC-02,Account Management,mitigates,T1055.008,Ptrace System Calls,16.1,enterprise,,,,[],,,01/13/2022,04/16/2025
4726,nist_800_53,rev5,Access Control,AC-03,Access Enforcement,mitigates,T1055.008,Ptrace System Calls,16.1,enterprise,,,,[],,,01/13/2022,04/16/2025
4727,nist_800_53,rev5,Access Control,AC-05,Separation of Duties,mitigates,T1055.008,Ptrace System Calls,16.1,enterprise,,,,[],,,01/13/2022,04/16/2025
4728,nist_800_53,rev5,Access Control,AC-06,Least Privilege,mitigates,T1055.008,Ptrace System Calls,16.1,enterprise,,,,[],,,01/13/2022,04/16/2025
4729,nist_800_53,rev5,Access Control,AC-03,Access Enforcement,mitigates,T1055.009,Proc Memory,16.1,enterprise,,,,[],,,01/13/2022,04/16/2025
4730,nist_800_53,rev5,Access Control,AC-06,Least Privilege,mitigates,T1055.009,Proc Memory,16.1,enterprise,,,,[],,,01/13/2022,04/16/2025
4731,nist_800_53,rev5,Access Control,AC-06,Least Privilege,mitigates,T1055.011,Extra Window Memory Injection,16.1,enterprise,,,,[],,,01/13/2022,04/16/2025
4732,nist_800_53,rev5,Access Control,AC-06,Least Privilege,mitigates,T1055.012,Process Hollowing,16.1,enterprise,,,,[],,,01/13/2022,04/16/2025
4733,nist_800_53,rev5,Access Control,AC-06,Least Privilege,mitigates,T1055.013,Process Doppelgänging,16.1,enterprise,,,,[],,,01/13/2022,04/16/2025
4734,nist_800_53,rev5,Access Control,AC-06,Least Privilege,mitigates,T1055.014,VDSO Hijacking,16.1,enterprise,,,,[],,,01/13/2022,04/16/2025
4735,nist_800_53,rev5,Access Control,AC-02,Account Management,mitigates,T1056.003,Web Portal Capture,16.1,enterprise,,,,[],,,01/13/2022,04/16/2025
4736,nist_800_53,rev5,Access Control,AC-03,Access Enforcement,mitigates,T1056.003,Web Portal Capture,16.1,enterprise,,,,[],,,01/13/2022,04/16/2025
4737,nist_800_53,rev5,Access Control,AC-05,Separation of Duties,mitigates,T1056.003,Web Portal Capture,16.1,enterprise,,,,[],,,01/13/2022,04/16/2025
4738,nist_800_53,rev5,Access Control,AC-06,Least Privilege,mitigates,T1056.003,Web Portal Capture,16.1,enterprise,,,,[],,,01/13/2022,04/16/2025
4739,nist_800_53,rev5,Access Control,AC-02,Account Management,mitigates,T1059.001,PowerShell,16.1,enterprise,,,,[],,,01/13/2022,04/16/2025
4740,nist_800_53,rev5,Access Control,AC-03,Access Enforcement,mitigates,T1059.001,PowerShell,16.1,enterprise,,,,[],,,01/13/2022,04/16/2025
4741,nist_800_53,rev5,Access Control,AC-05,Separation of Duties,mitigates,T1059.001,PowerShell,16.1,enterprise,,,,[],,,01/13/2022,04/16/2025
4742,nist_800_53,rev5,Access Control,AC-06,Least Privilege,mitigates,T1059.001,PowerShell,16.1,enterprise,,,,[],,,01/13/2022,04/16/2025
4743,nist_800_53,rev5,Access Control,AC-02,Account Management,mitigates,T1059.002,AppleScript,16.1,enterprise,,,,[],,,01/13/2022,04/16/2025
4744,nist_800_53,rev5,Access Control,AC-03,Access Enforcement,mitigates,T1059.002,AppleScript,16.1,enterprise,,,,[],,,01/13/2022,04/16/2025
4745,nist_800_53,rev5,Access Control,AC-06,Least Privilege,mitigates,T1059.002,AppleScript,16.1,enterprise,,,,[],,,01/13/2022,04/16/2025
4746,nist_800_53,rev5,Access Control,AC-02,Account Management,mitigates,T1059.003,Windows Command Shell,16.1,enterprise,,,,[],,,01/13/2022,04/16/2025
4747,nist_800_53,rev5,Access Control,AC-03,Access Enforcement,mitigates,T1059.003,Windows Command Shell,16.1,enterprise,,,,[],,,01/13/2022,04/16/2025
4748,nist_800_53,rev5,Access Control,AC-06,Least Privilege,mitigates,T1059.003,Windows Command Shell,16.1,enterprise,,,,[],,,01/13/2022,04/16/2025
4749,nist_800_53,rev5,Access Control,AC-02,Account Management,mitigates,T1059.004,Unix Shell,16.1,enterprise,,,,[],,,01/13/2022,04/16/2025
4750,nist_800_53,rev5,Access Control,AC-03,Access Enforcement,mitigates,T1059.004,Unix Shell,16.1,enterprise,,,,[],,,01/13/2022,04/16/2025
4751,nist_800_53,rev5,Access Control,AC-06,Least Privilege,mitigates,T1059.004,Unix Shell,16.1,enterprise,,,,[],,,01/13/2022,04/16/2025
4752,nist_800_53,rev5,Access Control,AC-02,Account Management,mitigates,T1059.005,Visual Basic,16.1,enterprise,,,,[],,,01/13/2022,04/16/2025
4753,nist_800_53,rev5,Access Control,AC-03,Access Enforcement,mitigates,T1059.005,Visual Basic,16.1,enterprise,,,,[],,,01/13/2022,04/16/2025
4754,nist_800_53,rev5,Access Control,AC-06,Least Privilege,mitigates,T1059.005,Visual Basic,16.1,enterprise,,,,[],,,01/13/2022,04/16/2025
4755,nist_800_53,rev5,Access Control,AC-02,Account Management,mitigates,T1059.007,JavaScript,16.1,enterprise,,,,[],,,01/13/2022,04/16/2025
4756,nist_800_53,rev5,Access Control,AC-03,Access Enforcement,mitigates,T1059.007,JavaScript,16.1,enterprise,,,,[],,,01/13/2022,04/16/2025
4757,nist_800_53,rev5,Access Control,AC-06,Least Privilege,mitigates,T1059.007,JavaScript,16.1,enterprise,,,,[],,,01/13/2022,04/16/2025
4758,nist_800_53,rev5,Access Control,AC-02,Account Management,mitigates,T1059.008,Network Device CLI,16.1,enterprise,,,,[],,,01/13/2022,04/16/2025
4759,nist_800_53,rev5,Access Control,AC-03,Access Enforcement,mitigates,T1059.008,Network Device CLI,16.1,enterprise,,,,[],,,01/13/2022,04/16/2025
4760,nist_800_53,rev5,Access Control,AC-05,Separation of Duties,mitigates,T1059.008,Network Device CLI,16.1,enterprise,,,,[],,,01/13/2022,04/16/2025
4761,nist_800_53,rev5,Access Control,AC-06,Least Privilege,mitigates,T1059.008,Network Device CLI,16.1,enterprise,,,,[],,,01/13/2022,04/16/2025
4762,nist_800_53,rev5,Access Control,AC-06,Least Privilege,mitigates,T1059.009,Cloud API,16.1,enterprise,,,,[],,,01/13/2022,04/16/2025
4763,nist_800_53,rev5,Access Control,AC-03,Access Enforcement,mitigates,T1059.009,Cloud API,16.1,enterprise,,,,[],,,01/13/2022,04/16/2025
4764,nist_800_53,rev5,Access Control,AC-02,Account Management,mitigates,T1059.009,Cloud API,16.1,enterprise,,,,[],,,01/13/2022,04/16/2025
4765,nist_800_53,rev5,Access Control,AC-02,Account Management,mitigates,T1068,Exploitation for Privilege Escalation,16.1,enterprise,,,,[],,,01/13/2022,04/16/2025
4766,nist_800_53,rev5,Access Control,AC-04,Information Flow Enforcement,mitigates,T1068,Exploitation for Privilege Escalation,16.1,enterprise,,,,[],,,01/13/2022,04/16/2025
4767,nist_800_53,rev5,Access Control,AC-06,Least Privilege,mitigates,T1068,Exploitation for Privilege Escalation,16.1,enterprise,,,,[],,,01/13/2022,04/16/2025
4768,nist_800_53,rev5,Access Control,AC-02,Account Management,mitigates,T1070,Indicator Removal,16.1,enterprise,,,,[],,,01/13/2022,04/16/2025
4769,nist_800_53,rev5,Access Control,AC-03,Access Enforcement,mitigates,T1070,Indicator Removal,16.1,enterprise,,,,[],,,01/13/2022,04/16/2025
4770,nist_800_53,rev5,Access Control,AC-05,Separation of Duties,mitigates,T1070,Indicator Removal,16.1,enterprise,,,,[],,,01/13/2022,04/16/2025
4771,nist_800_53,rev5,Access Control,AC-06,Least Privilege,mitigates,T1070,Indicator Removal,16.1,enterprise,,,,[],,,01/13/2022,04/16/2025
4772,nist_800_53,rev5,Access Control,AC-02,Account Management,mitigates,T1070.002,Clear Linux or Mac System Logs,16.1,enterprise,,,,[],,,01/13/2022,04/16/2025
4773,nist_800_53,rev5,Access Control,AC-03,Access Enforcement,mitigates,T1070.002,Clear Linux or Mac System Logs,16.1,enterprise,,,,[],,,01/13/2022,04/16/2025
4774,nist_800_53,rev5,Access Control,AC-05,Separation of Duties,mitigates,T1070.002,Clear Linux or Mac System Logs,16.1,enterprise,,,,[],,,01/13/2022,04/16/2025
4775,nist_800_53,rev5,Access Control,AC-06,Least Privilege,mitigates,T1070.002,Clear Linux or Mac System Logs,16.1,enterprise,,,,[],,,01/13/2022,04/16/2025
4776,nist_800_53,rev5,Access Control,AC-02,Account Management,mitigates,T1070.007,Clear Network Connection History and Configurations,16.1,enterprise,,,,[],,,01/13/2022,04/16/2025
4777,nist_800_53,rev5,Access Control,AC-03,Access Enforcement,mitigates,T1070.007,Clear Network Connection History and Configurations,16.1,enterprise,,,,[],,,01/13/2022,04/16/2025
4778,nist_800_53,rev5,Access Control,AC-05,Separation of Duties,mitigates,T1070.007,Clear Network Connection History and Configurations,16.1,enterprise,,,,[],,,01/13/2022,04/16/2025
4779,nist_800_53,rev5,Access Control,AC-06,Least Privilege,mitigates,T1070.007,Clear Network Connection History and Configurations,16.1,enterprise,,,,[],,,01/13/2022,04/16/2025
4780,nist_800_53,rev5,Access Control,AC-04,Information Flow Enforcement,mitigates,T1070.008,Clear Mailbox Data,16.1,enterprise,,,,[],,,01/13/2022,04/16/2025
4781,nist_800_53,rev5,Access Control,AC-02,Account Management,mitigates,T1070.008,Clear Mailbox Data,16.1,enterprise,,,,[],,,01/13/2022,04/16/2025
4782,nist_800_53,rev5,Access Control,AC-03,Access Enforcement,mitigates,T1070.008,Clear Mailbox Data,16.1,enterprise,,,,[],,,01/13/2022,04/16/2025
4783,nist_800_53,rev5,Access Control,AC-05,Separation of Duties,mitigates,T1070.008,Clear Mailbox Data,16.1,enterprise,,,,[],,,01/13/2022,04/16/2025
4784,nist_800_53,rev5,Access Control,AC-06,Least Privilege,mitigates,T1070.008,Clear Mailbox Data,16.1,enterprise,,,,[],,,01/13/2022,04/16/2025
4785,nist_800_53,rev5,Access Control,AC-03,Access Enforcement,mitigates,T1070.009,Clear Persistence,16.1,enterprise,,,,[],,,01/13/2022,04/16/2025
4786,nist_800_53,rev5,Access Control,AC-05,Separation of Duties,mitigates,T1070.009,Clear Persistence,16.1,enterprise,,,,[],,,01/13/2022,04/16/2025
4787,nist_800_53,rev5,Access Control,AC-06,Least Privilege,mitigates,T1070.009,Clear Persistence,16.1,enterprise,,,,[],,,01/13/2022,04/16/2025
4788,nist_800_53,rev5,Access Control,AC-04,Information Flow Enforcement,mitigates,T1071.001,Web Protocols,16.1,enterprise,,,,[],,,01/13/2022,04/16/2025
4789,nist_800_53,rev5,Access Control,AC-03,Access Enforcement,mitigates,T1071.004,DNS,16.1,enterprise,,,,[],,,01/13/2022,04/16/2025
4790,nist_800_53,rev5,Access Control,AC-04,Information Flow Enforcement,mitigates,T1071.004,DNS,16.1,enterprise,,,,[],,,01/13/2022,04/16/2025
4791,nist_800_53,rev5,Access Control,AC-02,Account Management,mitigates,T1078.002,Domain Accounts,16.1,enterprise,,,,[],,,01/13/2022,04/16/2025
4792,nist_800_53,rev5,Access Control,AC-03,Access Enforcement,mitigates,T1078.002,Domain Accounts,16.1,enterprise,,,,[],,,01/13/2022,04/16/2025
4793,nist_800_53,rev5,Access Control,AC-05,Separation of Duties,mitigates,T1078.002,Domain Accounts,16.1,enterprise,,,,[],,,01/13/2022,04/16/2025
4794,nist_800_53,rev5,Access Control,AC-06,Least Privilege,mitigates,T1078.002,Domain Accounts,16.1,enterprise,,,,[],,,01/13/2022,04/16/2025
4795,nist_800_53,rev5,Access Control,AC-07,Unsuccessful Logon Attempts,mitigates,T1078.002,Domain Accounts,16.1,enterprise,,,,[],,,01/13/2022,04/16/2025
4796,nist_800_53,rev5,Access Control,AC-03,Access Enforcement,mitigates,T1080,Taint Shared Content,16.1,enterprise,,,,[],,,01/13/2022,04/16/2025
4797,nist_800_53,rev5,Access Control,AC-02,Account Management,mitigates,T1087.004,Cloud Account,16.1,enterprise,,,,[],,,01/13/2022,04/16/2025
4798,nist_800_53,rev5,Access Control,AC-03,Access Enforcement,mitigates,T1087.004,Cloud Account,16.1,enterprise,,,,[],,,01/13/2022,04/16/2025
4799,nist_800_53,rev5,Access Control,AC-05,Separation of Duties,mitigates,T1087.004,Cloud Account,16.1,enterprise,,,,[],,,01/13/2022,04/16/2025
4800,nist_800_53,rev5,Access Control,AC-06,Least Privilege,mitigates,T1087.004,Cloud Account,16.1,enterprise,,,,[],,,01/13/2022,04/16/2025
4801,nist_800_53,rev5,Access Control,AC-03,Access Enforcement,mitigates,T1090,Proxy,16.1,enterprise,,,,[],,,01/13/2022,04/16/2025
4802,nist_800_53,rev5,Access Control,AC-04,Information Flow Enforcement,mitigates,T1090,Proxy,16.1,enterprise,,,,[],,,01/13/2022,04/16/2025
4803,nist_800_53,rev5,Access Control,AC-04,Information Flow Enforcement,mitigates,T1090.001,Internal Proxy,16.1,enterprise,,,,[],,,01/13/2022,04/16/2025
4804,nist_800_53,rev5,Access Control,AC-04,Information Flow Enforcement,mitigates,T1090.002,External Proxy,16.1,enterprise,,,,[],,,01/13/2022,04/16/2025
4805,nist_800_53,rev5,Access Control,AC-03,Access Enforcement,mitigates,T1091,Replication Through Removable Media,16.1,enterprise,,,,[],,,01/13/2022,04/16/2025
4806,nist_800_53,rev5,Access Control,AC-06,Least Privilege,mitigates,T1091,Replication Through Removable Media,16.1,enterprise,,,,[],,,01/13/2022,04/16/2025
4807,nist_800_53,rev5,Access Control,AC-03,Access Enforcement,mitigates,T1095,Non-Application Layer Protocol,16.1,enterprise,,,,[],,,01/13/2022,04/16/2025
4808,nist_800_53,rev5,Access Control,AC-04,Information Flow Enforcement,mitigates,T1095,Non-Application Layer Protocol,16.1,enterprise,,,,[],,,01/13/2022,04/16/2025
4809,nist_800_53,rev5,Access Control,AC-03,Access Enforcement,mitigates,T1098.004,SSH Authorized Keys,16.1,enterprise,,,,[],,,01/13/2022,04/16/2025
4810,nist_800_53,rev5,Access Control,AC-05,Separation of Duties,mitigates,T1098.004,SSH Authorized Keys,16.1,enterprise,,,,[],,,01/13/2022,04/16/2025
4811,nist_800_53,rev5,Access Control,AC-06,Least Privilege,mitigates,T1098.004,SSH Authorized Keys,16.1,enterprise,,,,[],,,01/13/2022,04/16/2025
4812,nist_800_53,rev5,Access Control,AC-03,Access Enforcement,mitigates,T1098.006,Additional Container Cluster Roles,16.1,enterprise,,,,[],,,01/13/2022,04/16/2025
4813,nist_800_53,rev5,Access Control,AC-02,Account Management,mitigates,T1098.006,Additional Container Cluster Roles,16.1,enterprise,,,,[],,,01/13/2022,04/16/2025
4814,nist_800_53,rev5,Access Control,AC-06,Least Privilege,mitigates,T1098.006,Additional Container Cluster Roles,16.1,enterprise,,,,[],,,01/13/2022,04/16/2025
4815,nist_800_53,rev5,Access Control,AC-04,Information Flow Enforcement,mitigates,T1102.001,Dead Drop Resolver,16.1,enterprise,,,,[],,,01/13/2022,04/16/2025
4816,nist_800_53,rev5,Access Control,AC-04,Information Flow Enforcement,mitigates,T1102.002,Bidirectional Communication,16.1,enterprise,,,,[],,,01/13/2022,04/16/2025
4817,nist_800_53,rev5,Access Control,AC-04,Information Flow Enforcement,mitigates,T1102.003,One-Way Communication,16.1,enterprise,,,,[],,,01/13/2022,04/16/2025
4818,nist_800_53,rev5,Access Control,AC-04,Information Flow Enforcement,mitigates,T1104,Multi-Stage Channels,16.1,enterprise,,,,[],,,01/13/2022,04/16/2025
4819,nist_800_53,rev5,Access Control,AC-06,Least Privilege,mitigates,T1106,Native API,16.1,enterprise,,,,[],,,01/13/2022,04/16/2025
4820,nist_800_53,rev5,Access Control,AC-02,Account Management,mitigates,T1110.001,Password Guessing,16.1,enterprise,,,,[],,,01/13/2022,04/16/2025
4821,nist_800_53,rev5,Access Control,AC-03,Access Enforcement,mitigates,T1110.001,Password Guessing,16.1,enterprise,,,,[],,,01/13/2022,04/16/2025
4822,nist_800_53,rev5,Access Control,AC-05,Separation of Duties,mitigates,T1110.001,Password Guessing,16.1,enterprise,,,,[],,,01/13/2022,04/16/2025
4823,nist_800_53,rev5,Access Control,AC-06,Least Privilege,mitigates,T1110.001,Password Guessing,16.1,enterprise,,,,[],,,01/13/2022,04/16/2025
4824,nist_800_53,rev5,Access Control,AC-07,Unsuccessful Logon Attempts,mitigates,T1110.001,Password Guessing,16.1,enterprise,,,,[],,,01/13/2022,04/16/2025
4825,nist_800_53,rev5,Access Control,AC-02,Account Management,mitigates,T1110.002,Password Cracking,16.1,enterprise,,,,[],,,01/13/2022,04/16/2025
4826,nist_800_53,rev5,Access Control,AC-03,Access Enforcement,mitigates,T1110.002,Password Cracking,16.1,enterprise,,,,[],,,01/13/2022,04/16/2025
4827,nist_800_53,rev5,Access Control,AC-05,Separation of Duties,mitigates,T1110.002,Password Cracking,16.1,enterprise,,,,[],,,01/13/2022,04/16/2025
4828,nist_800_53,rev5,Access Control,AC-06,Least Privilege,mitigates,T1110.002,Password Cracking,16.1,enterprise,,,,[],,,01/13/2022,04/16/2025
4829,nist_800_53,rev5,Access Control,AC-07,Unsuccessful Logon Attempts,mitigates,T1110.002,Password Cracking,16.1,enterprise,,,,[],,,01/13/2022,04/16/2025
4830,nist_800_53,rev5,Access Control,AC-02,Account Management,mitigates,T1110.003,Password Spraying,16.1,enterprise,,,,[],,,01/13/2022,04/16/2025
4831,nist_800_53,rev5,Access Control,AC-03,Access Enforcement,mitigates,T1110.003,Password Spraying,16.1,enterprise,,,,[],,,01/13/2022,04/16/2025
4832,nist_800_53,rev5,Access Control,AC-05,Separation of Duties,mitigates,T1110.003,Password Spraying,16.1,enterprise,,,,[],,,01/13/2022,04/16/2025
4833,nist_800_53,rev5,Access Control,AC-06,Least Privilege,mitigates,T1110.003,Password Spraying,16.1,enterprise,,,,[],,,01/13/2022,04/16/2025
4834,nist_800_53,rev5,Access Control,AC-07,Unsuccessful Logon Attempts,mitigates,T1110.003,Password Spraying,16.1,enterprise,,,,[],,,01/13/2022,04/16/2025
4835,nist_800_53,rev5,Access Control,AC-02,Account Management,mitigates,T1110.004,Credential Stuffing,16.1,enterprise,,,,[],,,01/13/2022,04/16/2025
4836,nist_800_53,rev5,Access Control,AC-03,Access Enforcement,mitigates,T1110.004,Credential Stuffing,16.1,enterprise,,,,[],,,01/13/2022,04/16/2025
4837,nist_800_53,rev5,Access Control,AC-05,Separation of Duties,mitigates,T1110.004,Credential Stuffing,16.1,enterprise,,,,[],,,01/13/2022,04/16/2025
4838,nist_800_53,rev5,Access Control,AC-06,Least Privilege,mitigates,T1110.004,Credential Stuffing,16.1,enterprise,,,,[],,,01/13/2022,04/16/2025
4839,nist_800_53,rev5,Access Control,AC-07,Unsuccessful Logon Attempts,mitigates,T1110.004,Credential Stuffing,16.1,enterprise,,,,[],,,01/13/2022,04/16/2025
4840,nist_800_53,rev5,Access Control,AC-06,Least Privilege,mitigates,T1112,Modify Registry,16.1,enterprise,,,,[],,,01/13/2022,04/16/2025
4841,nist_800_53,rev5,Access Control,AC-04,Information Flow Enforcement,mitigates,T1114.001,Local Email Collection,16.1,enterprise,,,,[],,,01/13/2022,04/16/2025
4842,nist_800_53,rev5,Access Control,AC-04,Information Flow Enforcement,mitigates,T1132,Data Encoding,16.1,enterprise,,,,[],,,01/13/2022,04/16/2025
4843,nist_800_53,rev5,Access Control,AC-04,Information Flow Enforcement,mitigates,T1132.001,Standard Encoding,16.1,enterprise,,,,[],,,01/13/2022,04/16/2025
4844,nist_800_53,rev5,Access Control,AC-04,Information Flow Enforcement,mitigates,T1132.002,Non-Standard Encoding,16.1,enterprise,,,,[],,,01/13/2022,04/16/2025
4845,nist_800_53,rev5,Access Control,AC-03,Access Enforcement,mitigates,T1133,External Remote Services,16.1,enterprise,,,,[],,,01/13/2022,04/16/2025
4846,nist_800_53,rev5,Access Control,AC-04,Information Flow Enforcement,mitigates,T1133,External Remote Services,16.1,enterprise,,,,[],,,01/13/2022,04/16/2025
4847,nist_800_53,rev5,Access Control,AC-06,Least Privilege,mitigates,T1133,External Remote Services,16.1,enterprise,,,,[],,,01/13/2022,04/16/2025
4848,nist_800_53,rev5,Access Control,AC-07,Unsuccessful Logon Attempts,mitigates,T1133,External Remote Services,16.1,enterprise,,,,[],,,01/13/2022,04/16/2025
4849,nist_800_53,rev5,Access Control,AC-02,Account Management,mitigates,T1134,Access Token Manipulation,16.1,enterprise,,,,[],,,01/13/2022,04/16/2025
4850,nist_800_53,rev5,Access Control,AC-03,Access Enforcement,mitigates,T1134,Access Token Manipulation,16.1,enterprise,,,,[],,,01/13/2022,04/16/2025
4851,nist_800_53,rev5,Access Control,AC-05,Separation of Duties,mitigates,T1134,Access Token Manipulation,16.1,enterprise,,,,[],,,01/13/2022,04/16/2025
4852,nist_800_53,rev5,Access Control,AC-06,Least Privilege,mitigates,T1134,Access Token Manipulation,16.1,enterprise,,,,[],,,01/13/2022,04/16/2025
4853,nist_800_53,rev5,Access Control,AC-02,Account Management,mitigates,T1134.002,Create Process with Token,16.1,enterprise,,,,[],,,01/13/2022,04/16/2025
4854,nist_800_53,rev5,Access Control,AC-03,Access Enforcement,mitigates,T1134.002,Create Process with Token,16.1,enterprise,,,,[],,,01/13/2022,04/16/2025
4855,nist_800_53,rev5,Access Control,AC-05,Separation of Duties,mitigates,T1134.002,Create Process with Token,16.1,enterprise,,,,[],,,01/13/2022,04/16/2025
4856,nist_800_53,rev5,Access Control,AC-06,Least Privilege,mitigates,T1134.002,Create Process with Token,16.1,enterprise,,,,[],,,01/13/2022,04/16/2025
4857,nist_800_53,rev5,Access Control,AC-03,Access Enforcement,mitigates,T1134.005,SID-History Injection,16.1,enterprise,,,,[],,,01/13/2022,04/16/2025
4858,nist_800_53,rev5,Access Control,AC-04,Information Flow Enforcement,mitigates,T1134.005,SID-History Injection,16.1,enterprise,,,,[],,,01/13/2022,04/16/2025
4859,nist_800_53,rev5,Access Control,AC-05,Separation of Duties,mitigates,T1134.005,SID-History Injection,16.1,enterprise,,,,[],,,01/13/2022,04/16/2025
4860,nist_800_53,rev5,Access Control,AC-06,Least Privilege,mitigates,T1134.005,SID-History Injection,16.1,enterprise,,,,[],,,01/13/2022,04/16/2025
4861,nist_800_53,rev5,Access Control,AC-02,Account Management,mitigates,T1136.001,Local Account,16.1,enterprise,,,,[],,,01/13/2022,04/16/2025
4862,nist_800_53,rev5,Access Control,AC-03,Access Enforcement,mitigates,T1136.001,Local Account,16.1,enterprise,,,,[],,,01/13/2022,04/16/2025
4863,nist_800_53,rev5,Access Control,AC-05,Separation of Duties,mitigates,T1136.001,Local Account,16.1,enterprise,,,,[],,,01/13/2022,04/16/2025
4864,nist_800_53,rev5,Access Control,AC-06,Least Privilege,mitigates,T1136.001,Local Account,16.1,enterprise,,,,[],,,01/13/2022,04/16/2025
4865,nist_800_53,rev5,Access Control,AC-10,Concurrent Session Control,mitigates,T1137,Office Application Startup,16.1,enterprise,,,,[],,,01/13/2022,04/16/2025
4866,nist_800_53,rev5,Access Control,AC-06,Least Privilege,mitigates,T1137,Office Application Startup,16.1,enterprise,,,,[],,,01/13/2022,04/16/2025
4867,nist_800_53,rev5,Access Control,AC-06,Least Privilege,mitigates,T1137.001,Office Template Macros,16.1,enterprise,,,,[],,,01/13/2022,04/16/2025
4868,nist_800_53,rev5,Access Control,AC-06,Least Privilege,mitigates,T1137.003,Outlook Forms,16.1,enterprise,,,,[],,,01/13/2022,04/16/2025
4869,nist_800_53,rev5,Access Control,AC-06,Least Privilege,mitigates,T1137.004,Outlook Home Page,16.1,enterprise,,,,[],,,01/13/2022,04/16/2025
4870,nist_800_53,rev5,Access Control,AC-06,Least Privilege,mitigates,T1137.005,Outlook Rules,16.1,enterprise,,,,[],,,01/13/2022,04/16/2025
4871,nist_800_53,rev5,Access Control,AC-06,Least Privilege,mitigates,T1137.006,Add-ins,16.1,enterprise,,,,[],,,01/13/2022,04/16/2025
4872,nist_800_53,rev5,Access Control,AC-10,Concurrent Session Control,mitigates,T1185,Browser Session Hijacking,16.1,enterprise,,,,[],,,01/13/2022,04/16/2025
4873,nist_800_53,rev5,Access Control,AC-12,Session Termination,mitigates,T1185,Browser Session Hijacking,16.1,enterprise,,,,[],,,01/13/2022,04/16/2025
4874,nist_800_53,rev5,Access Control,AC-02,Account Management,mitigates,T1185,Browser Session Hijacking,16.1,enterprise,,,,[],,,01/13/2022,04/16/2025
4875,nist_800_53,rev5,Access Control,AC-03,Access Enforcement,mitigates,T1185,Browser Session Hijacking,16.1,enterprise,,,,[],,,01/13/2022,04/16/2025
4876,nist_800_53,rev5,Access Control,AC-05,Separation of Duties,mitigates,T1185,Browser Session Hijacking,16.1,enterprise,,,,[],,,01/13/2022,04/16/2025
4877,nist_800_53,rev5,Access Control,AC-06,Least Privilege,mitigates,T1185,Browser Session Hijacking,16.1,enterprise,,,,[],,,01/13/2022,04/16/2025
4878,nist_800_53,rev5,Access Control,AC-03,Access Enforcement,mitigates,T1187,Forced Authentication,16.1,enterprise,,,,[],,,01/13/2022,04/16/2025
4879,nist_800_53,rev5,Access Control,AC-04,Information Flow Enforcement,mitigates,T1187,Forced Authentication,16.1,enterprise,,,,[],,,01/13/2022,04/16/2025
4880,nist_800_53,rev5,Access Control,AC-04,Information Flow Enforcement,mitigates,T1189,Drive-by Compromise,16.1,enterprise,,,,[],,,01/13/2022,04/16/2025
4881,nist_800_53,rev5,Access Control,AC-06,Least Privilege,mitigates,T1189,Drive-by Compromise,16.1,enterprise,,,,[],,,01/13/2022,04/16/2025
4882,nist_800_53,rev5,Access Control,AC-02,Account Management,mitigates,T1197,BITS Jobs,16.1,enterprise,,,,[],,,01/13/2022,04/16/2025
4883,nist_800_53,rev5,Access Control,AC-03,Access Enforcement,mitigates,T1197,BITS Jobs,16.1,enterprise,,,,[],,,01/13/2022,04/16/2025
4884,nist_800_53,rev5,Access Control,AC-04,Information Flow Enforcement,mitigates,T1197,BITS Jobs,16.1,enterprise,,,,[],,,01/13/2022,04/16/2025
4885,nist_800_53,rev5,Access Control,AC-05,Separation of Duties,mitigates,T1197,BITS Jobs,16.1,enterprise,,,,[],,,01/13/2022,04/16/2025
4886,nist_800_53,rev5,Access Control,AC-06,Least Privilege,mitigates,T1197,BITS Jobs,16.1,enterprise,,,,[],,,01/13/2022,04/16/2025
4887,nist_800_53,rev5,Access Control,AC-03,Access Enforcement,mitigates,T1199,Trusted Relationship,16.1,enterprise,,,,[],,,01/13/2022,04/16/2025
4888,nist_800_53,rev5,Access Control,AC-04,Information Flow Enforcement,mitigates,T1199,Trusted Relationship,16.1,enterprise,,,,[],,,01/13/2022,04/16/2025
4889,nist_800_53,rev5,Access Control,AC-06,Least Privilege,mitigates,T1199,Trusted Relationship,16.1,enterprise,,,,[],,,01/13/2022,04/16/2025
4890,nist_800_53,rev5,Access Control,AC-08,System Use Notification,mitigates,T1199,Trusted Relationship,16.1,enterprise,,,,[],,,01/13/2022,04/16/2025
4891,nist_800_53,rev5,Access Control,AC-03,Access Enforcement,mitigates,T1200,Hardware Additions,16.1,enterprise,,,,[],,,01/13/2022,04/16/2025
4892,nist_800_53,rev5,Access Control,AC-06,Least Privilege,mitigates,T1200,Hardware Additions,16.1,enterprise,,,,[],,,01/13/2022,04/16/2025
4893,nist_800_53,rev5,Access Control,AC-04,Information Flow Enforcement,mitigates,T1204.001,Malicious Link,16.1,enterprise,,,,[],,,01/13/2022,04/16/2025
4894,nist_800_53,rev5,Access Control,AC-04,Information Flow Enforcement,mitigates,T1204.003,Malicious Image,16.1,enterprise,,,,[],,,01/13/2022,04/16/2025
4895,nist_800_53,rev5,Access Control,AC-03,Access Enforcement,mitigates,T1205,Traffic Signaling,16.1,enterprise,,,,[],,,01/13/2022,04/16/2025
4896,nist_800_53,rev5,Access Control,AC-04,Information Flow Enforcement,mitigates,T1205,Traffic Signaling,16.1,enterprise,,,,[],,,01/13/2022,04/16/2025
4897,nist_800_53,rev5,Access Control,AC-03,Access Enforcement,mitigates,T1205.001,Port Knocking,16.1,enterprise,,,,[],,,01/13/2022,04/16/2025
4898,nist_800_53,rev5,Access Control,AC-04,Information Flow Enforcement,mitigates,T1205.001,Port Knocking,16.1,enterprise,,,,[],,,01/13/2022,04/16/2025
4899,nist_800_53,rev5,Access Control,AC-04,Information Flow Enforcement,mitigates,T1205.002,Socket Filters,16.1,enterprise,,,,[],,,01/13/2022,04/16/2025
4900,nist_800_53,rev5,Access Control,AC-02,Account Management,mitigates,T1210,Exploitation of Remote Services,16.1,enterprise,,,,[],,,01/13/2022,04/16/2025
4901,nist_800_53,rev5,Access Control,AC-03,Access Enforcement,mitigates,T1210,Exploitation of Remote Services,16.1,enterprise,,,,[],,,01/13/2022,04/16/2025
4902,nist_800_53,rev5,Access Control,AC-04,Information Flow Enforcement,mitigates,T1210,Exploitation of Remote Services,16.1,enterprise,,,,[],,,01/13/2022,04/16/2025
4903,nist_800_53,rev5,Access Control,AC-05,Separation of Duties,mitigates,T1210,Exploitation of Remote Services,16.1,enterprise,,,,[],,,01/13/2022,04/16/2025
4904,nist_800_53,rev5,Access Control,AC-06,Least Privilege,mitigates,T1210,Exploitation of Remote Services,16.1,enterprise,,,,[],,,01/13/2022,04/16/2025
4905,nist_800_53,rev5,Access Control,AC-04,Information Flow Enforcement,mitigates,T1211,Exploitation for Defense Evasion,16.1,enterprise,,,,[],,,01/13/2022,04/16/2025
4906,nist_800_53,rev5,Access Control,AC-06,Least Privilege,mitigates,T1211,Exploitation for Defense Evasion,16.1,enterprise,,,,[],,,01/13/2022,04/16/2025
4907,nist_800_53,rev5,Access Control,AC-02,Account Management,mitigates,T1212,Exploitation for Credential Access,16.1,enterprise,,,,[],,,01/13/2022,04/16/2025
4908,nist_800_53,rev5,Access Control,AC-04,Information Flow Enforcement,mitigates,T1212,Exploitation for Credential Access,16.1,enterprise,,,,[],,,01/13/2022,04/16/2025
4909,nist_800_53,rev5,Access Control,AC-06,Least Privilege,mitigates,T1212,Exploitation for Credential Access,16.1,enterprise,,,,[],,,01/13/2022,04/16/2025
4910,nist_800_53,rev5,Access Control,AC-03,Access Enforcement,mitigates,T1218.002,Control Panel,16.1,enterprise,,,,[],,,01/13/2022,04/16/2025
4911,nist_800_53,rev5,Access Control,AC-02,Account Management,mitigates,T1218.007,Msiexec,16.1,enterprise,,,,[],,,01/13/2022,04/16/2025
4912,nist_800_53,rev5,Access Control,AC-03,Access Enforcement,mitigates,T1218.007,Msiexec,16.1,enterprise,,,,[],,,01/13/2022,04/16/2025
4913,nist_800_53,rev5,Access Control,AC-05,Separation of Duties,mitigates,T1218.007,Msiexec,16.1,enterprise,,,,[],,,01/13/2022,04/16/2025
4914,nist_800_53,rev5,Access Control,AC-06,Least Privilege,mitigates,T1218.007,Msiexec,16.1,enterprise,,,,[],,,01/13/2022,04/16/2025
4915,nist_800_53,rev5,Access Control,AC-03,Access Enforcement,mitigates,T1218.012,Verclsid,16.1,enterprise,,,,[],,,01/13/2022,04/16/2025
4916,nist_800_53,rev5,Access Control,AC-04,Information Flow Enforcement,mitigates,T1218.012,Verclsid,16.1,enterprise,,,,[],,,01/13/2022,04/16/2025
4917,nist_800_53,rev5,Access Control,AC-02,Account Management,mitigates,T1222,File and Directory Permissions Modification,16.1,enterprise,,,,[],,,01/13/2022,04/16/2025
4918,nist_800_53,rev5,Access Control,AC-03,Access Enforcement,mitigates,T1222,File and Directory Permissions Modification,16.1,enterprise,,,,[],,,01/13/2022,04/16/2025
4919,nist_800_53,rev5,Access Control,AC-05,Separation of Duties,mitigates,T1222,File and Directory Permissions Modification,16.1,enterprise,,,,[],,,01/13/2022,04/16/2025
4920,nist_800_53,rev5,Access Control,AC-06,Least Privilege,mitigates,T1222,File and Directory Permissions Modification,16.1,enterprise,,,,[],,,01/13/2022,04/16/2025
4921,nist_800_53,rev5,Access Control,AC-02,Account Management,mitigates,T1222.001,Windows File and Directory Permissions Modification,16.1,enterprise,,,,[],,,01/13/2022,04/16/2025
4922,nist_800_53,rev5,Access Control,AC-03,Access Enforcement,mitigates,T1222.001,Windows File and Directory Permissions Modification,16.1,enterprise,,,,[],,,01/13/2022,04/16/2025
4923,nist_800_53,rev5,Access Control,AC-05,Separation of Duties,mitigates,T1222.001,Windows File and Directory Permissions Modification,16.1,enterprise,,,,[],,,01/13/2022,04/16/2025
4924,nist_800_53,rev5,Access Control,AC-06,Least Privilege,mitigates,T1222.001,Windows File and Directory Permissions Modification,16.1,enterprise,,,,[],,,01/13/2022,04/16/2025
4925,nist_800_53,rev5,Access Control,AC-02,Account Management,mitigates,T1222.002,Linux and Mac File and Directory Permissions Modification,16.1,enterprise,,,,[],,,01/13/2022,04/16/2025
4926,nist_800_53,rev5,Access Control,AC-03,Access Enforcement,mitigates,T1222.002,Linux and Mac File and Directory Permissions Modification,16.1,enterprise,,,,[],,,01/13/2022,04/16/2025
4927,nist_800_53,rev5,Access Control,AC-05,Separation of Duties,mitigates,T1222.002,Linux and Mac File and Directory Permissions Modification,16.1,enterprise,,,,[],,,01/13/2022,04/16/2025
4928,nist_800_53,rev5,Access Control,AC-06,Least Privilege,mitigates,T1222.002,Linux and Mac File and Directory Permissions Modification,16.1,enterprise,,,,[],,,01/13/2022,04/16/2025
4929,nist_800_53,rev5,Access Control,AC-04,Information Flow Enforcement,mitigates,T1482,Domain Trust Discovery,16.1,enterprise,,,,[],,,01/13/2022,04/16/2025
4930,nist_800_53,rev5,Access Control,AC-03,Access Enforcement,mitigates,T1486,Data Encrypted for Impact,16.1,enterprise,,,,[],,,01/13/2022,04/16/2025
4931,nist_800_53,rev5,Access Control,AC-06,Least Privilege,mitigates,T1486,Data Encrypted for Impact,16.1,enterprise,,,,[],,,01/13/2022,04/16/2025
4932,nist_800_53,rev5,Access Control,AC-03,Access Enforcement,mitigates,T1491,Defacement,16.1,enterprise,,,,[],,,01/13/2022,04/16/2025
4933,nist_800_53,rev5,Access Control,AC-06,Least Privilege,mitigates,T1491,Defacement,16.1,enterprise,,,,[],,,01/13/2022,04/16/2025
4934,nist_800_53,rev5,Access Control,AC-03,Access Enforcement,mitigates,T1491.001,Internal Defacement,16.1,enterprise,,,,[],,,01/13/2022,04/16/2025
4935,nist_800_53,rev5,Access Control,AC-06,Least Privilege,mitigates,T1491.001,Internal Defacement,16.1,enterprise,,,,[],,,01/13/2022,04/16/2025
4936,nist_800_53,rev5,Access Control,AC-03,Access Enforcement,mitigates,T1491.002,External Defacement,16.1,enterprise,,,,[],,,01/13/2022,04/16/2025
4937,nist_800_53,rev5,Access Control,AC-06,Least Privilege,mitigates,T1491.002,External Defacement,16.1,enterprise,,,,[],,,01/13/2022,04/16/2025
4938,nist_800_53,rev5,Access Control,AC-02,Account Management,mitigates,T1495,Firmware Corruption,16.1,enterprise,,,,[],,,01/13/2022,04/16/2025
4939,nist_800_53,rev5,Access Control,AC-03,Access Enforcement,mitigates,T1495,Firmware Corruption,16.1,enterprise,,,,[],,,01/13/2022,04/16/2025
4940,nist_800_53,rev5,Access Control,AC-05,Separation of Duties,mitigates,T1495,Firmware Corruption,16.1,enterprise,,,,[],,,01/13/2022,04/16/2025
4941,nist_800_53,rev5,Access Control,AC-06,Least Privilege,mitigates,T1495,Firmware Corruption,16.1,enterprise,,,,[],,,01/13/2022,04/16/2025
4942,nist_800_53,rev5,Access Control,AC-03,Access Enforcement,mitigates,T1498,Network Denial of Service,16.1,enterprise,,,,[],,,01/13/2022,04/16/2025
4943,nist_800_53,rev5,Access Control,AC-04,Information Flow Enforcement,mitigates,T1498,Network Denial of Service,16.1,enterprise,,,,[],,,01/13/2022,04/16/2025
4944,nist_800_53,rev5,Access Control,AC-03,Access Enforcement,mitigates,T1498.001,Direct Network Flood,16.1,enterprise,,,,[],,,01/13/2022,04/16/2025
4945,nist_800_53,rev5,Access Control,AC-04,Information Flow Enforcement,mitigates,T1498.001,Direct Network Flood,16.1,enterprise,,,,[],,,01/13/2022,04/16/2025
4946,nist_800_53,rev5,Access Control,AC-03,Access Enforcement,mitigates,T1498.002,Reflection Amplification,16.1,enterprise,,,,[],,,01/13/2022,04/16/2025
4947,nist_800_53,rev5,Access Control,AC-04,Information Flow Enforcement,mitigates,T1498.002,Reflection Amplification,16.1,enterprise,,,,[],,,01/13/2022,04/16/2025
4948,nist_800_53,rev5,Access Control,AC-03,Access Enforcement,mitigates,T1499,Endpoint Denial of Service,16.1,enterprise,,,,[],,,01/13/2022,04/16/2025
4949,nist_800_53,rev5,Access Control,AC-04,Information Flow Enforcement,mitigates,T1499,Endpoint Denial of Service,16.1,enterprise,,,,[],,,01/13/2022,04/16/2025
4950,nist_800_53,rev5,Access Control,AC-03,Access Enforcement,mitigates,T1499.001,OS Exhaustion Flood,16.1,enterprise,,,,[],,,01/13/2022,04/16/2025
4951,nist_800_53,rev5,Access Control,AC-04,Information Flow Enforcement,mitigates,T1499.001,OS Exhaustion Flood,16.1,enterprise,,,,[],,,01/13/2022,04/16/2025
4952,nist_800_53,rev5,Access Control,AC-03,Access Enforcement,mitigates,T1499.002,Service Exhaustion Flood,16.1,enterprise,,,,[],,,01/13/2022,04/16/2025
4953,nist_800_53,rev5,Access Control,AC-04,Information Flow Enforcement,mitigates,T1499.002,Service Exhaustion Flood,16.1,enterprise,,,,[],,,01/13/2022,04/16/2025
4954,nist_800_53,rev5,Access Control,AC-03,Access Enforcement,mitigates,T1499.003,Application Exhaustion Flood,16.1,enterprise,,,,[],,,01/13/2022,04/16/2025
4955,nist_800_53,rev5,Access Control,AC-04,Information Flow Enforcement,mitigates,T1499.003,Application Exhaustion Flood,16.1,enterprise,,,,[],,,01/13/2022,04/16/2025
4956,nist_800_53,rev5,Access Control,AC-03,Access Enforcement,mitigates,T1499.004,Application or System Exploitation,16.1,enterprise,,,,[],,,01/13/2022,04/16/2025
4957,nist_800_53,rev5,Access Control,AC-04,Information Flow Enforcement,mitigates,T1499.004,Application or System Exploitation,16.1,enterprise,,,,[],,,01/13/2022,04/16/2025
4958,nist_800_53,rev5,Access Control,AC-02,Account Management,mitigates,T1505,Server Software Component,16.1,enterprise,,,,[],,,01/13/2022,04/16/2025
4959,nist_800_53,rev5,Access Control,AC-03,Access Enforcement,mitigates,T1505,Server Software Component,16.1,enterprise,,,,[],,,01/13/2022,04/16/2025
4960,nist_800_53,rev5,Access Control,AC-05,Separation of Duties,mitigates,T1505,Server Software Component,16.1,enterprise,,,,[],,,01/13/2022,04/16/2025
4961,nist_800_53,rev5,Access Control,AC-06,Least Privilege,mitigates,T1505,Server Software Component,16.1,enterprise,,,,[],,,01/13/2022,04/16/2025
4962,nist_800_53,rev5,Access Control,AC-02,Account Management,mitigates,T1505.002,Transport Agent,16.1,enterprise,,,,[],,,01/13/2022,04/16/2025
4963,nist_800_53,rev5,Access Control,AC-03,Access Enforcement,mitigates,T1505.002,Transport Agent,16.1,enterprise,,,,[],,,01/13/2022,04/16/2025
4964,nist_800_53,rev5,Access Control,AC-05,Separation of Duties,mitigates,T1505.002,Transport Agent,16.1,enterprise,,,,[],,,01/13/2022,04/16/2025
4965,nist_800_53,rev5,Access Control,AC-06,Least Privilege,mitigates,T1505.002,Transport Agent,16.1,enterprise,,,,[],,,01/13/2022,04/16/2025
4966,nist_800_53,rev5,Access Control,AC-03,Access Enforcement,mitigates,T1505.004,IIS Components,16.1,enterprise,,,,[],,,01/13/2022,04/16/2025
4967,nist_800_53,rev5,Access Control,AC-04,Information Flow Enforcement,mitigates,T1505.004,IIS Components,16.1,enterprise,,,,[],,,01/13/2022,04/16/2025
4968,nist_800_53,rev5,Access Control,AC-06,Least Privilege,mitigates,T1505.004,IIS Components,16.1,enterprise,,,,[],,,01/13/2022,04/16/2025
4969,nist_800_53,rev5,Access Control,AC-12,Session Termination,mitigates,T1505.005,Terminal Services DLL,16.1,enterprise,,,,[],,,01/13/2022,04/16/2025
4970,nist_800_53,rev5,Access Control,AC-02,Account Management,mitigates,T1505.005,Terminal Services DLL,16.1,enterprise,,,,[],,,01/13/2022,04/16/2025
4971,nist_800_53,rev5,Access Control,AC-03,Access Enforcement,mitigates,T1505.005,Terminal Services DLL,16.1,enterprise,,,,[],,,01/13/2022,04/16/2025
4972,nist_800_53,rev5,Access Control,AC-05,Separation of Duties,mitigates,T1505.005,Terminal Services DLL,16.1,enterprise,,,,[],,,01/13/2022,04/16/2025
4973,nist_800_53,rev5,Access Control,AC-06,Least Privilege,mitigates,T1505.005,Terminal Services DLL,16.1,enterprise,,,,[],,,01/13/2022,04/16/2025
4974,nist_800_53,rev5,Access Control,AC-02,Account Management,mitigates,T1525,Implant Internal Image,16.1,enterprise,,,,[],,,01/13/2022,04/16/2025
4975,nist_800_53,rev5,Access Control,AC-03,Access Enforcement,mitigates,T1525,Implant Internal Image,16.1,enterprise,,,,[],,,01/13/2022,04/16/2025
4976,nist_800_53,rev5,Access Control,AC-05,Separation of Duties,mitigates,T1525,Implant Internal Image,16.1,enterprise,,,,[],,,01/13/2022,04/16/2025
4977,nist_800_53,rev5,Access Control,AC-06,Least Privilege,mitigates,T1525,Implant Internal Image,16.1,enterprise,,,,[],,,01/13/2022,04/16/2025
4978,nist_800_53,rev5,Access Control,AC-02,Account Management,mitigates,T1538,Cloud Service Dashboard,16.1,enterprise,,,,[],,,01/13/2022,04/16/2025
4979,nist_800_53,rev5,Access Control,AC-03,Access Enforcement,mitigates,T1538,Cloud Service Dashboard,16.1,enterprise,,,,[],,,01/13/2022,04/16/2025
4980,nist_800_53,rev5,Access Control,AC-05,Separation of Duties,mitigates,T1538,Cloud Service Dashboard,16.1,enterprise,,,,[],,,01/13/2022,04/16/2025
4981,nist_800_53,rev5,Access Control,AC-06,Least Privilege,mitigates,T1538,Cloud Service Dashboard,16.1,enterprise,,,,[],,,01/13/2022,04/16/2025
4982,nist_800_53,rev5,Access Control,AC-02,Account Management,mitigates,T1542.003,Bootkit,16.1,enterprise,,,,[],,,01/13/2022,04/16/2025
4983,nist_800_53,rev5,Access Control,AC-03,Access Enforcement,mitigates,T1542.003,Bootkit,16.1,enterprise,,,,[],,,01/13/2022,04/16/2025
4984,nist_800_53,rev5,Access Control,AC-05,Separation of Duties,mitigates,T1542.003,Bootkit,16.1,enterprise,,,,[],,,01/13/2022,04/16/2025
4985,nist_800_53,rev5,Access Control,AC-06,Least Privilege,mitigates,T1542.003,Bootkit,16.1,enterprise,,,,[],,,01/13/2022,04/16/2025
4986,nist_800_53,rev5,Access Control,AC-03,Access Enforcement,mitigates,T1542.004,ROMMONkit,16.1,enterprise,,,,[],,,01/13/2022,04/16/2025
4987,nist_800_53,rev5,Access Control,AC-06,Least Privilege,mitigates,T1542.004,ROMMONkit,16.1,enterprise,,,,[],,,01/13/2022,04/16/2025
4988,nist_800_53,rev5,Access Control,AC-02,Account Management,mitigates,T1542.005,TFTP Boot,16.1,enterprise,,,,[],,,01/13/2022,04/16/2025
4989,nist_800_53,rev5,Access Control,AC-03,Access Enforcement,mitigates,T1542.005,TFTP Boot,16.1,enterprise,,,,[],,,01/13/2022,04/16/2025
4990,nist_800_53,rev5,Access Control,AC-05,Separation of Duties,mitigates,T1542.005,TFTP Boot,16.1,enterprise,,,,[],,,01/13/2022,04/16/2025
4991,nist_800_53,rev5,Access Control,AC-06,Least Privilege,mitigates,T1542.005,TFTP Boot,16.1,enterprise,,,,[],,,01/13/2022,04/16/2025
4992,nist_800_53,rev5,Access Control,AC-02,Account Management,mitigates,T1543.001,Launch Agent,16.1,enterprise,,,,[],,,01/13/2022,04/16/2025
4993,nist_800_53,rev5,Access Control,AC-03,Access Enforcement,mitigates,T1543.001,Launch Agent,16.1,enterprise,,,,[],,,01/13/2022,04/16/2025
4994,nist_800_53,rev5,Access Control,AC-05,Separation of Duties,mitigates,T1543.001,Launch Agent,16.1,enterprise,,,,[],,,01/13/2022,04/16/2025
4995,nist_800_53,rev5,Access Control,AC-06,Least Privilege,mitigates,T1543.001,Launch Agent,16.1,enterprise,,,,[],,,01/13/2022,04/16/2025
4996,nist_800_53,rev5,Access Control,AC-02,Account Management,mitigates,T1543.004,Launch Daemon,16.1,enterprise,,,,[],,,01/13/2022,04/16/2025
4997,nist_800_53,rev5,Access Control,AC-03,Access Enforcement,mitigates,T1543.004,Launch Daemon,16.1,enterprise,,,,[],,,01/13/2022,04/16/2025
4998,nist_800_53,rev5,Access Control,AC-05,Separation of Duties,mitigates,T1543.004,Launch Daemon,16.1,enterprise,,,,[],,,01/13/2022,04/16/2025
4999,nist_800_53,rev5,Access Control,AC-06,Least Privilege,mitigates,T1543.004,Launch Daemon,16.1,enterprise,,,,[],,,01/13/2022,04/16/2025
5000,nist_800_53,rev5,Access Control,AC-03,Access Enforcement,mitigates,T1546.004,Unix Shell Configuration Modification,16.1,enterprise,,,,[],,,01/13/2022,04/16/2025
5001,nist_800_53,rev5,Access Control,AC-06,Least Privilege,mitigates,T1546.004,Unix Shell Configuration Modification,16.1,enterprise,,,,[],,,01/13/2022,04/16/2025
5002,nist_800_53,rev5,Access Control,AC-06,Least Privilege,mitigates,T1546.011,Application Shimming,16.1,enterprise,,,,[],,,01/13/2022,04/16/2025
5003,nist_800_53,rev5,Access Control,AC-03,Access Enforcement,mitigates,T1546.013,PowerShell Profile,16.1,enterprise,,,,[],,,01/13/2022,04/16/2025
5004,nist_800_53,rev5,Access Control,AC-06,Least Privilege,mitigates,T1546.013,PowerShell Profile,16.1,enterprise,,,,[],,,01/13/2022,04/16/2025
5005,nist_800_53,rev5,Access Control,AC-02,Account Management,mitigates,T1547.006,Kernel Modules and Extensions,16.1,enterprise,,,,[],,,01/13/2022,04/16/2025
5006,nist_800_53,rev5,Access Control,AC-03,Access Enforcement,mitigates,T1547.006,Kernel Modules and Extensions,16.1,enterprise,,,,[],,,01/13/2022,04/16/2025
5007,nist_800_53,rev5,Access Control,AC-05,Separation of Duties,mitigates,T1547.006,Kernel Modules and Extensions,16.1,enterprise,,,,[],,,01/13/2022,04/16/2025
5008,nist_800_53,rev5,Access Control,AC-06,Least Privilege,mitigates,T1547.006,Kernel Modules and Extensions,16.1,enterprise,,,,[],,,01/13/2022,04/16/2025
5009,nist_800_53,rev5,Access Control,AC-03,Access Enforcement,mitigates,T1547.007,Re-opened Applications,16.1,enterprise,,,,[],,,01/13/2022,04/16/2025
5010,nist_800_53,rev5,Access Control,AC-02,Account Management,mitigates,T1547.012,Print Processors,16.1,enterprise,,,,[],,,01/13/2022,04/16/2025
5011,nist_800_53,rev5,Access Control,AC-03,Access Enforcement,mitigates,T1547.012,Print Processors,16.1,enterprise,,,,[],,,01/13/2022,04/16/2025
5012,nist_800_53,rev5,Access Control,AC-05,Separation of Duties,mitigates,T1547.012,Print Processors,16.1,enterprise,,,,[],,,01/13/2022,04/16/2025
5013,nist_800_53,rev5,Access Control,AC-06,Least Privilege,mitigates,T1547.012,Print Processors,16.1,enterprise,,,,[],,,01/13/2022,04/16/2025
5014,nist_800_53,rev5,Access Control,AC-02,Account Management,mitigates,T1547.013,XDG Autostart Entries,16.1,enterprise,,,,[],,,01/13/2022,04/16/2025
5015,nist_800_53,rev5,Access Control,AC-03,Access Enforcement,mitigates,T1547.013,XDG Autostart Entries,16.1,enterprise,,,,[],,,01/13/2022,04/16/2025
5016,nist_800_53,rev5,Access Control,AC-05,Separation of Duties,mitigates,T1547.013,XDG Autostart Entries,16.1,enterprise,,,,[],,,01/13/2022,04/16/2025
5017,nist_800_53,rev5,Access Control,AC-06,Least Privilege,mitigates,T1547.013,XDG Autostart Entries,16.1,enterprise,,,,[],,,01/13/2022,04/16/2025
5018,nist_800_53,rev5,Access Control,AC-02,Account Management,mitigates,T1548.002,Bypass User Account Control,16.1,enterprise,,,,[],,,01/13/2022,04/16/2025
5019,nist_800_53,rev5,Access Control,AC-03,Access Enforcement,mitigates,T1548.002,Bypass User Account Control,16.1,enterprise,,,,[],,,01/13/2022,04/16/2025
5020,nist_800_53,rev5,Access Control,AC-05,Separation of Duties,mitigates,T1548.002,Bypass User Account Control,16.1,enterprise,,,,[],,,01/13/2022,04/16/2025
5021,nist_800_53,rev5,Access Control,AC-06,Least Privilege,mitigates,T1548.002,Bypass User Account Control,16.1,enterprise,,,,[],,,01/13/2022,04/16/2025
5022,nist_800_53,rev5,Access Control,AC-02,Account Management,mitigates,T1548.003,Sudo and Sudo Caching,16.1,enterprise,,,,[],,,01/13/2022,04/16/2025
5023,nist_800_53,rev5,Access Control,AC-03,Access Enforcement,mitigates,T1548.003,Sudo and Sudo Caching,16.1,enterprise,,,,[],,,01/13/2022,04/16/2025
5024,nist_800_53,rev5,Access Control,AC-05,Separation of Duties,mitigates,T1548.003,Sudo and Sudo Caching,16.1,enterprise,,,,[],,,01/13/2022,04/16/2025
5025,nist_800_53,rev5,Access Control,AC-06,Least Privilege,mitigates,T1548.003,Sudo and Sudo Caching,16.1,enterprise,,,,[],,,01/13/2022,04/16/2025
5026,nist_800_53,rev5,Access Control,AC-02,Account Management,mitigates,T1550.002,Pass the Hash,16.1,enterprise,,,,[],,,01/13/2022,04/16/2025
5027,nist_800_53,rev5,Access Control,AC-03,Access Enforcement,mitigates,T1550.002,Pass the Hash,16.1,enterprise,,,,[],,,01/13/2022,04/16/2025
5028,nist_800_53,rev5,Access Control,AC-05,Separation of Duties,mitigates,T1550.002,Pass the Hash,16.1,enterprise,,,,[],,,01/13/2022,04/16/2025
5029,nist_800_53,rev5,Access Control,AC-06,Least Privilege,mitigates,T1550.002,Pass the Hash,16.1,enterprise,,,,[],,,01/13/2022,04/16/2025
5030,nist_800_53,rev5,Access Control,AC-02,Account Management,mitigates,T1550.003,Pass the Ticket,16.1,enterprise,,,,[],,,01/13/2022,04/16/2025
5031,nist_800_53,rev5,Access Control,AC-03,Access Enforcement,mitigates,T1550.003,Pass the Ticket,16.1,enterprise,,,,[],,,01/13/2022,04/16/2025
5032,nist_800_53,rev5,Access Control,AC-05,Separation of Duties,mitigates,T1550.003,Pass the Ticket,16.1,enterprise,,,,[],,,01/13/2022,04/16/2025
5033,nist_800_53,rev5,Access Control,AC-06,Least Privilege,mitigates,T1550.003,Pass the Ticket,16.1,enterprise,,,,[],,,01/13/2022,04/16/2025
5034,nist_800_53,rev5,Access Control,AC-02,Account Management,mitigates,T1552.002,Credentials in Registry,16.1,enterprise,,,,[],,,01/13/2022,04/16/2025
5035,nist_800_53,rev5,Access Control,AC-03,Access Enforcement,mitigates,T1552.002,Credentials in Registry,16.1,enterprise,,,,[],,,01/13/2022,04/16/2025
5036,nist_800_53,rev5,Access Control,AC-05,Separation of Duties,mitigates,T1552.002,Credentials in Registry,16.1,enterprise,,,,[],,,01/13/2022,04/16/2025
5037,nist_800_53,rev5,Access Control,AC-06,Least Privilege,mitigates,T1552.002,Credentials in Registry,16.1,enterprise,,,,[],,,01/13/2022,04/16/2025
5038,nist_800_53,rev5,Access Control,AC-03,Access Enforcement,mitigates,T1552.005,Cloud Instance Metadata API,16.1,enterprise,,,,[],,,01/13/2022,04/16/2025
5039,nist_800_53,rev5,Access Control,AC-04,Information Flow Enforcement,mitigates,T1552.005,Cloud Instance Metadata API,16.1,enterprise,,,,[],,,01/13/2022,04/16/2025
5040,nist_800_53,rev5,Access Control,AC-02,Account Management,mitigates,T1552.006,Group Policy Preferences,16.1,enterprise,,,,[],,,01/13/2022,04/16/2025
5041,nist_800_53,rev5,Access Control,AC-05,Separation of Duties,mitigates,T1552.006,Group Policy Preferences,16.1,enterprise,,,,[],,,01/13/2022,04/16/2025
5042,nist_800_53,rev5,Access Control,AC-06,Least Privilege,mitigates,T1552.006,Group Policy Preferences,16.1,enterprise,,,,[],,,01/13/2022,04/16/2025
5043,nist_800_53,rev5,Access Control,AC-02,Account Management,mitigates,T1552.007,Container API,16.1,enterprise,,,,[],,,01/13/2022,04/16/2025
5044,nist_800_53,rev5,Access Control,AC-03,Access Enforcement,mitigates,T1552.007,Container API,16.1,enterprise,,,,[],,,01/13/2022,04/16/2025
5045,nist_800_53,rev5,Access Control,AC-04,Information Flow Enforcement,mitigates,T1552.007,Container API,16.1,enterprise,,,,[],,,01/13/2022,04/16/2025
5046,nist_800_53,rev5,Access Control,AC-05,Separation of Duties,mitigates,T1552.007,Container API,16.1,enterprise,,,,[],,,01/13/2022,04/16/2025
5047,nist_800_53,rev5,Access Control,AC-06,Least Privilege,mitigates,T1552.007,Container API,16.1,enterprise,,,,[],,,01/13/2022,04/16/2025
5048,nist_800_53,rev5,Access Control,AC-04,Information Flow Enforcement,mitigates,T1552.008,Chat Messages,16.1,enterprise,,,,[],,,01/13/2022,04/16/2025
5049,nist_800_53,rev5,Access Control,AC-03,Access Enforcement,mitigates,T1553.003,SIP and Trust Provider Hijacking,16.1,enterprise,,,,[],,,01/13/2022,04/16/2025
5050,nist_800_53,rev5,Access Control,AC-06,Least Privilege,mitigates,T1553.003,SIP and Trust Provider Hijacking,16.1,enterprise,,,,[],,,01/13/2022,04/16/2025
5051,nist_800_53,rev5,Access Control,AC-06,Least Privilege,mitigates,T1553.006,Code Signing Policy Modification,16.1,enterprise,,,,[],,,01/13/2022,04/16/2025
5052,nist_800_53,rev5,Access Control,AC-06,Least Privilege,mitigates,T1555.006,Cloud Secrets Management Stores,16.1,enterprise,,,,[],,,01/13/2022,04/16/2025
5053,nist_800_53,rev5,Access Control,AC-03,Access Enforcement,mitigates,T1555.006,Cloud Secrets Management Stores,16.1,enterprise,,,,[],,,01/13/2022,04/16/2025
5054,nist_800_53,rev5,Access Control,AC-02,Account Management,mitigates,T1555.006,Cloud Secrets Management Stores,16.1,enterprise,,,,[],,,01/13/2022,04/16/2025
5055,nist_800_53,rev5,Access Control,AC-02,Account Management,mitigates,T1556.003,Pluggable Authentication Modules,16.1,enterprise,,,,[],,,01/13/2022,04/16/2025
5056,nist_800_53,rev5,Access Control,AC-03,Access Enforcement,mitigates,T1556.003,Pluggable Authentication Modules,16.1,enterprise,,,,[],,,01/13/2022,04/16/2025
5057,nist_800_53,rev5,Access Control,AC-05,Separation of Duties,mitigates,T1556.003,Pluggable Authentication Modules,16.1,enterprise,,,,[],,,01/13/2022,04/16/2025
5058,nist_800_53,rev5,Access Control,AC-06,Least Privilege,mitigates,T1556.003,Pluggable Authentication Modules,16.1,enterprise,,,,[],,,01/13/2022,04/16/2025
5059,nist_800_53,rev5,Access Control,AC-07,Unsuccessful Logon Attempts,mitigates,T1556.003,Pluggable Authentication Modules,16.1,enterprise,,,,[],,,01/13/2022,04/16/2025
5060,nist_800_53,rev5,Access Control,AC-02,Account Management,mitigates,T1556.004,Network Device Authentication,16.1,enterprise,,,,[],,,01/13/2022,04/16/2025
5061,nist_800_53,rev5,Access Control,AC-03,Access Enforcement,mitigates,T1556.004,Network Device Authentication,16.1,enterprise,,,,[],,,01/13/2022,04/16/2025
5062,nist_800_53,rev5,Access Control,AC-05,Separation of Duties,mitigates,T1556.004,Network Device Authentication,16.1,enterprise,,,,[],,,01/13/2022,04/16/2025
5063,nist_800_53,rev5,Access Control,AC-06,Least Privilege,mitigates,T1556.004,Network Device Authentication,16.1,enterprise,,,,[],,,01/13/2022,04/16/2025
5064,nist_800_53,rev5,Access Control,AC-07,Unsuccessful Logon Attempts,mitigates,T1556.004,Network Device Authentication,16.1,enterprise,,,,[],,,01/13/2022,04/16/2025
5065,nist_800_53,rev5,Access Control,AC-02,Account Management,mitigates,T1556.005,Reversible Encryption,16.1,enterprise,,,,[],,,01/13/2022,04/16/2025
5066,nist_800_53,rev5,Access Control,AC-05,Separation of Duties,mitigates,T1556.005,Reversible Encryption,16.1,enterprise,,,,[],,,01/13/2022,04/16/2025
5067,nist_800_53,rev5,Access Control,AC-06,Least Privilege,mitigates,T1556.005,Reversible Encryption,16.1,enterprise,,,,[],,,01/13/2022,04/16/2025
5068,nist_800_53,rev5,Access Control,AC-06,Least Privilege,mitigates,T1556.008,Network Provider DLL,16.1,enterprise,,,,[],,,01/13/2022,04/16/2025
5069,nist_800_53,rev5,Access Control,AC-03,Access Enforcement,mitigates,T1556.008,Network Provider DLL,16.1,enterprise,,,,[],,,01/13/2022,04/16/2025
5070,nist_800_53,rev5,Access Control,AC-03,Access Enforcement,mitigates,T1557.001,LLMNR/NBT-NS Poisoning and SMB Relay,16.1,enterprise,,,,[],,,01/13/2022,04/16/2025
5071,nist_800_53,rev5,Access Control,AC-04,Information Flow Enforcement,mitigates,T1557.001,LLMNR/NBT-NS Poisoning and SMB Relay,16.1,enterprise,,,,[],,,01/13/2022,04/16/2025
5072,nist_800_53,rev5,Access Control,AC-03,Access Enforcement,mitigates,T1557.002,ARP Cache Poisoning,16.1,enterprise,,,,[],,,01/13/2022,04/16/2025
5073,nist_800_53,rev5,Access Control,AC-04,Information Flow Enforcement,mitigates,T1557.002,ARP Cache Poisoning,16.1,enterprise,,,,[],,,01/13/2022,04/16/2025
5074,nist_800_53,rev5,Access Control,AC-03,Access Enforcement,mitigates,T1557.003,DHCP Spoofing,16.1,enterprise,,,,[],,,01/13/2022,04/16/2025
5075,nist_800_53,rev5,Access Control,AC-04,Information Flow Enforcement,mitigates,T1557.003,DHCP Spoofing,16.1,enterprise,,,,[],,,01/13/2022,04/16/2025
5076,nist_800_53,rev5,Access Control,AC-02,Account Management,mitigates,T1558.001,Golden Ticket,16.1,enterprise,,,,[],,,01/13/2022,04/16/2025
5077,nist_800_53,rev5,Access Control,AC-03,Access Enforcement,mitigates,T1558.001,Golden Ticket,16.1,enterprise,,,,[],,,01/13/2022,04/16/2025
5078,nist_800_53,rev5,Access Control,AC-05,Separation of Duties,mitigates,T1558.001,Golden Ticket,16.1,enterprise,,,,[],,,01/13/2022,04/16/2025
5079,nist_800_53,rev5,Access Control,AC-06,Least Privilege,mitigates,T1558.001,Golden Ticket,16.1,enterprise,,,,[],,,01/13/2022,04/16/2025
5080,nist_800_53,rev5,Access Control,AC-02,Account Management,mitigates,T1558.002,Silver Ticket,16.1,enterprise,,,,[],,,01/13/2022,04/16/2025
5081,nist_800_53,rev5,Access Control,AC-03,Access Enforcement,mitigates,T1558.002,Silver Ticket,16.1,enterprise,,,,[],,,01/13/2022,04/16/2025
5082,nist_800_53,rev5,Access Control,AC-05,Separation of Duties,mitigates,T1558.002,Silver Ticket,16.1,enterprise,,,,[],,,01/13/2022,04/16/2025
5083,nist_800_53,rev5,Access Control,AC-06,Least Privilege,mitigates,T1558.002,Silver Ticket,16.1,enterprise,,,,[],,,01/13/2022,04/16/2025
5084,nist_800_53,rev5,Access Control,AC-02,Account Management,mitigates,T1558.003,Kerberoasting,16.1,enterprise,,,,[],,,01/13/2022,04/16/2025
5085,nist_800_53,rev5,Access Control,AC-03,Access Enforcement,mitigates,T1558.003,Kerberoasting,16.1,enterprise,,,,[],,,01/13/2022,04/16/2025
5086,nist_800_53,rev5,Access Control,AC-05,Separation of Duties,mitigates,T1558.003,Kerberoasting,16.1,enterprise,,,,[],,,01/13/2022,04/16/2025
5087,nist_800_53,rev5,Access Control,AC-06,Least Privilege,mitigates,T1558.003,Kerberoasting,16.1,enterprise,,,,[],,,01/13/2022,04/16/2025
5088,nist_800_53,rev5,Access Control,AC-02,Account Management,mitigates,T1558.004,AS-REP Roasting,16.1,enterprise,,,,[],,,01/13/2022,04/16/2025
5089,nist_800_53,rev5,Access Control,AC-03,Access Enforcement,mitigates,T1558.004,AS-REP Roasting,16.1,enterprise,,,,[],,,01/13/2022,04/16/2025
5090,nist_800_53,rev5,Access Control,AC-02,Account Management,mitigates,T1559,Inter-Process Communication,16.1,enterprise,,,,[],,,01/13/2022,04/16/2025
5091,nist_800_53,rev5,Access Control,AC-03,Access Enforcement,mitigates,T1559,Inter-Process Communication,16.1,enterprise,,,,[],,,01/13/2022,04/16/2025
5092,nist_800_53,rev5,Access Control,AC-04,Information Flow Enforcement,mitigates,T1559,Inter-Process Communication,16.1,enterprise,,,,[],,,01/13/2022,04/16/2025
5093,nist_800_53,rev5,Access Control,AC-05,Separation of Duties,mitigates,T1559,Inter-Process Communication,16.1,enterprise,,,,[],,,01/13/2022,04/16/2025
5094,nist_800_53,rev5,Access Control,AC-06,Least Privilege,mitigates,T1559,Inter-Process Communication,16.1,enterprise,,,,[],,,01/13/2022,04/16/2025
5095,nist_800_53,rev5,Access Control,AC-02,Account Management,mitigates,T1559.001,Component Object Model,16.1,enterprise,,,,[],,,01/13/2022,04/16/2025
5096,nist_800_53,rev5,Access Control,AC-03,Access Enforcement,mitigates,T1559.001,Component Object Model,16.1,enterprise,,,,[],,,01/13/2022,04/16/2025
5097,nist_800_53,rev5,Access Control,AC-04,Information Flow Enforcement,mitigates,T1559.001,Component Object Model,16.1,enterprise,,,,[],,,01/13/2022,04/16/2025
5098,nist_800_53,rev5,Access Control,AC-05,Separation of Duties,mitigates,T1559.001,Component Object Model,16.1,enterprise,,,,[],,,01/13/2022,04/16/2025
5099,nist_800_53,rev5,Access Control,AC-06,Least Privilege,mitigates,T1559.001,Component Object Model,16.1,enterprise,,,,[],,,01/13/2022,04/16/2025
5100,nist_800_53,rev5,Access Control,AC-04,Information Flow Enforcement,mitigates,T1559.002,Dynamic Data Exchange,16.1,enterprise,,,,[],,,01/13/2022,04/16/2025
5101,nist_800_53,rev5,Access Control,AC-06,Least Privilege,mitigates,T1559.002,Dynamic Data Exchange,16.1,enterprise,,,,[],,,01/13/2022,04/16/2025
5102,nist_800_53,rev5,Access Control,AC-03,Access Enforcement,mitigates,T1561,Disk Wipe,16.1,enterprise,,,,[],,,01/13/2022,04/16/2025
5103,nist_800_53,rev5,Access Control,AC-06,Least Privilege,mitigates,T1561,Disk Wipe,16.1,enterprise,,,,[],,,01/13/2022,04/16/2025
5104,nist_800_53,rev5,Access Control,AC-03,Access Enforcement,mitigates,T1561.001,Disk Content Wipe,16.1,enterprise,,,,[],,,01/13/2022,04/16/2025
5105,nist_800_53,rev5,Access Control,AC-06,Least Privilege,mitigates,T1561.001,Disk Content Wipe,16.1,enterprise,,,,[],,,01/13/2022,04/16/2025
5106,nist_800_53,rev5,Access Control,AC-03,Access Enforcement,mitigates,T1561.002,Disk Structure Wipe,16.1,enterprise,,,,[],,,01/13/2022,04/16/2025
5107,nist_800_53,rev5,Access Control,AC-06,Least Privilege,mitigates,T1561.002,Disk Structure Wipe,16.1,enterprise,,,,[],,,01/13/2022,04/16/2025
5108,nist_800_53,rev5,Access Control,AC-02,Account Management,mitigates,T1562.001,Disable or Modify Tools,16.1,enterprise,,,,[],,,01/13/2022,04/16/2025
5109,nist_800_53,rev5,Access Control,AC-03,Access Enforcement,mitigates,T1562.001,Disable or Modify Tools,16.1,enterprise,,,,[],,,01/13/2022,04/16/2025
5110,nist_800_53,rev5,Access Control,AC-05,Separation of Duties,mitigates,T1562.001,Disable or Modify Tools,16.1,enterprise,,,,[],,,01/13/2022,04/16/2025
5111,nist_800_53,rev5,Access Control,AC-06,Least Privilege,mitigates,T1562.001,Disable or Modify Tools,16.1,enterprise,,,,[],,,01/13/2022,04/16/2025
5112,nist_800_53,rev5,Access Control,AC-02,Account Management,mitigates,T1562.002,Disable Windows Event Logging,16.1,enterprise,,,,[],,,01/13/2022,04/16/2025
5113,nist_800_53,rev5,Access Control,AC-03,Access Enforcement,mitigates,T1562.002,Disable Windows Event Logging,16.1,enterprise,,,,[],,,01/13/2022,04/16/2025
5114,nist_800_53,rev5,Access Control,AC-05,Separation of Duties,mitigates,T1562.002,Disable Windows Event Logging,16.1,enterprise,,,,[],,,01/13/2022,04/16/2025
5115,nist_800_53,rev5,Access Control,AC-06,Least Privilege,mitigates,T1562.002,Disable Windows Event Logging,16.1,enterprise,,,,[],,,01/13/2022,04/16/2025
5116,nist_800_53,rev5,Access Control,AC-03,Access Enforcement,mitigates,T1562.008,Disable or Modify Cloud Logs,16.1,enterprise,,,,[],,,01/13/2022,04/16/2025
5117,nist_800_53,rev5,Access Control,AC-05,Separation of Duties,mitigates,T1562.008,Disable or Modify Cloud Logs,16.1,enterprise,,,,[],,,01/13/2022,04/16/2025
5118,nist_800_53,rev5,Access Control,AC-06,Least Privilege,mitigates,T1562.008,Disable or Modify Cloud Logs,16.1,enterprise,,,,[],,,01/13/2022,04/16/2025
5119,nist_800_53,rev5,Access Control,AC-02,Account Management,mitigates,T1562.008,Disable or Modify Cloud Logs,16.1,enterprise,,,,[],,,01/13/2022,04/16/2025
5120,nist_800_53,rev5,Access Control,AC-02,Account Management,mitigates,T1562.009,Safe Mode Boot,16.1,enterprise,,,,[],,,01/13/2022,04/16/2025
5121,nist_800_53,rev5,Access Control,AC-03,Access Enforcement,mitigates,T1562.009,Safe Mode Boot,16.1,enterprise,,,,[],,,01/13/2022,04/16/2025
5122,nist_800_53,rev5,Access Control,AC-05,Separation of Duties,mitigates,T1562.009,Safe Mode Boot,16.1,enterprise,,,,[],,,01/13/2022,04/16/2025
5123,nist_800_53,rev5,Access Control,AC-06,Least Privilege,mitigates,T1562.009,Safe Mode Boot,16.1,enterprise,,,,[],,,01/13/2022,04/16/2025
5124,nist_800_53,rev5,Access Control,AC-06,Least Privilege,mitigates,T1562.012,Disable or Modify Linux Audit System,16.1,enterprise,,,,[],,,01/13/2022,04/16/2025
5125,nist_800_53,rev5,Access Control,AC-03,Access Enforcement,mitigates,T1562.012,Disable or Modify Linux Audit System,16.1,enterprise,,,,[],,,01/13/2022,04/16/2025
5126,nist_800_53,rev5,Access Control,AC-02,Account Management,mitigates,T1562.012,Disable or Modify Linux Audit System,16.1,enterprise,,,,[],,,01/13/2022,04/16/2025
5127,nist_800_53,rev5,Access Control,AC-02,Account Management,mitigates,T1563.001,SSH Hijacking,16.1,enterprise,,,,[],,,01/13/2022,04/16/2025
5128,nist_800_53,rev5,Access Control,AC-03,Access Enforcement,mitigates,T1563.001,SSH Hijacking,16.1,enterprise,,,,[],,,01/13/2022,04/16/2025
5129,nist_800_53,rev5,Access Control,AC-05,Separation of Duties,mitigates,T1563.001,SSH Hijacking,16.1,enterprise,,,,[],,,01/13/2022,04/16/2025
5130,nist_800_53,rev5,Access Control,AC-06,Least Privilege,mitigates,T1563.001,SSH Hijacking,16.1,enterprise,,,,[],,,01/13/2022,04/16/2025
5131,nist_800_53,rev5,Access Control,AC-11,Device Lock,mitigates,T1563.002,RDP Hijacking,16.1,enterprise,,,,[],,,01/13/2022,04/16/2025
5132,nist_800_53,rev5,Access Control,AC-12,Session Termination,mitigates,T1563.002,RDP Hijacking,16.1,enterprise,,,,[],,,01/13/2022,04/16/2025
5133,nist_800_53,rev5,Access Control,AC-02,Account Management,mitigates,T1563.002,RDP Hijacking,16.1,enterprise,,,,[],,,01/13/2022,04/16/2025
5134,nist_800_53,rev5,Access Control,AC-03,Access Enforcement,mitigates,T1563.002,RDP Hijacking,16.1,enterprise,,,,[],,,01/13/2022,04/16/2025
5135,nist_800_53,rev5,Access Control,AC-04,Information Flow Enforcement,mitigates,T1563.002,RDP Hijacking,16.1,enterprise,,,,[],,,01/13/2022,04/16/2025
5136,nist_800_53,rev5,Access Control,AC-05,Separation of Duties,mitigates,T1563.002,RDP Hijacking,16.1,enterprise,,,,[],,,01/13/2022,04/16/2025
5137,nist_800_53,rev5,Access Control,AC-06,Least Privilege,mitigates,T1563.002,RDP Hijacking,16.1,enterprise,,,,[],,,01/13/2022,04/16/2025
5138,nist_800_53,rev5,Access Control,AC-04,Information Flow Enforcement,mitigates,T1564.008,Email Hiding Rules,16.1,enterprise,,,,[],,,01/13/2022,04/16/2025
5139,nist_800_53,rev5,Access Control,AC-03,Access Enforcement,mitigates,T1565.001,Stored Data Manipulation,16.1,enterprise,,,,[],,,01/13/2022,04/16/2025
5140,nist_800_53,rev5,Access Control,AC-03,Access Enforcement,mitigates,T1565.003,Runtime Data Manipulation,16.1,enterprise,,,,[],,,01/13/2022,04/16/2025
5141,nist_800_53,rev5,Access Control,AC-04,Information Flow Enforcement,mitigates,T1565.003,Runtime Data Manipulation,16.1,enterprise,,,,[],,,01/13/2022,04/16/2025
5142,nist_800_53,rev5,Access Control,AC-02,Account Management,mitigates,T1567,Exfiltration Over Web Service,16.1,enterprise,,,,[],,,01/13/2022,04/16/2025
5143,nist_800_53,rev5,Access Control,AC-03,Access Enforcement,mitigates,T1567,Exfiltration Over Web Service,16.1,enterprise,,,,[],,,01/13/2022,04/16/2025
5144,nist_800_53,rev5,Access Control,AC-04,Information Flow Enforcement,mitigates,T1567,Exfiltration Over Web Service,16.1,enterprise,,,,[],,,01/13/2022,04/16/2025
5145,nist_800_53,rev5,Access Control,AC-06,Least Privilege,mitigates,T1567,Exfiltration Over Web Service,16.1,enterprise,,,,[],,,01/13/2022,04/16/2025
5146,nist_800_53,rev5,Access Control,AC-04,Information Flow Enforcement,mitigates,T1567.001,Exfiltration to Code Repository,16.1,enterprise,,,,[],,,01/13/2022,04/16/2025
5147,nist_800_53,rev5,Access Control,AC-04,Information Flow Enforcement,mitigates,T1567.002,Exfiltration to Cloud Storage,16.1,enterprise,,,,[],,,01/13/2022,04/16/2025
5148,nist_800_53,rev5,Access Control,AC-04,Information Flow Enforcement,mitigates,T1567.003,Exfiltration to Text Storage Sites,16.1,enterprise,,,,[],,,01/13/2022,04/16/2025
5149,nist_800_53,rev5,Access Control,AC-04,Information Flow Enforcement,mitigates,T1567.004,Exfiltration Over Webhook,16.1,enterprise,,,,[],,,01/13/2022,04/16/2025
5150,nist_800_53,rev5,Access Control,AC-04,Information Flow Enforcement,mitigates,T1568,Dynamic Resolution,16.1,enterprise,,,,[],,,01/13/2022,04/16/2025
5151,nist_800_53,rev5,Access Control,AC-04,Information Flow Enforcement,mitigates,T1568.002,Domain Generation Algorithms,16.1,enterprise,,,,[],,,01/13/2022,04/16/2025
5152,nist_800_53,rev5,Access Control,AC-02,Account Management,mitigates,T1569,System Services,16.1,enterprise,,,,[],,,01/13/2022,04/16/2025
5153,nist_800_53,rev5,Access Control,AC-03,Access Enforcement,mitigates,T1569,System Services,16.1,enterprise,,,,[],,,01/13/2022,04/16/2025
5154,nist_800_53,rev5,Access Control,AC-05,Separation of Duties,mitigates,T1569,System Services,16.1,enterprise,,,,[],,,01/13/2022,04/16/2025
5155,nist_800_53,rev5,Access Control,AC-06,Least Privilege,mitigates,T1569,System Services,16.1,enterprise,,,,[],,,01/13/2022,04/16/2025
5156,nist_800_53,rev5,Access Control,AC-02,Account Management,mitigates,T1569.001,Launchctl,16.1,enterprise,,,,[],,,01/13/2022,04/16/2025
5157,nist_800_53,rev5,Access Control,AC-03,Access Enforcement,mitigates,T1569.001,Launchctl,16.1,enterprise,,,,[],,,01/13/2022,04/16/2025
5158,nist_800_53,rev5,Access Control,AC-05,Separation of Duties,mitigates,T1569.001,Launchctl,16.1,enterprise,,,,[],,,01/13/2022,04/16/2025
5159,nist_800_53,rev5,Access Control,AC-06,Least Privilege,mitigates,T1569.001,Launchctl,16.1,enterprise,,,,[],,,01/13/2022,04/16/2025
5160,nist_800_53,rev5,Access Control,AC-02,Account Management,mitigates,T1569.002,Service Execution,16.1,enterprise,,,,[],,,01/13/2022,04/16/2025
5161,nist_800_53,rev5,Access Control,AC-03,Access Enforcement,mitigates,T1569.002,Service Execution,16.1,enterprise,,,,[],,,01/13/2022,04/16/2025
5162,nist_800_53,rev5,Access Control,AC-05,Separation of Duties,mitigates,T1569.002,Service Execution,16.1,enterprise,,,,[],,,01/13/2022,04/16/2025
5163,nist_800_53,rev5,Access Control,AC-06,Least Privilege,mitigates,T1569.002,Service Execution,16.1,enterprise,,,,[],,,01/13/2022,04/16/2025
5164,nist_800_53,rev5,Access Control,AC-03,Access Enforcement,mitigates,T1570,Lateral Tool Transfer,16.1,enterprise,,,,[],,,01/13/2022,04/16/2025
5165,nist_800_53,rev5,Access Control,AC-04,Information Flow Enforcement,mitigates,T1570,Lateral Tool Transfer,16.1,enterprise,,,,[],,,01/13/2022,04/16/2025
5166,nist_800_53,rev5,Access Control,AC-04,Information Flow Enforcement,mitigates,T1571,Non-Standard Port,16.1,enterprise,,,,[],,,01/13/2022,04/16/2025
5167,nist_800_53,rev5,Access Control,AC-04,Information Flow Enforcement,mitigates,T1573.001,Symmetric Cryptography,16.1,enterprise,,,,[],,,01/13/2022,04/16/2025
5168,nist_800_53,rev5,Access Control,AC-04,Information Flow Enforcement,mitigates,T1573.002,Asymmetric Cryptography,16.1,enterprise,,,,[],,,01/13/2022,04/16/2025
5169,nist_800_53,rev5,Access Control,AC-02,Account Management,mitigates,T1574,Hijack Execution Flow,16.1,enterprise,,,,[],,,01/13/2022,04/16/2025
5170,nist_800_53,rev5,Access Control,AC-03,Access Enforcement,mitigates,T1574,Hijack Execution Flow,16.1,enterprise,,,,[],,,01/13/2022,04/16/2025
5171,nist_800_53,rev5,Access Control,AC-04,Information Flow Enforcement,mitigates,T1574,Hijack Execution Flow,16.1,enterprise,,,,[],,,01/13/2022,04/16/2025
5172,nist_800_53,rev5,Access Control,AC-05,Separation of Duties,mitigates,T1574,Hijack Execution Flow,16.1,enterprise,,,,[],,,01/13/2022,04/16/2025
5173,nist_800_53,rev5,Access Control,AC-06,Least Privilege,mitigates,T1574,Hijack Execution Flow,16.1,enterprise,,,,[],,,01/13/2022,04/16/2025
5174,nist_800_53,rev5,Access Control,AC-02,Account Management,mitigates,T1574.004,Dylib Hijacking,16.1,enterprise,,,,[],,,01/13/2022,04/16/2025
5175,nist_800_53,rev5,Access Control,AC-03,Access Enforcement,mitigates,T1574.004,Dylib Hijacking,16.1,enterprise,,,,[],,,01/13/2022,04/16/2025
5176,nist_800_53,rev5,Access Control,AC-04,Information Flow Enforcement,mitigates,T1574.004,Dylib Hijacking,16.1,enterprise,,,,[],,,01/13/2022,04/16/2025
5177,nist_800_53,rev5,Access Control,AC-05,Separation of Duties,mitigates,T1574.004,Dylib Hijacking,16.1,enterprise,,,,[],,,01/13/2022,04/16/2025
5178,nist_800_53,rev5,Access Control,AC-06,Least Privilege,mitigates,T1574.004,Dylib Hijacking,16.1,enterprise,,,,[],,,01/13/2022,04/16/2025
5179,nist_800_53,rev5,Access Control,AC-02,Account Management,mitigates,T1574.005,Executable Installer File Permissions Weakness,16.1,enterprise,,,,[],,,01/13/2022,04/16/2025
5180,nist_800_53,rev5,Access Control,AC-03,Access Enforcement,mitigates,T1574.005,Executable Installer File Permissions Weakness,16.1,enterprise,,,,[],,,01/13/2022,04/16/2025
5181,nist_800_53,rev5,Access Control,AC-04,Information Flow Enforcement,mitigates,T1574.005,Executable Installer File Permissions Weakness,16.1,enterprise,,,,[],,,01/13/2022,04/16/2025
5182,nist_800_53,rev5,Access Control,AC-05,Separation of Duties,mitigates,T1574.005,Executable Installer File Permissions Weakness,16.1,enterprise,,,,[],,,01/13/2022,04/16/2025
5183,nist_800_53,rev5,Access Control,AC-06,Least Privilege,mitigates,T1574.005,Executable Installer File Permissions Weakness,16.1,enterprise,,,,[],,,01/13/2022,04/16/2025
5184,nist_800_53,rev5,Access Control,AC-02,Account Management,mitigates,T1574.007,Path Interception by PATH Environment Variable,16.1,enterprise,,,,[],,,01/13/2022,04/16/2025
5185,nist_800_53,rev5,Access Control,AC-03,Access Enforcement,mitigates,T1574.007,Path Interception by PATH Environment Variable,16.1,enterprise,,,,[],,,01/13/2022,04/16/2025
5186,nist_800_53,rev5,Access Control,AC-04,Information Flow Enforcement,mitigates,T1574.007,Path Interception by PATH Environment Variable,16.1,enterprise,,,,[],,,01/13/2022,04/16/2025
5187,nist_800_53,rev5,Access Control,AC-05,Separation of Duties,mitigates,T1574.007,Path Interception by PATH Environment Variable,16.1,enterprise,,,,[],,,01/13/2022,04/16/2025
5188,nist_800_53,rev5,Access Control,AC-06,Least Privilege,mitigates,T1574.007,Path Interception by PATH Environment Variable,16.1,enterprise,,,,[],,,01/13/2022,04/16/2025
5189,nist_800_53,rev5,Access Control,AC-02,Account Management,mitigates,T1574.008,Path Interception by Search Order Hijacking,16.1,enterprise,,,,[],,,01/13/2022,04/16/2025
5190,nist_800_53,rev5,Access Control,AC-03,Access Enforcement,mitigates,T1574.008,Path Interception by Search Order Hijacking,16.1,enterprise,,,,[],,,01/13/2022,04/16/2025
5191,nist_800_53,rev5,Access Control,AC-04,Information Flow Enforcement,mitigates,T1574.008,Path Interception by Search Order Hijacking,16.1,enterprise,,,,[],,,01/13/2022,04/16/2025
5192,nist_800_53,rev5,Access Control,AC-05,Separation of Duties,mitigates,T1574.008,Path Interception by Search Order Hijacking,16.1,enterprise,,,,[],,,01/13/2022,04/16/2025
5193,nist_800_53,rev5,Access Control,AC-06,Least Privilege,mitigates,T1574.008,Path Interception by Search Order Hijacking,16.1,enterprise,,,,[],,,01/13/2022,04/16/2025
5194,nist_800_53,rev5,Access Control,AC-02,Account Management,mitigates,T1574.009,Path Interception by Unquoted Path,16.1,enterprise,,,,[],,,01/13/2022,04/16/2025
5195,nist_800_53,rev5,Access Control,AC-03,Access Enforcement,mitigates,T1574.009,Path Interception by Unquoted Path,16.1,enterprise,,,,[],,,01/13/2022,04/16/2025
5196,nist_800_53,rev5,Access Control,AC-04,Information Flow Enforcement,mitigates,T1574.009,Path Interception by Unquoted Path,16.1,enterprise,,,,[],,,01/13/2022,04/16/2025
5197,nist_800_53,rev5,Access Control,AC-05,Separation of Duties,mitigates,T1574.009,Path Interception by Unquoted Path,16.1,enterprise,,,,[],,,01/13/2022,04/16/2025
5198,nist_800_53,rev5,Access Control,AC-06,Least Privilege,mitigates,T1574.009,Path Interception by Unquoted Path,16.1,enterprise,,,,[],,,01/13/2022,04/16/2025
5199,nist_800_53,rev5,Access Control,AC-02,Account Management,mitigates,T1574.010,Services File Permissions Weakness,16.1,enterprise,,,,[],,,01/13/2022,04/16/2025
5200,nist_800_53,rev5,Access Control,AC-03,Access Enforcement,mitigates,T1574.010,Services File Permissions Weakness,16.1,enterprise,,,,[],,,01/13/2022,04/16/2025
5201,nist_800_53,rev5,Access Control,AC-04,Information Flow Enforcement,mitigates,T1574.010,Services File Permissions Weakness,16.1,enterprise,,,,[],,,01/13/2022,04/16/2025
5202,nist_800_53,rev5,Access Control,AC-05,Separation of Duties,mitigates,T1574.010,Services File Permissions Weakness,16.1,enterprise,,,,[],,,01/13/2022,04/16/2025
5203,nist_800_53,rev5,Access Control,AC-06,Least Privilege,mitigates,T1574.010,Services File Permissions Weakness,16.1,enterprise,,,,[],,,01/13/2022,04/16/2025
5204,nist_800_53,rev5,Access Control,AC-06,Least Privilege,mitigates,T1574.011,Services Registry Permissions Weakness,16.1,enterprise,,,,[],,,01/13/2022,04/16/2025
5205,nist_800_53,rev5,Access Control,AC-02,Account Management,mitigates,T1574.012,COR_PROFILER,16.1,enterprise,,,,[],,,01/13/2022,04/16/2025
5206,nist_800_53,rev5,Access Control,AC-03,Access Enforcement,mitigates,T1574.012,COR_PROFILER,16.1,enterprise,,,,[],,,01/13/2022,04/16/2025
5207,nist_800_53,rev5,Access Control,AC-05,Separation of Duties,mitigates,T1574.012,COR_PROFILER,16.1,enterprise,,,,[],,,01/13/2022,04/16/2025
5208,nist_800_53,rev5,Access Control,AC-06,Least Privilege,mitigates,T1574.012,COR_PROFILER,16.1,enterprise,,,,[],,,01/13/2022,04/16/2025
5209,nist_800_53,rev5,Access Control,AC-02,Account Management,mitigates,T1578,Modify Cloud Compute Infrastructure,16.1,enterprise,,,,[],,,01/13/2022,04/16/2025
5210,nist_800_53,rev5,Access Control,AC-03,Access Enforcement,mitigates,T1578,Modify Cloud Compute Infrastructure,16.1,enterprise,,,,[],,,01/13/2022,04/16/2025
5211,nist_800_53,rev5,Access Control,AC-05,Separation of Duties,mitigates,T1578,Modify Cloud Compute Infrastructure,16.1,enterprise,,,,[],,,01/13/2022,04/16/2025
5212,nist_800_53,rev5,Access Control,AC-06,Least Privilege,mitigates,T1578,Modify Cloud Compute Infrastructure,16.1,enterprise,,,,[],,,01/13/2022,04/16/2025
5213,nist_800_53,rev5,Access Control,AC-02,Account Management,mitigates,T1578.001,Create Snapshot,16.1,enterprise,,,,[],,,01/13/2022,04/16/2025
5214,nist_800_53,rev5,Access Control,AC-03,Access Enforcement,mitigates,T1578.001,Create Snapshot,16.1,enterprise,,,,[],,,01/13/2022,04/16/2025
5215,nist_800_53,rev5,Access Control,AC-05,Separation of Duties,mitigates,T1578.001,Create Snapshot,16.1,enterprise,,,,[],,,01/13/2022,04/16/2025
5216,nist_800_53,rev5,Access Control,AC-06,Least Privilege,mitigates,T1578.001,Create Snapshot,16.1,enterprise,,,,[],,,01/13/2022,04/16/2025
5217,nist_800_53,rev5,Access Control,AC-02,Account Management,mitigates,T1578.002,Create Cloud Instance,16.1,enterprise,,,,[],,,01/13/2022,04/16/2025
5218,nist_800_53,rev5,Access Control,AC-03,Access Enforcement,mitigates,T1578.002,Create Cloud Instance,16.1,enterprise,,,,[],,,01/13/2022,04/16/2025
5219,nist_800_53,rev5,Access Control,AC-05,Separation of Duties,mitigates,T1578.002,Create Cloud Instance,16.1,enterprise,,,,[],,,01/13/2022,04/16/2025
5220,nist_800_53,rev5,Access Control,AC-06,Least Privilege,mitigates,T1578.002,Create Cloud Instance,16.1,enterprise,,,,[],,,01/13/2022,04/16/2025
5221,nist_800_53,rev5,Access Control,AC-02,Account Management,mitigates,T1578.003,Delete Cloud Instance,16.1,enterprise,,,,[],,,01/13/2022,04/16/2025
5222,nist_800_53,rev5,Access Control,AC-03,Access Enforcement,mitigates,T1578.003,Delete Cloud Instance,16.1,enterprise,,,,[],,,01/13/2022,04/16/2025
5223,nist_800_53,rev5,Access Control,AC-05,Separation of Duties,mitigates,T1578.003,Delete Cloud Instance,16.1,enterprise,,,,[],,,01/13/2022,04/16/2025
5224,nist_800_53,rev5,Access Control,AC-06,Least Privilege,mitigates,T1578.003,Delete Cloud Instance,16.1,enterprise,,,,[],,,01/13/2022,04/16/2025
5225,nist_800_53,rev5,Access Control,AC-02,Account Management,mitigates,T1580,Cloud Infrastructure Discovery,16.1,enterprise,,,,[],,,01/13/2022,04/16/2025
5226,nist_800_53,rev5,Access Control,AC-03,Access Enforcement,mitigates,T1580,Cloud Infrastructure Discovery,16.1,enterprise,,,,[],,,01/13/2022,04/16/2025
5227,nist_800_53,rev5,Access Control,AC-05,Separation of Duties,mitigates,T1580,Cloud Infrastructure Discovery,16.1,enterprise,,,,[],,,01/13/2022,04/16/2025
5228,nist_800_53,rev5,Access Control,AC-06,Least Privilege,mitigates,T1580,Cloud Infrastructure Discovery,16.1,enterprise,,,,[],,,01/13/2022,04/16/2025
5229,nist_800_53,rev5,Access Control,AC-04,Information Flow Enforcement,mitigates,T1598,Phishing for Information,16.1,enterprise,,,,[],,,01/13/2022,04/16/2025
5230,nist_800_53,rev5,Access Control,AC-04,Information Flow Enforcement,mitigates,T1598.001,Spearphishing Service,16.1,enterprise,,,,[],,,01/13/2022,04/16/2025
5231,nist_800_53,rev5,Access Control,AC-04,Information Flow Enforcement,mitigates,T1598.002,Spearphishing Attachment,16.1,enterprise,,,,[],,,01/13/2022,04/16/2025
5232,nist_800_53,rev5,Access Control,AC-02,Account Management,mitigates,T1599,Network Boundary Bridging,16.1,enterprise,,,,[],,,01/13/2022,04/16/2025
5233,nist_800_53,rev5,Access Control,AC-03,Access Enforcement,mitigates,T1599,Network Boundary Bridging,16.1,enterprise,,,,[],,,01/13/2022,04/16/2025
5234,nist_800_53,rev5,Access Control,AC-04,Information Flow Enforcement,mitigates,T1599,Network Boundary Bridging,16.1,enterprise,,,,[],,,01/13/2022,04/16/2025
5235,nist_800_53,rev5,Access Control,AC-05,Separation of Duties,mitigates,T1599,Network Boundary Bridging,16.1,enterprise,,,,[],,,01/13/2022,04/16/2025
5236,nist_800_53,rev5,Access Control,AC-06,Least Privilege,mitigates,T1599,Network Boundary Bridging,16.1,enterprise,,,,[],,,01/13/2022,04/16/2025
5237,nist_800_53,rev5,Access Control,AC-02,Account Management,mitigates,T1599.001,Network Address Translation Traversal,16.1,enterprise,,,,[],,,01/13/2022,04/16/2025
5238,nist_800_53,rev5,Access Control,AC-03,Access Enforcement,mitigates,T1599.001,Network Address Translation Traversal,16.1,enterprise,,,,[],,,01/13/2022,04/16/2025
5239,nist_800_53,rev5,Access Control,AC-04,Information Flow Enforcement,mitigates,T1599.001,Network Address Translation Traversal,16.1,enterprise,,,,[],,,01/13/2022,04/16/2025
5240,nist_800_53,rev5,Access Control,AC-05,Separation of Duties,mitigates,T1599.001,Network Address Translation Traversal,16.1,enterprise,,,,[],,,01/13/2022,04/16/2025
5241,nist_800_53,rev5,Access Control,AC-06,Least Privilege,mitigates,T1599.001,Network Address Translation Traversal,16.1,enterprise,,,,[],,,01/13/2022,04/16/2025
5242,nist_800_53,rev5,Access Control,AC-02,Account Management,mitigates,T1601,Modify System Image,16.1,enterprise,,,,[],,,01/13/2022,04/16/2025
5243,nist_800_53,rev5,Access Control,AC-03,Access Enforcement,mitigates,T1601,Modify System Image,16.1,enterprise,,,,[],,,01/13/2022,04/16/2025
5244,nist_800_53,rev5,Access Control,AC-04,Information Flow Enforcement,mitigates,T1601,Modify System Image,16.1,enterprise,,,,[],,,01/13/2022,04/16/2025
5245,nist_800_53,rev5,Access Control,AC-05,Separation of Duties,mitigates,T1601,Modify System Image,16.1,enterprise,,,,[],,,01/13/2022,04/16/2025
5246,nist_800_53,rev5,Access Control,AC-06,Least Privilege,mitigates,T1601,Modify System Image,16.1,enterprise,,,,[],,,01/13/2022,04/16/2025
5247,nist_800_53,rev5,Access Control,AC-02,Account Management,mitigates,T1601.001,Patch System Image,16.1,enterprise,,,,[],,,01/13/2022,04/16/2025
5248,nist_800_53,rev5,Access Control,AC-03,Access Enforcement,mitigates,T1601.001,Patch System Image,16.1,enterprise,,,,[],,,01/13/2022,04/16/2025
5249,nist_800_53,rev5,Access Control,AC-04,Information Flow Enforcement,mitigates,T1601.001,Patch System Image,16.1,enterprise,,,,[],,,01/13/2022,04/16/2025
5250,nist_800_53,rev5,Access Control,AC-05,Separation of Duties,mitigates,T1601.001,Patch System Image,16.1,enterprise,,,,[],,,01/13/2022,04/16/2025
5251,nist_800_53,rev5,Access Control,AC-06,Least Privilege,mitigates,T1601.001,Patch System Image,16.1,enterprise,,,,[],,,01/13/2022,04/16/2025
5252,nist_800_53,rev5,Access Control,AC-02,Account Management,mitigates,T1601.002,Downgrade System Image,16.1,enterprise,,,,[],,,01/13/2022,04/16/2025
5253,nist_800_53,rev5,Access Control,AC-03,Access Enforcement,mitigates,T1601.002,Downgrade System Image,16.1,enterprise,,,,[],,,01/13/2022,04/16/2025
5254,nist_800_53,rev5,Access Control,AC-04,Information Flow Enforcement,mitigates,T1601.002,Downgrade System Image,16.1,enterprise,,,,[],,,01/13/2022,04/16/2025
5255,nist_800_53,rev5,Access Control,AC-05,Separation of Duties,mitigates,T1601.002,Downgrade System Image,16.1,enterprise,,,,[],,,01/13/2022,04/16/2025
5256,nist_800_53,rev5,Access Control,AC-06,Least Privilege,mitigates,T1601.002,Downgrade System Image,16.1,enterprise,,,,[],,,01/13/2022,04/16/2025
5257,nist_800_53,rev5,Access Control,AC-03,Access Enforcement,mitigates,T1602,Data from Configuration Repository,16.1,enterprise,,,,[],,,01/13/2022,04/16/2025
5258,nist_800_53,rev5,Access Control,AC-04,Information Flow Enforcement,mitigates,T1602,Data from Configuration Repository,16.1,enterprise,,,,[],,,01/13/2022,04/16/2025
5259,nist_800_53,rev5,Access Control,AC-03,Access Enforcement,mitigates,T1602.001,SNMP (MIB Dump),16.1,enterprise,,,,[],,,01/13/2022,04/16/2025
5260,nist_800_53,rev5,Access Control,AC-04,Information Flow Enforcement,mitigates,T1602.001,SNMP (MIB Dump),16.1,enterprise,,,,[],,,01/13/2022,04/16/2025
5261,nist_800_53,rev5,Access Control,AC-03,Access Enforcement,mitigates,T1602.002,Network Device Configuration Dump,16.1,enterprise,,,,[],,,01/13/2022,04/16/2025
5262,nist_800_53,rev5,Access Control,AC-04,Information Flow Enforcement,mitigates,T1602.002,Network Device Configuration Dump,16.1,enterprise,,,,[],,,01/13/2022,04/16/2025
5263,nist_800_53,rev5,Access Control,AC-02,Account Management,mitigates,T1606,Forge Web Credentials,16.1,enterprise,,,,[],,,01/13/2022,04/16/2025
5264,nist_800_53,rev5,Access Control,AC-03,Access Enforcement,mitigates,T1606,Forge Web Credentials,16.1,enterprise,,,,[],,,01/13/2022,04/16/2025
5265,nist_800_53,rev5,Access Control,AC-05,Separation of Duties,mitigates,T1606,Forge Web Credentials,16.1,enterprise,,,,[],,,01/13/2022,04/16/2025
5266,nist_800_53,rev5,Access Control,AC-06,Least Privilege,mitigates,T1606,Forge Web Credentials,16.1,enterprise,,,,[],,,01/13/2022,04/16/2025
5267,nist_800_53,rev5,Access Control,AC-02,Account Management,mitigates,T1606.001,Web Cookies,16.1,enterprise,,,,[],,,01/13/2022,04/16/2025
5268,nist_800_53,rev5,Access Control,AC-03,Access Enforcement,mitigates,T1606.001,Web Cookies,16.1,enterprise,,,,[],,,01/13/2022,04/16/2025
5269,nist_800_53,rev5,Access Control,AC-06,Least Privilege,mitigates,T1606.001,Web Cookies,16.1,enterprise,,,,[],,,01/13/2022,04/16/2025
5270,nist_800_53,rev5,Access Control,AC-02,Account Management,mitigates,T1609,Container Administration Command,16.1,enterprise,,,,[],,,01/13/2022,04/16/2025
5271,nist_800_53,rev5,Access Control,AC-03,Access Enforcement,mitigates,T1609,Container Administration Command,16.1,enterprise,,,,[],,,01/13/2022,04/16/2025
5272,nist_800_53,rev5,Access Control,AC-04,Information Flow Enforcement,mitigates,T1609,Container Administration Command,16.1,enterprise,,,,[],,,01/13/2022,04/16/2025
5273,nist_800_53,rev5,Access Control,AC-05,Separation of Duties,mitigates,T1609,Container Administration Command,16.1,enterprise,,,,[],,,01/13/2022,04/16/2025
5274,nist_800_53,rev5,Access Control,AC-06,Least Privilege,mitigates,T1609,Container Administration Command,16.1,enterprise,,,,[],,,01/13/2022,04/16/2025
5275,nist_800_53,rev5,Access Control,AC-02,Account Management,mitigates,T1612,Build Image on Host,16.1,enterprise,,,,[],,,01/13/2022,04/16/2025
5276,nist_800_53,rev5,Access Control,AC-03,Access Enforcement,mitigates,T1612,Build Image on Host,16.1,enterprise,,,,[],,,01/13/2022,04/16/2025
5277,nist_800_53,rev5,Access Control,AC-06,Least Privilege,mitigates,T1612,Build Image on Host,16.1,enterprise,,,,[],,,01/13/2022,04/16/2025
5278,nist_800_53,rev5,Access Control,AC-03,Access Enforcement,mitigates,T1613,Container and Resource Discovery,16.1,enterprise,,,,[],,,01/13/2022,04/16/2025
5279,nist_800_53,rev5,Access Control,AC-06,Least Privilege,mitigates,T1613,Container and Resource Discovery,16.1,enterprise,,,,[],,,01/13/2022,04/16/2025
5280,nist_800_53,rev5,Access Control,AC-03,Access Enforcement,mitigates,T1619,Cloud Storage Object Discovery,16.1,enterprise,,,,[],,,01/13/2022,04/16/2025
5281,nist_800_53,rev5,Access Control,AC-05,Separation of Duties,mitigates,T1619,Cloud Storage Object Discovery,16.1,enterprise,,,,[],,,01/13/2022,04/16/2025
5282,nist_800_53,rev5,Access Control,AC-06,Least Privilege,mitigates,T1619,Cloud Storage Object Discovery,16.1,enterprise,,,,[],,,01/13/2022,04/16/2025
5283,nist_800_53,rev5,Access Control,AC-03,Access Enforcement,mitigates,T1622,Debugger Evasion,16.1,enterprise,,,,[],,,01/13/2022,04/16/2025
5284,nist_800_53,rev5,Access Control,AC-04,Information Flow Enforcement,mitigates,T1622,Debugger Evasion,16.1,enterprise,,,,[],,,01/13/2022,04/16/2025
5285,nist_800_53,rev5,Access Control,AC-03,Access Enforcement,mitigates,T1647,Plist File Modification,16.1,enterprise,,,,[],,,01/13/2022,04/16/2025
5286,nist_800_53,rev5,Access Control,AC-06,Least Privilege,mitigates,T1647,Plist File Modification,16.1,enterprise,,,,[],,,01/13/2022,04/16/2025
5287,nist_800_53,rev5,Access Control,AC-04,Information Flow Enforcement,mitigates,T1659,Content Injection,16.1,enterprise,,,,[],,,01/13/2022,04/16/2025
5288,nist_800_53,rev5,System and Communications Protection,SC-07,Boundary Protection,mitigates,T1001.002,Steganography,16.1,enterprise,,,,[],,,01/13/2022,04/16/2025
5289,nist_800_53,rev5,System and Communications Protection,SC-07,Boundary Protection,mitigates,T1008,Fallback Channels,16.1,enterprise,,,,[],,,01/13/2022,04/16/2025
5290,nist_800_53,rev5,System and Communications Protection,SC-07,Boundary Protection,mitigates,T1021.001,Remote Desktop Protocol,16.1,enterprise,,,,[],,,01/13/2022,04/16/2025
5291,nist_800_53,rev5,System and Communications Protection,SC-07,Boundary Protection,mitigates,T1021.002,SMB/Windows Admin Shares,16.1,enterprise,,,,[],,,01/13/2022,04/16/2025
5292,nist_800_53,rev5,System and Communications Protection,SC-07,Boundary Protection,mitigates,T1021.003,Distributed Component Object Model,16.1,enterprise,,,,[],,,01/13/2022,04/16/2025
5293,nist_800_53,rev5,System and Communications Protection,SC-07,Boundary Protection,mitigates,T1021.005,VNC,16.1,enterprise,,,,[],,,01/13/2022,04/16/2025
5294,nist_800_53,rev5,System and Communications Protection,SC-07,Boundary Protection,mitigates,T1021.006,Windows Remote Management,16.1,enterprise,,,,[],,,01/13/2022,04/16/2025
5295,nist_800_53,rev5,System and Communications Protection,SC-07,Boundary Protection,mitigates,T1029,Scheduled Transfer,16.1,enterprise,,,,[],,,01/13/2022,04/16/2025
5296,nist_800_53,rev5,System and Communications Protection,SC-07,Boundary Protection,mitigates,T1030,Data Transfer Size Limits,16.1,enterprise,,,,[],,,01/13/2022,04/16/2025
5297,nist_800_53,rev5,System and Communications Protection,SC-07,Boundary Protection,mitigates,T1036.008,Masquerade File Type,16.1,enterprise,,,,[],,,01/13/2022,04/16/2025
5298,nist_800_53,rev5,System and Communications Protection,SC-07,Boundary Protection,mitigates,T1041,Exfiltration Over C2 Channel,16.1,enterprise,,,,[],,,01/13/2022,04/16/2025
5299,nist_800_53,rev5,System and Communications Protection,SC-07,Boundary Protection,mitigates,T1046,Network Service Discovery,16.1,enterprise,,,,[],,,01/13/2022,04/16/2025
5300,nist_800_53,rev5,System and Communications Protection,SC-07,Boundary Protection,mitigates,T1048,Exfiltration Over Alternative Protocol,16.1,enterprise,,,,[],,,01/13/2022,04/16/2025
5301,nist_800_53,rev5,System and Communications Protection,SC-07,Boundary Protection,mitigates,T1048.001,Exfiltration Over Symmetric Encrypted Non-C2 Protocol,16.1,enterprise,,,,[],,,01/13/2022,04/16/2025
5302,nist_800_53,rev5,System and Communications Protection,SC-07,Boundary Protection,mitigates,T1048.002,Exfiltration Over Asymmetric Encrypted Non-C2 Protocol,16.1,enterprise,,,,[],,,01/13/2022,04/16/2025
5303,nist_800_53,rev5,System and Communications Protection,SC-07,Boundary Protection,mitigates,T1048.003,Exfiltration Over Unencrypted Non-C2 Protocol,16.1,enterprise,,,,[],,,01/13/2022,04/16/2025
5304,nist_800_53,rev5,System and Communications Protection,SC-07,Boundary Protection,mitigates,T1055,Process Injection,16.1,enterprise,,,,[],,,01/13/2022,04/16/2025
5305,nist_800_53,rev5,System and Communications Protection,SC-07,Boundary Protection,mitigates,T1055.001,Dynamic-link Library Injection,16.1,enterprise,,,,[],,,01/13/2022,04/16/2025
5306,nist_800_53,rev5,System and Communications Protection,SC-07,Boundary Protection,mitigates,T1055.002,Portable Executable Injection,16.1,enterprise,,,,[],,,01/13/2022,04/16/2025
5307,nist_800_53,rev5,System and Communications Protection,SC-07,Boundary Protection,mitigates,T1055.003,Thread Execution Hijacking,16.1,enterprise,,,,[],,,01/13/2022,04/16/2025
5308,nist_800_53,rev5,System and Communications Protection,SC-07,Boundary Protection,mitigates,T1055.004,Asynchronous Procedure Call,16.1,enterprise,,,,[],,,01/13/2022,04/16/2025
5309,nist_800_53,rev5,System and Communications Protection,SC-07,Boundary Protection,mitigates,T1055.005,Thread Local Storage,16.1,enterprise,,,,[],,,01/13/2022,04/16/2025
5310,nist_800_53,rev5,System and Communications Protection,SC-07,Boundary Protection,mitigates,T1055.008,Ptrace System Calls,16.1,enterprise,,,,[],,,01/13/2022,04/16/2025
5311,nist_800_53,rev5,System and Communications Protection,SC-07,Boundary Protection,mitigates,T1055.009,Proc Memory,16.1,enterprise,,,,[],,,01/13/2022,04/16/2025
5312,nist_800_53,rev5,System and Communications Protection,SC-07,Boundary Protection,mitigates,T1055.011,Extra Window Memory Injection,16.1,enterprise,,,,[],,,01/13/2022,04/16/2025
5313,nist_800_53,rev5,System and Communications Protection,SC-07,Boundary Protection,mitigates,T1055.012,Process Hollowing,16.1,enterprise,,,,[],,,01/13/2022,04/16/2025
5314,nist_800_53,rev5,System and Communications Protection,SC-07,Boundary Protection,mitigates,T1055.013,Process Doppelgänging,16.1,enterprise,,,,[],,,01/13/2022,04/16/2025
5315,nist_800_53,rev5,System and Communications Protection,SC-07,Boundary Protection,mitigates,T1055.014,VDSO Hijacking,16.1,enterprise,,,,[],,,01/13/2022,04/16/2025
5316,nist_800_53,rev5,System and Communications Protection,SC-07,Boundary Protection,mitigates,T1068,Exploitation for Privilege Escalation,16.1,enterprise,,,,[],,,01/13/2022,04/16/2025
5317,nist_800_53,rev5,System and Communications Protection,SC-07,Boundary Protection,mitigates,T1071.001,Web Protocols,16.1,enterprise,,,,[],,,01/13/2022,04/16/2025
5318,nist_800_53,rev5,System and Communications Protection,SC-07,Boundary Protection,mitigates,T1071.004,DNS,16.1,enterprise,,,,[],,,01/13/2022,04/16/2025
5319,nist_800_53,rev5,System and Communications Protection,SC-07,Boundary Protection,mitigates,T1080,Taint Shared Content,16.1,enterprise,,,,[],,,01/13/2022,04/16/2025
5320,nist_800_53,rev5,System and Communications Protection,SC-07,Boundary Protection,mitigates,T1090,Proxy,16.1,enterprise,,,,[],,,01/13/2022,04/16/2025
5321,nist_800_53,rev5,System and Communications Protection,SC-07,Boundary Protection,mitigates,T1090.001,Internal Proxy,16.1,enterprise,,,,[],,,01/13/2022,04/16/2025
5322,nist_800_53,rev5,System and Communications Protection,SC-07,Boundary Protection,mitigates,T1090.002,External Proxy,16.1,enterprise,,,,[],,,01/13/2022,04/16/2025
5323,nist_800_53,rev5,System and Communications Protection,SC-07,Boundary Protection,mitigates,T1095,Non-Application Layer Protocol,16.1,enterprise,,,,[],,,01/13/2022,04/16/2025
5324,nist_800_53,rev5,System and Communications Protection,SC-07,Boundary Protection,mitigates,T1102.001,Dead Drop Resolver,16.1,enterprise,,,,[],,,01/13/2022,04/16/2025
5325,nist_800_53,rev5,System and Communications Protection,SC-07,Boundary Protection,mitigates,T1102.002,Bidirectional Communication,16.1,enterprise,,,,[],,,01/13/2022,04/16/2025
5326,nist_800_53,rev5,System and Communications Protection,SC-07,Boundary Protection,mitigates,T1102.003,One-Way Communication,16.1,enterprise,,,,[],,,01/13/2022,04/16/2025
5327,nist_800_53,rev5,System and Communications Protection,SC-07,Boundary Protection,mitigates,T1104,Multi-Stage Channels,16.1,enterprise,,,,[],,,01/13/2022,04/16/2025
5328,nist_800_53,rev5,System and Communications Protection,SC-07,Boundary Protection,mitigates,T1132,Data Encoding,16.1,enterprise,,,,[],,,01/13/2022,04/16/2025
5329,nist_800_53,rev5,System and Communications Protection,SC-07,Boundary Protection,mitigates,T1132.001,Standard Encoding,16.1,enterprise,,,,[],,,01/13/2022,04/16/2025
5330,nist_800_53,rev5,System and Communications Protection,SC-07,Boundary Protection,mitigates,T1132.002,Non-Standard Encoding,16.1,enterprise,,,,[],,,01/13/2022,04/16/2025
5331,nist_800_53,rev5,System and Communications Protection,SC-07,Boundary Protection,mitigates,T1133,External Remote Services,16.1,enterprise,,,,[],,,01/13/2022,04/16/2025
5332,nist_800_53,rev5,System and Communications Protection,SC-07,Boundary Protection,mitigates,T1187,Forced Authentication,16.1,enterprise,,,,[],,,01/13/2022,04/16/2025
5333,nist_800_53,rev5,System and Communications Protection,SC-07,Boundary Protection,mitigates,T1189,Drive-by Compromise,16.1,enterprise,,,,[],,,01/13/2022,04/16/2025
5334,nist_800_53,rev5,System and Communications Protection,SC-07,Boundary Protection,mitigates,T1197,BITS Jobs,16.1,enterprise,,,,[],,,01/13/2022,04/16/2025
5335,nist_800_53,rev5,System and Communications Protection,SC-07,Boundary Protection,mitigates,T1199,Trusted Relationship,16.1,enterprise,,,,[],,,01/13/2022,04/16/2025
5336,nist_800_53,rev5,System and Communications Protection,SC-07,Boundary Protection,mitigates,T1204.001,Malicious Link,16.1,enterprise,,,,[],,,01/13/2022,04/16/2025
5337,nist_800_53,rev5,System and Communications Protection,SC-07,Boundary Protection,mitigates,T1204.003,Malicious Image,16.1,enterprise,,,,[],,,01/13/2022,04/16/2025
5338,nist_800_53,rev5,System and Communications Protection,SC-07,Boundary Protection,mitigates,T1205,Traffic Signaling,16.1,enterprise,,,,[],,,01/13/2022,04/16/2025
5339,nist_800_53,rev5,System and Communications Protection,SC-07,Boundary Protection,mitigates,T1205.001,Port Knocking,16.1,enterprise,,,,[],,,01/13/2022,04/16/2025
5340,nist_800_53,rev5,System and Communications Protection,SC-07,Boundary Protection,mitigates,T1210,Exploitation of Remote Services,16.1,enterprise,,,,[],,,01/13/2022,04/16/2025
5341,nist_800_53,rev5,System and Communications Protection,SC-07,Boundary Protection,mitigates,T1211,Exploitation for Defense Evasion,16.1,enterprise,,,,[],,,01/13/2022,04/16/2025
5342,nist_800_53,rev5,System and Communications Protection,SC-07,Boundary Protection,mitigates,T1212,Exploitation for Credential Access,16.1,enterprise,,,,[],,,01/13/2022,04/16/2025
5343,nist_800_53,rev5,System and Communications Protection,SC-07,Boundary Protection,mitigates,T1218.012,Verclsid,16.1,enterprise,,,,[],,,01/13/2022,04/16/2025
5344,nist_800_53,rev5,System and Communications Protection,SC-07,Boundary Protection,mitigates,T1221,Template Injection,16.1,enterprise,,,,[],,,01/13/2022,04/16/2025
5345,nist_800_53,rev5,System and Communications Protection,SC-07,Boundary Protection,mitigates,T1482,Domain Trust Discovery,16.1,enterprise,,,,[],,,01/13/2022,04/16/2025
5346,nist_800_53,rev5,System and Communications Protection,SC-07,Boundary Protection,mitigates,T1498,Network Denial of Service,16.1,enterprise,,,,[],,,01/13/2022,04/16/2025
5347,nist_800_53,rev5,System and Communications Protection,SC-07,Boundary Protection,mitigates,T1498.001,Direct Network Flood,16.1,enterprise,,,,[],,,01/13/2022,04/16/2025
5348,nist_800_53,rev5,System and Communications Protection,SC-07,Boundary Protection,mitigates,T1498.002,Reflection Amplification,16.1,enterprise,,,,[],,,01/13/2022,04/16/2025
5349,nist_800_53,rev5,System and Communications Protection,SC-07,Boundary Protection,mitigates,T1499,Endpoint Denial of Service,16.1,enterprise,,,,[],,,01/13/2022,04/16/2025
5350,nist_800_53,rev5,System and Communications Protection,SC-07,Boundary Protection,mitigates,T1499.001,OS Exhaustion Flood,16.1,enterprise,,,,[],,,01/13/2022,04/16/2025
5351,nist_800_53,rev5,System and Communications Protection,SC-07,Boundary Protection,mitigates,T1499.002,Service Exhaustion Flood,16.1,enterprise,,,,[],,,01/13/2022,04/16/2025
5352,nist_800_53,rev5,System and Communications Protection,SC-07,Boundary Protection,mitigates,T1499.003,Application Exhaustion Flood,16.1,enterprise,,,,[],,,01/13/2022,04/16/2025
5353,nist_800_53,rev5,System and Communications Protection,SC-07,Boundary Protection,mitigates,T1499.004,Application or System Exploitation,16.1,enterprise,,,,[],,,01/13/2022,04/16/2025
5354,nist_800_53,rev5,System and Communications Protection,SC-07,Boundary Protection,mitigates,T1505.004,IIS Components,16.1,enterprise,,,,[],,,01/13/2022,04/16/2025
5355,nist_800_53,rev5,System and Communications Protection,SC-07,Boundary Protection,mitigates,T1542.004,ROMMONkit,16.1,enterprise,,,,[],,,01/13/2022,04/16/2025
5356,nist_800_53,rev5,System and Communications Protection,SC-07,Boundary Protection,mitigates,T1542.005,TFTP Boot,16.1,enterprise,,,,[],,,01/13/2022,04/16/2025
5357,nist_800_53,rev5,System and Communications Protection,SC-07,Boundary Protection,mitigates,T1552.005,Cloud Instance Metadata API,16.1,enterprise,,,,[],,,01/13/2022,04/16/2025
5358,nist_800_53,rev5,System and Communications Protection,SC-07,Boundary Protection,mitigates,T1552.007,Container API,16.1,enterprise,,,,[],,,01/13/2022,04/16/2025
5359,nist_800_53,rev5,System and Communications Protection,SC-07,Boundary Protection,mitigates,T1557.001,LLMNR/NBT-NS Poisoning and SMB Relay,16.1,enterprise,,,,[],,,01/13/2022,04/16/2025
5360,nist_800_53,rev5,System and Communications Protection,SC-07,Boundary Protection,mitigates,T1557.002,ARP Cache Poisoning,16.1,enterprise,,,,[],,,01/13/2022,04/16/2025
5361,nist_800_53,rev5,System and Communications Protection,SC-07,Boundary Protection,mitigates,T1557.003,DHCP Spoofing,16.1,enterprise,,,,[],,,01/13/2022,04/16/2025
5362,nist_800_53,rev5,System and Communications Protection,SC-07,Boundary Protection,mitigates,T1559,Inter-Process Communication,16.1,enterprise,,,,[],,,01/13/2022,04/16/2025
5363,nist_800_53,rev5,System and Communications Protection,SC-07,Boundary Protection,mitigates,T1559.001,Component Object Model,16.1,enterprise,,,,[],,,01/13/2022,04/16/2025
5364,nist_800_53,rev5,System and Communications Protection,SC-07,Boundary Protection,mitigates,T1559.002,Dynamic Data Exchange,16.1,enterprise,,,,[],,,01/13/2022,04/16/2025
5365,nist_800_53,rev5,System and Communications Protection,SC-07,Boundary Protection,mitigates,T1560.001,Archive via Utility,16.1,enterprise,,,,[],,,01/13/2022,04/16/2025
5366,nist_800_53,rev5,System and Communications Protection,SC-07,Boundary Protection,mitigates,T1563.002,RDP Hijacking,16.1,enterprise,,,,[],,,01/13/2022,04/16/2025
5367,nist_800_53,rev5,System and Communications Protection,SC-07,Boundary Protection,mitigates,T1565.001,Stored Data Manipulation,16.1,enterprise,,,,[],,,01/13/2022,04/16/2025
5368,nist_800_53,rev5,System and Communications Protection,SC-07,Boundary Protection,mitigates,T1565.003,Runtime Data Manipulation,16.1,enterprise,,,,[],,,01/13/2022,04/16/2025
5369,nist_800_53,rev5,System and Communications Protection,SC-07,Boundary Protection,mitigates,T1567,Exfiltration Over Web Service,16.1,enterprise,,,,[],,,01/13/2022,04/16/2025
5370,nist_800_53,rev5,System and Communications Protection,SC-07,Boundary Protection,mitigates,T1567.001,Exfiltration to Code Repository,16.1,enterprise,,,,[],,,01/13/2022,04/16/2025
5371,nist_800_53,rev5,System and Communications Protection,SC-07,Boundary Protection,mitigates,T1567.002,Exfiltration to Cloud Storage,16.1,enterprise,,,,[],,,01/13/2022,04/16/2025
5372,nist_800_53,rev5,System and Communications Protection,SC-07,Boundary Protection,mitigates,T1567.003,Exfiltration to Text Storage Sites,16.1,enterprise,,,,[],,,01/13/2022,04/16/2025
5373,nist_800_53,rev5,System and Communications Protection,SC-07,Boundary Protection,mitigates,T1567.004,Exfiltration Over Webhook,16.1,enterprise,,,,[],,,01/13/2022,04/16/2025
5374,nist_800_53,rev5,System and Communications Protection,SC-07,Boundary Protection,mitigates,T1568,Dynamic Resolution,16.1,enterprise,,,,[],,,01/13/2022,04/16/2025
5375,nist_800_53,rev5,System and Communications Protection,SC-07,Boundary Protection,mitigates,T1568.002,Domain Generation Algorithms,16.1,enterprise,,,,[],,,01/13/2022,04/16/2025
5376,nist_800_53,rev5,System and Communications Protection,SC-07,Boundary Protection,mitigates,T1570,Lateral Tool Transfer,16.1,enterprise,,,,[],,,01/13/2022,04/16/2025
5377,nist_800_53,rev5,System and Communications Protection,SC-07,Boundary Protection,mitigates,T1571,Non-Standard Port,16.1,enterprise,,,,[],,,01/13/2022,04/16/2025
5378,nist_800_53,rev5,System and Communications Protection,SC-07,Boundary Protection,mitigates,T1573.001,Symmetric Cryptography,16.1,enterprise,,,,[],,,01/13/2022,04/16/2025
5379,nist_800_53,rev5,System and Communications Protection,SC-07,Boundary Protection,mitigates,T1573.002,Asymmetric Cryptography,16.1,enterprise,,,,[],,,01/13/2022,04/16/2025
5380,nist_800_53,rev5,System and Communications Protection,SC-07,Boundary Protection,mitigates,T1598,Phishing for Information,16.1,enterprise,,,,[],,,01/13/2022,04/16/2025
5381,nist_800_53,rev5,System and Communications Protection,SC-07,Boundary Protection,mitigates,T1598.001,Spearphishing Service,16.1,enterprise,,,,[],,,01/13/2022,04/16/2025
5382,nist_800_53,rev5,System and Communications Protection,SC-07,Boundary Protection,mitigates,T1598.002,Spearphishing Attachment,16.1,enterprise,,,,[],,,01/13/2022,04/16/2025
5383,nist_800_53,rev5,System and Communications Protection,SC-07,Boundary Protection,mitigates,T1599,Network Boundary Bridging,16.1,enterprise,,,,[],,,01/13/2022,04/16/2025
5384,nist_800_53,rev5,System and Communications Protection,SC-07,Boundary Protection,mitigates,T1599.001,Network Address Translation Traversal,16.1,enterprise,,,,[],,,01/13/2022,04/16/2025
5385,nist_800_53,rev5,System and Communications Protection,SC-07,Boundary Protection,mitigates,T1602,Data from Configuration Repository,16.1,enterprise,,,,[],,,01/13/2022,04/16/2025
5386,nist_800_53,rev5,System and Communications Protection,SC-07,Boundary Protection,mitigates,T1602.001,SNMP (MIB Dump),16.1,enterprise,,,,[],,,01/13/2022,04/16/2025
5387,nist_800_53,rev5,System and Communications Protection,SC-07,Boundary Protection,mitigates,T1602.002,Network Device Configuration Dump,16.1,enterprise,,,,[],,,01/13/2022,04/16/2025
5388,nist_800_53,rev5,System and Communications Protection,SC-07,Boundary Protection,mitigates,T1609,Container Administration Command,16.1,enterprise,,,,[],,,01/13/2022,04/16/2025
5389,nist_800_53,rev5,System and Communications Protection,SC-07,Boundary Protection,mitigates,T1612,Build Image on Host,16.1,enterprise,,,,[],,,01/13/2022,04/16/2025
5390,nist_800_53,rev5,System and Communications Protection,SC-07,Boundary Protection,mitigates,T1613,Container and Resource Discovery,16.1,enterprise,,,,[],,,01/13/2022,04/16/2025
5391,nist_800_53,rev5,System and Communications Protection,SC-07,Boundary Protection,mitigates,T1622,Debugger Evasion,16.1,enterprise,,,,[],,,01/13/2022,04/16/2025
5392,nist_800_53,rev5,System and Communications Protection,SC-07,Boundary Protection,mitigates,T1659,Content Injection,16.1,enterprise,,,,[],,,01/13/2022,04/16/2025
5393,nist_800_53,rev5,Configuration Management,CM-03,Configuration Change Control,mitigates,T1195.003,Compromise Hardware Supply Chain,16.1,enterprise,,,,[],,,01/13/2022,04/16/2025
5394,nist_800_53,rev5,Configuration Management,CM-03,Configuration Change Control,mitigates,T1495,Firmware Corruption,16.1,enterprise,,,,[],,,01/13/2022,04/16/2025
5395,nist_800_53,rev5,Configuration Management,CM-03,Configuration Change Control,mitigates,T1542.003,Bootkit,16.1,enterprise,,,,[],,,01/13/2022,04/16/2025
5396,nist_800_53,rev5,Configuration Management,CM-03,Configuration Change Control,mitigates,T1542.004,ROMMONkit,16.1,enterprise,,,,[],,,01/13/2022,04/16/2025
5397,nist_800_53,rev5,Configuration Management,CM-03,Configuration Change Control,mitigates,T1542.005,TFTP Boot,16.1,enterprise,,,,[],,,01/13/2022,04/16/2025
5398,nist_800_53,rev5,Configuration Management,CM-03,Configuration Change Control,mitigates,T1547.007,Re-opened Applications,16.1,enterprise,,,,[],,,01/13/2022,04/16/2025
5399,nist_800_53,rev5,Configuration Management,CM-03,Configuration Change Control,mitigates,T1547.013,XDG Autostart Entries,16.1,enterprise,,,,[],,,01/13/2022,04/16/2025
5400,nist_800_53,rev5,Configuration Management,CM-03,Configuration Change Control,mitigates,T1553.006,Code Signing Policy Modification,16.1,enterprise,,,,[],,,01/13/2022,04/16/2025
5401,nist_800_53,rev5,Configuration Management,CM-03,Configuration Change Control,mitigates,T1556.008,Network Provider DLL,16.1,enterprise,,,,[],,,01/13/2022,04/16/2025
5402,nist_800_53,rev5,Configuration Management,CM-03,Configuration Change Control,mitigates,T1562.008,Disable or Modify Cloud Logs,16.1,enterprise,,,,[],,,01/13/2022,04/16/2025
5403,nist_800_53,rev5,Configuration Management,CM-03,Configuration Change Control,mitigates,T1562.012,Disable or Modify Linux Audit System,16.1,enterprise,,,,[],,,01/13/2022,04/16/2025
5404,nist_800_53,rev5,Configuration Management,CM-03,Configuration Change Control,mitigates,T1564.008,Email Hiding Rules,16.1,enterprise,,,,[],,,01/13/2022,04/16/2025
5405,nist_800_53,rev5,Configuration Management,CM-03,Configuration Change Control,mitigates,T1601,Modify System Image,16.1,enterprise,,,,[],,,01/13/2022,04/16/2025
5406,nist_800_53,rev5,Configuration Management,CM-03,Configuration Change Control,mitigates,T1601.001,Patch System Image,16.1,enterprise,,,,[],,,01/13/2022,04/16/2025
5407,nist_800_53,rev5,Configuration Management,CM-03,Configuration Change Control,mitigates,T1601.002,Downgrade System Image,16.1,enterprise,,,,[],,,01/13/2022,04/16/2025
5408,nist_800_53,rev5,Configuration Management,CM-03,Configuration Change Control,mitigates,T1647,Plist File Modification,16.1,enterprise,,,,[],,,01/13/2022,04/16/2025
5409,nist_800_53,rev5,Configuration Management,CM-03,Configuration Change Control,mitigates,T1653,Power Settings,16.1,enterprise,,,,[],,,01/13/2022,04/16/2025
